ISO-10303-21;
HEADER;
/* Generated by software containing ST-Developer
 * from STEP Tools, Inc. (www.steptools.com) 
 */
/* OPTION: using custom renumber hook */

FILE_DESCRIPTION(
/* description */ ('STEP AP203'),
/* implementation_level */ '2;1');

FILE_NAME(
/* name */ '5Filaments',
/* time_stamp */ '2023-03-02T10:00:50+02:00',
/* author */ ('  '),
/* organization */ ('  '),
/* preprocessor_version */ 'ST-DEVELOPER v18.102',
/* originating_system */ '  ',
/* authorisation */ '  ');

FILE_SCHEMA (('CONFIG_CONTROL_DESIGN'));
ENDSEC;

DATA;
#10=PROPERTY_DEFINITION_REPRESENTATION(#14,#12);
#11=PROPERTY_DEFINITION_REPRESENTATION(#15,#13);
#12=REPRESENTATION('',(#16),#5776);
#13=REPRESENTATION('',(#17),#5776);
#14=PROPERTY_DEFINITION('pmi validation property','',#5811);
#15=PROPERTY_DEFINITION('pmi validation property','',#5811);
#16=VALUE_REPRESENTATION_ITEM('number of annotations',COUNT_MEASURE(0.));
#17=VALUE_REPRESENTATION_ITEM('number of views',COUNT_MEASURE(0.));
#18=B_SPLINE_CURVE_WITH_KNOTS('',3,(#1425,#1426,#1427,#1428),
 .UNSPECIFIED.,.F.,.F.,(4,4),(0.,0.110910743139793),.UNSPECIFIED.);
#19=B_SPLINE_CURVE_WITH_KNOTS('',3,(#1465,#1466,#1467,#1468),
 .UNSPECIFIED.,.F.,.F.,(4,4),(0.,0.110910743139793),.UNSPECIFIED.);
#20=B_SPLINE_CURVE_WITH_KNOTS('',3,(#1535,#1536,#1537,#1538),
 .UNSPECIFIED.,.F.,.F.,(4,4),(0.,0.110910743139793),.UNSPECIFIED.);
#21=B_SPLINE_CURVE_WITH_KNOTS('',3,(#1575,#1576,#1577,#1578),
 .UNSPECIFIED.,.F.,.F.,(4,4),(0.,0.110910743139793),.UNSPECIFIED.);
#22=B_SPLINE_CURVE_WITH_KNOTS('',3,(#1645,#1646,#1647,#1648),
 .UNSPECIFIED.,.F.,.F.,(4,4),(0.,0.108199659053438),.UNSPECIFIED.);
#23=B_SPLINE_CURVE_WITH_KNOTS('',3,(#1685,#1686,#1687,#1688),
 .UNSPECIFIED.,.F.,.F.,(4,4),(0.,0.108199659053437),.UNSPECIFIED.);
#24=B_SPLINE_CURVE_WITH_KNOTS('',3,(#1755,#1756,#1757,#1758),
 .UNSPECIFIED.,.F.,.F.,(4,4),(0.,0.108199659053438),.UNSPECIFIED.);
#25=B_SPLINE_CURVE_WITH_KNOTS('',3,(#1759,#1760,#1761,#1762),
 .UNSPECIFIED.,.F.,.F.,(4,4),(0.,0.108199659053438),.UNSPECIFIED.);
#26=B_SPLINE_CURVE_WITH_KNOTS('',3,(#1865,#1866,#1867,#1868),
 .UNSPECIFIED.,.F.,.F.,(4,4),(0.,1.),.UNSPECIFIED.);
#27=B_SPLINE_CURVE_WITH_KNOTS('',3,(#1905,#1906,#1907,#1908),
 .UNSPECIFIED.,.F.,.F.,(4,4),(0.,1.),.UNSPECIFIED.);
#28=B_SPLINE_CURVE_WITH_KNOTS('',3,(#1975,#1976,#1977,#1978),
 .UNSPECIFIED.,.F.,.F.,(4,4),(0.,1.),.UNSPECIFIED.);
#29=B_SPLINE_CURVE_WITH_KNOTS('',3,(#2015,#2016,#2017,#2018),
 .UNSPECIFIED.,.F.,.F.,(4,4),(0.,1.),.UNSPECIFIED.);
#30=B_SPLINE_CURVE_WITH_KNOTS('',3,(#2121,#2122,#2123,#2124),
 .UNSPECIFIED.,.F.,.F.,(4,4),(0.,0.110910743139793),.UNSPECIFIED.);
#31=B_SPLINE_CURVE_WITH_KNOTS('',3,(#2161,#2162,#2163,#2164),
 .UNSPECIFIED.,.F.,.F.,(4,4),(0.,0.110910743139793),.UNSPECIFIED.);
#32=B_SPLINE_CURVE_WITH_KNOTS('',3,(#2231,#2232,#2233,#2234),
 .UNSPECIFIED.,.F.,.F.,(4,4),(0.,0.108199659053438),.UNSPECIFIED.);
#33=B_SPLINE_CURVE_WITH_KNOTS('',3,(#2271,#2272,#2273,#2274),
 .UNSPECIFIED.,.F.,.F.,(4,4),(0.,0.108199659053437),.UNSPECIFIED.);
#34=B_SPLINE_CURVE_WITH_KNOTS('',3,(#2341,#2342,#2343,#2344),
 .UNSPECIFIED.,.F.,.F.,(4,4),(0.,1.),.UNSPECIFIED.);
#35=B_SPLINE_CURVE_WITH_KNOTS('',3,(#2381,#2382,#2383,#2384),
 .UNSPECIFIED.,.F.,.F.,(4,4),(0.,1.),.UNSPECIFIED.);
#36=B_SPLINE_CURVE_WITH_KNOTS('',3,(#2451,#2452,#2453,#2454),
 .UNSPECIFIED.,.F.,.F.,(4,4),(0.,0.110910743139793),.UNSPECIFIED.);
#37=B_SPLINE_CURVE_WITH_KNOTS('',3,(#2491,#2492,#2493,#2494),
 .UNSPECIFIED.,.F.,.F.,(4,4),(0.,0.110910743139793),.UNSPECIFIED.);
#38=B_SPLINE_CURVE_WITH_KNOTS('',3,(#2561,#2562,#2563,#2564),
 .UNSPECIFIED.,.F.,.F.,(4,4),(0.,1.),.UNSPECIFIED.);
#39=B_SPLINE_CURVE_WITH_KNOTS('',3,(#2565,#2566,#2567,#2568),
 .UNSPECIFIED.,.F.,.F.,(4,4),(0.,1.),.UNSPECIFIED.);
#40=B_SPLINE_CURVE_WITH_KNOTS('',3,(#2635,#2636,#2637,#2638),
 .UNSPECIFIED.,.F.,.F.,(4,4),(0.,0.108199659053438),.UNSPECIFIED.);
#41=B_SPLINE_CURVE_WITH_KNOTS('',3,(#2639,#2640,#2641,#2642),
 .UNSPECIFIED.,.F.,.F.,(4,4),(0.,0.108199659053438),.UNSPECIFIED.);
#42=B_SPLINE_CURVE_WITH_KNOTS('',3,(#2745,#2746,#2747,#2748),
 .UNSPECIFIED.,.F.,.F.,(4,4),(0.,1.),.UNSPECIFIED.);
#43=B_SPLINE_CURVE_WITH_KNOTS('',3,(#2785,#2786,#2787,#2788),
 .UNSPECIFIED.,.F.,.F.,(4,4),(0.,1.),.UNSPECIFIED.);
#44=B_SPLINE_CURVE_WITH_KNOTS('',3,(#2855,#2856,#2857,#2858),
 .UNSPECIFIED.,.F.,.F.,(4,4),(0.,1.),.UNSPECIFIED.);
#45=B_SPLINE_CURVE_WITH_KNOTS('',3,(#2895,#2896,#2897,#2898),
 .UNSPECIFIED.,.F.,.F.,(4,4),(0.,1.),.UNSPECIFIED.);
#46=B_SPLINE_CURVE_WITH_KNOTS('',3,(#3001,#3002,#3003,#3004),
 .UNSPECIFIED.,.F.,.F.,(4,4),(0.,0.108199659053437),.UNSPECIFIED.);
#47=B_SPLINE_CURVE_WITH_KNOTS('',3,(#3041,#3042,#3043,#3044),
 .UNSPECIFIED.,.F.,.F.,(4,4),(0.,0.108199659053438),.UNSPECIFIED.);
#48=B_SPLINE_CURVE_WITH_KNOTS('',3,(#3111,#3112,#3113,#3114),
 .UNSPECIFIED.,.F.,.F.,(4,4),(0.,0.108199659053438),.UNSPECIFIED.);
#49=B_SPLINE_CURVE_WITH_KNOTS('',3,(#3151,#3152,#3153,#3154),
 .UNSPECIFIED.,.F.,.F.,(4,4),(0.,0.108199659053438),.UNSPECIFIED.);
#50=B_SPLINE_CURVE_WITH_KNOTS('',3,(#3221,#3222,#3223,#3224),
 .UNSPECIFIED.,.F.,.F.,(4,4),(0.,1.),.UNSPECIFIED.);
#51=B_SPLINE_CURVE_WITH_KNOTS('',3,(#3261,#3262,#3263,#3264),
 .UNSPECIFIED.,.F.,.F.,(4,4),(0.,1.),.UNSPECIFIED.);
#52=B_SPLINE_CURVE_WITH_KNOTS('',3,(#3331,#3332,#3333,#3334),
 .UNSPECIFIED.,.F.,.F.,(4,4),(0.,0.110910743139793),.UNSPECIFIED.);
#53=B_SPLINE_CURVE_WITH_KNOTS('',3,(#3371,#3372,#3373,#3374),
 .UNSPECIFIED.,.F.,.F.,(4,4),(0.,0.110910743139793),.UNSPECIFIED.);
#54=B_SPLINE_CURVE_WITH_KNOTS('',3,(#3441,#3442,#3443,#3444),
 .UNSPECIFIED.,.F.,.F.,(4,4),(0.,1.),.UNSPECIFIED.);
#55=B_SPLINE_CURVE_WITH_KNOTS('',3,(#3445,#3446,#3447,#3448),
 .UNSPECIFIED.,.F.,.F.,(4,4),(0.,1.),.UNSPECIFIED.);
#56=B_SPLINE_CURVE_WITH_KNOTS('',3,(#3515,#3516,#3517,#3518),
 .UNSPECIFIED.,.F.,.F.,(4,4),(0.,0.110910743139793),.UNSPECIFIED.);
#57=B_SPLINE_CURVE_WITH_KNOTS('',3,(#3519,#3520,#3521,#3522),
 .UNSPECIFIED.,.F.,.F.,(4,4),(0.,0.110910743139793),.UNSPECIFIED.);
#58=B_SPLINE_CURVE_WITH_KNOTS('',3,(#3551,#3552,#3553,#3554),
 .UNSPECIFIED.,.F.,.F.,(4,4),(0.,0.110910743139793),.UNSPECIFIED.);
#59=B_SPLINE_CURVE_WITH_KNOTS('',3,(#3557,#3558,#3559,#3560),
 .UNSPECIFIED.,.F.,.F.,(4,4),(0.,0.108199659053438),.UNSPECIFIED.);
#60=B_SPLINE_CURVE_WITH_KNOTS('',3,(#3562,#3563,#3564,#3565),
 .UNSPECIFIED.,.F.,.F.,(4,4),(0.,0.108199659053438),.UNSPECIFIED.);
#61=B_SPLINE_CURVE_WITH_KNOTS('',3,(#3567,#3568,#3569,#3570),
 .UNSPECIFIED.,.F.,.F.,(4,4),(0.,0.110910743139793),.UNSPECIFIED.);
#62=B_SPLINE_CURVE_WITH_KNOTS('',3,(#3572,#3573,#3574,#3575),
 .UNSPECIFIED.,.F.,.F.,(4,4),(0.,0.110910743139793),.UNSPECIFIED.);
#63=B_SPLINE_CURVE_WITH_KNOTS('',3,(#3578,#3579,#3580,#3581),
 .UNSPECIFIED.,.F.,.F.,(4,4),(0.,0.110910743139793),.UNSPECIFIED.);
#64=B_SPLINE_CURVE_WITH_KNOTS('',3,(#3583,#3584,#3585,#3586),
 .UNSPECIFIED.,.F.,.F.,(4,4),(0.,0.108199659053438),.UNSPECIFIED.);
#65=B_SPLINE_CURVE_WITH_KNOTS('',3,(#3588,#3589,#3590,#3591),
 .UNSPECIFIED.,.F.,.F.,(4,4),(0.,0.108199659053437),.UNSPECIFIED.);
#66=B_SPLINE_CURVE_WITH_KNOTS('',3,(#4095,#4096,#4097,#4098),
 .UNSPECIFIED.,.F.,.F.,(4,4),(0.,1.),.UNSPECIFIED.);
#67=B_SPLINE_CURVE_WITH_KNOTS('',3,(#4135,#4136,#4137,#4138),
 .UNSPECIFIED.,.F.,.F.,(4,4),(0.,1.),.UNSPECIFIED.);
#68=B_SPLINE_CURVE_WITH_KNOTS('',3,(#4205,#4206,#4207,#4208),
 .UNSPECIFIED.,.F.,.F.,(4,4),(0.,1.),.UNSPECIFIED.);
#69=B_SPLINE_CURVE_WITH_KNOTS('',3,(#4245,#4246,#4247,#4248),
 .UNSPECIFIED.,.F.,.F.,(4,4),(0.,1.),.UNSPECIFIED.);
#70=B_SPLINE_CURVE_WITH_KNOTS('',3,(#4351,#4352,#4353,#4354),
 .UNSPECIFIED.,.F.,.F.,(4,4),(0.,1.),.UNSPECIFIED.);
#71=B_SPLINE_CURVE_WITH_KNOTS('',3,(#4355,#4356,#4357,#4358),
 .UNSPECIFIED.,.F.,.F.,(4,4),(0.,1.),.UNSPECIFIED.);
#72=B_SPLINE_CURVE_WITH_KNOTS('',3,(#4425,#4426,#4427,#4428),
 .UNSPECIFIED.,.F.,.F.,(4,4),(0.,1.),.UNSPECIFIED.);
#73=B_SPLINE_CURVE_WITH_KNOTS('',3,(#4429,#4430,#4431,#4432),
 .UNSPECIFIED.,.F.,.F.,(4,4),(0.,1.),.UNSPECIFIED.);
#74=B_SPLINE_CURVE_WITH_KNOTS('',3,(#4538,#4539,#4540,#4541),
 .UNSPECIFIED.,.F.,.F.,(4,4),(0.,0.110910743139793),.UNSPECIFIED.);
#75=B_SPLINE_CURVE_WITH_KNOTS('',3,(#4578,#4579,#4580,#4581),
 .UNSPECIFIED.,.F.,.F.,(4,4),(0.,0.110910743139793),.UNSPECIFIED.);
#76=B_SPLINE_CURVE_WITH_KNOTS('',3,(#4648,#4649,#4650,#4651),
 .UNSPECIFIED.,.F.,.F.,(4,4),(0.,0.110910743139793),.UNSPECIFIED.);
#77=B_SPLINE_CURVE_WITH_KNOTS('',3,(#4688,#4689,#4690,#4691),
 .UNSPECIFIED.,.F.,.F.,(4,4),(0.,0.110910743139793),.UNSPECIFIED.);
#78=B_SPLINE_CURVE_WITH_KNOTS('',3,(#4794,#4795,#4796,#4797),
 .UNSPECIFIED.,.F.,.F.,(4,4),(0.,0.108199659053438),.UNSPECIFIED.);
#79=B_SPLINE_CURVE_WITH_KNOTS('',3,(#4798,#4799,#4800,#4801),
 .UNSPECIFIED.,.F.,.F.,(4,4),(0.,0.108199659053438),.UNSPECIFIED.);
#80=B_SPLINE_CURVE_WITH_KNOTS('',3,(#4868,#4869,#4870,#4871),
 .UNSPECIFIED.,.F.,.F.,(4,4),(0.,0.108199659053437),.UNSPECIFIED.);
#81=B_SPLINE_CURVE_WITH_KNOTS('',3,(#4872,#4873,#4874,#4875),
 .UNSPECIFIED.,.F.,.F.,(4,4),(0.,0.108199659053438),.UNSPECIFIED.);
#82=B_SPLINE_CURVE_WITH_KNOTS('',3,(#4981,#4982,#4983,#4984),
 .UNSPECIFIED.,.F.,.F.,(4,4),(0.,1.),.UNSPECIFIED.);
#83=B_SPLINE_CURVE_WITH_KNOTS('',3,(#5021,#5022,#5023,#5024),
 .UNSPECIFIED.,.F.,.F.,(4,4),(0.,1.),.UNSPECIFIED.);
#84=B_SPLINE_CURVE_WITH_KNOTS('',3,(#5091,#5092,#5093,#5094),
 .UNSPECIFIED.,.F.,.F.,(4,4),(0.,1.),.UNSPECIFIED.);
#85=B_SPLINE_CURVE_WITH_KNOTS('',3,(#5131,#5132,#5133,#5134),
 .UNSPECIFIED.,.F.,.F.,(4,4),(0.,1.),.UNSPECIFIED.);
#86=B_SPLINE_CURVE_WITH_KNOTS('',3,(#5237,#5238,#5239,#5240),
 .UNSPECIFIED.,.F.,.F.,(4,4),(0.,1.),.UNSPECIFIED.);
#87=B_SPLINE_CURVE_WITH_KNOTS('',3,(#5241,#5242,#5243,#5244),
 .UNSPECIFIED.,.F.,.F.,(4,4),(0.,1.),.UNSPECIFIED.);
#88=B_SPLINE_CURVE_WITH_KNOTS('',3,(#5311,#5312,#5313,#5314),
 .UNSPECIFIED.,.F.,.F.,(4,4),(0.,1.),.UNSPECIFIED.);
#89=B_SPLINE_CURVE_WITH_KNOTS('',3,(#5315,#5316,#5317,#5318),
 .UNSPECIFIED.,.F.,.F.,(4,4),(0.,1.),.UNSPECIFIED.);
#90=B_SPLINE_CURVE_WITH_KNOTS('',3,(#5424,#5425,#5426,#5427),
 .UNSPECIFIED.,.F.,.F.,(4,4),(0.,0.108199659053438),.UNSPECIFIED.);
#91=B_SPLINE_CURVE_WITH_KNOTS('',3,(#5464,#5465,#5466,#5467),
 .UNSPECIFIED.,.F.,.F.,(4,4),(0.,0.108199659053437),.UNSPECIFIED.);
#92=B_SPLINE_CURVE_WITH_KNOTS('',3,(#5534,#5535,#5536,#5537),
 .UNSPECIFIED.,.F.,.F.,(4,4),(0.,0.110910743139793),.UNSPECIFIED.);
#93=B_SPLINE_CURVE_WITH_KNOTS('',3,(#5574,#5575,#5576,#5577),
 .UNSPECIFIED.,.F.,.F.,(4,4),(0.,0.110910743139793),.UNSPECIFIED.);
#94=B_SPLINE_CURVE_WITH_KNOTS('',3,(#5680,#5681,#5682,#5683),
 .UNSPECIFIED.,.F.,.F.,(4,4),(0.,0.110910743139793),.UNSPECIFIED.);
#95=B_SPLINE_CURVE_WITH_KNOTS('',3,(#5684,#5685,#5686,#5687),
 .UNSPECIFIED.,.F.,.F.,(4,4),(0.,0.110910743139793),.UNSPECIFIED.);
#96=B_SPLINE_CURVE_WITH_KNOTS('',3,(#5754,#5755,#5756,#5757),
 .UNSPECIFIED.,.F.,.F.,(4,4),(0.,0.108199659053438),.UNSPECIFIED.);
#97=B_SPLINE_CURVE_WITH_KNOTS('',3,(#5758,#5759,#5760,#5761),
 .UNSPECIFIED.,.F.,.F.,(4,4),(0.,0.108199659053438),.UNSPECIFIED.);
#98=(
BOUNDED_CURVE()
B_SPLINE_CURVE(3,(#1389,#1390,#1391,#1392,#1393,#1394,#1395,#1396,#1397,
#1398,#1399,#1400,#1401,#1402,#1403,#1404,#1405,#1406,#1407,#1408,#1409,
#1410,#1411,#1412,#1413,#1414,#1415,#1416,#1417,#1418,#1419,#1420,#1421,
#1422),.UNSPECIFIED.,.F.,.F.)
B_SPLINE_CURVE_WITH_KNOTS((4,2,2,2,2,2,2,2,2,2,2,2,2,2,2,2,4),(0.,0.0625,
0.125,0.1875,0.25,0.3125,0.375,0.4375,0.5,0.5625,0.625,0.6875,0.75,0.8125,
0.875,0.9375,1.),.UNSPECIFIED.)
CURVE()
GEOMETRIC_REPRESENTATION_ITEM()
RATIONAL_B_SPLINE_CURVE((1.,1.,1.,1.,1.,1.,1.,1.,1.,1.,1.,1.,1.,1.,1.,1.,
1.,1.,1.,1.,1.,1.,1.,1.,1.,1.,1.,1.,1.,1.,1.,1.,1.,1.))
REPRESENTATION_ITEM('')
);
#99=(
BOUNDED_CURVE()
B_SPLINE_CURVE(3,(#1430,#1431,#1432,#1433,#1434,#1435,#1436,#1437,#1438,
#1439,#1440,#1441,#1442,#1443,#1444,#1445,#1446,#1447,#1448,#1449,#1450,
#1451,#1452,#1453,#1454,#1455,#1456,#1457,#1458,#1459,#1460,#1461,#1462,
#1463),.UNSPECIFIED.,.F.,.F.)
B_SPLINE_CURVE_WITH_KNOTS((4,2,2,2,2,2,2,2,2,2,2,2,2,2,2,2,4),(0.,0.0625,
0.125,0.1875,0.25,0.3125,0.375,0.4375,0.5,0.5625,0.625,0.6875,0.75,0.8125,
0.875,0.9375,1.),.UNSPECIFIED.)
CURVE()
GEOMETRIC_REPRESENTATION_ITEM()
RATIONAL_B_SPLINE_CURVE((1.,1.,1.,1.,1.,1.,1.,1.,1.,1.,1.,1.,1.,1.,1.,1.,
1.,1.,1.,1.,1.,1.,1.,1.,1.,1.,1.,1.,1.,1.,1.,1.,1.,1.))
REPRESENTATION_ITEM('')
);
#100=(
BOUNDED_CURVE()
B_SPLINE_CURVE(3,(#1540,#1541,#1542,#1543,#1544,#1545,#1546,#1547,#1548,
#1549,#1550,#1551,#1552,#1553,#1554,#1555,#1556,#1557,#1558,#1559,#1560,
#1561,#1562,#1563,#1564,#1565,#1566,#1567,#1568,#1569,#1570,#1571,#1572,
#1573),.UNSPECIFIED.,.F.,.F.)
B_SPLINE_CURVE_WITH_KNOTS((4,2,2,2,2,2,2,2,2,2,2,2,2,2,2,2,4),(0.,0.0625,
0.125,0.1875,0.25,0.3125,0.375,0.4375,0.5,0.5625,0.625,0.6875,0.75,0.8125,
0.875,0.9375,1.),.UNSPECIFIED.)
CURVE()
GEOMETRIC_REPRESENTATION_ITEM()
RATIONAL_B_SPLINE_CURVE((1.,1.,1.,1.,1.,1.,1.,1.,1.,1.,1.,1.,1.,1.,1.,1.,
1.,1.,1.,1.,1.,1.,1.,1.,1.,1.,1.,1.,1.,1.,1.,1.,1.,1.))
REPRESENTATION_ITEM('')
);
#101=(
BOUNDED_CURVE()
B_SPLINE_CURVE(3,(#1650,#1651,#1652,#1653,#1654,#1655,#1656,#1657,#1658,
#1659,#1660,#1661,#1662,#1663,#1664,#1665,#1666,#1667,#1668,#1669,#1670,
#1671,#1672,#1673,#1674,#1675,#1676,#1677,#1678,#1679,#1680,#1681,#1682,
#1683),.UNSPECIFIED.,.F.,.F.)
B_SPLINE_CURVE_WITH_KNOTS((4,2,2,2,2,2,2,2,2,2,2,2,2,2,2,2,4),(0.,0.0625,
0.125,0.1875,0.25,0.3125,0.375,0.4375,0.5,0.5625,0.625,0.6875,0.75,0.8125,
0.875,0.9375,1.),.UNSPECIFIED.)
CURVE()
GEOMETRIC_REPRESENTATION_ITEM()
RATIONAL_B_SPLINE_CURVE((1.,1.,1.,1.,1.,1.,1.,1.,1.,1.,1.,1.,1.,1.,1.,1.,
1.,1.,1.,1.,1.,1.,1.,1.,1.,1.,1.,1.,1.,1.,1.,1.,1.,1.))
REPRESENTATION_ITEM('')
);
#102=(
BOUNDED_CURVE()
B_SPLINE_CURVE(3,(#1829,#1830,#1831,#1832,#1833,#1834,#1835,#1836,#1837,
#1838,#1839,#1840,#1841,#1842,#1843,#1844,#1845,#1846,#1847,#1848,#1849,
#1850,#1851,#1852,#1853,#1854,#1855,#1856,#1857,#1858,#1859,#1860,#1861,
#1862),.UNSPECIFIED.,.F.,.F.)
B_SPLINE_CURVE_WITH_KNOTS((4,2,2,2,2,2,2,2,2,2,2,2,2,2,2,2,4),(0.,0.0625,
0.125,0.1875,0.25,0.3125,0.375,0.4375,0.5,0.5625,0.625,0.6875,0.75,0.8125,
0.875,0.9375,1.),.UNSPECIFIED.)
CURVE()
GEOMETRIC_REPRESENTATION_ITEM()
RATIONAL_B_SPLINE_CURVE((1.,1.,1.,1.,1.,1.,1.,1.,1.,1.,1.,1.,1.,1.,1.,1.,
1.,1.,1.,1.,1.,1.,1.,1.,1.,1.,1.,1.,1.,1.,1.,1.,1.,1.))
REPRESENTATION_ITEM('')
);
#103=(
BOUNDED_CURVE()
B_SPLINE_CURVE(3,(#1870,#1871,#1872,#1873,#1874,#1875,#1876,#1877,#1878,
#1879,#1880,#1881,#1882,#1883,#1884,#1885,#1886,#1887,#1888,#1889,#1890,
#1891,#1892,#1893,#1894,#1895,#1896,#1897,#1898,#1899,#1900,#1901,#1902,
#1903),.UNSPECIFIED.,.F.,.F.)
B_SPLINE_CURVE_WITH_KNOTS((4,2,2,2,2,2,2,2,2,2,2,2,2,2,2,2,4),(0.,0.0625,
0.125,0.1875,0.25,0.3125,0.375,0.4375,0.5,0.5625,0.625,0.6875,0.75,0.8125,
0.875,0.9375,1.),.UNSPECIFIED.)
CURVE()
GEOMETRIC_REPRESENTATION_ITEM()
RATIONAL_B_SPLINE_CURVE((1.,1.,1.,1.,1.,1.,1.,1.,1.,1.,1.,1.,1.,1.,1.,1.,
1.,1.,1.,1.,1.,1.,1.,1.,1.,1.,1.,1.,1.,1.,1.,1.,1.,1.))
REPRESENTATION_ITEM('')
);
#104=(
BOUNDED_CURVE()
B_SPLINE_CURVE(3,(#1980,#1981,#1982,#1983,#1984,#1985,#1986,#1987,#1988,
#1989,#1990,#1991,#1992,#1993,#1994,#1995,#1996,#1997,#1998,#1999,#2000,
#2001,#2002,#2003,#2004,#2005,#2006,#2007,#2008,#2009,#2010,#2011,#2012,
#2013),.UNSPECIFIED.,.F.,.F.)
B_SPLINE_CURVE_WITH_KNOTS((4,2,2,2,2,2,2,2,2,2,2,2,2,2,2,2,4),(0.,0.0625,
0.125,0.1875,0.25,0.3125,0.375,0.4375,0.5,0.5625,0.625,0.6875,0.75,0.8125,
0.875,0.9375,1.),.UNSPECIFIED.)
CURVE()
GEOMETRIC_REPRESENTATION_ITEM()
RATIONAL_B_SPLINE_CURVE((1.,1.,1.,1.,1.,1.,1.,1.,1.,1.,1.,1.,1.,1.,1.,1.,
1.,1.,1.,1.,1.,1.,1.,1.,1.,1.,1.,1.,1.,1.,1.,1.,1.,1.))
REPRESENTATION_ITEM('')
);
#105=(
BOUNDED_CURVE()
B_SPLINE_CURVE(3,(#2085,#2086,#2087,#2088,#2089,#2090,#2091,#2092,#2093,
#2094,#2095,#2096,#2097,#2098,#2099,#2100,#2101,#2102,#2103,#2104,#2105,
#2106,#2107,#2108,#2109,#2110,#2111,#2112,#2113,#2114,#2115,#2116,#2117,
#2118),.UNSPECIFIED.,.F.,.F.)
B_SPLINE_CURVE_WITH_KNOTS((4,2,2,2,2,2,2,2,2,2,2,2,2,2,2,2,4),(0.,0.0625,
0.125,0.1875,0.25,0.3125,0.375,0.4375,0.5,0.5625,0.625,0.6875,0.75,0.8125,
0.875,0.9375,1.),.UNSPECIFIED.)
CURVE()
GEOMETRIC_REPRESENTATION_ITEM()
RATIONAL_B_SPLINE_CURVE((1.,1.,1.,1.,1.,1.,1.,1.,1.,1.,1.,1.,1.,1.,1.,1.,
1.,1.,1.,1.,1.,1.,1.,1.,1.,1.,1.,1.,1.,1.,1.,1.,1.,1.))
REPRESENTATION_ITEM('')
);
#106=(
BOUNDED_CURVE()
B_SPLINE_CURVE(3,(#2126,#2127,#2128,#2129,#2130,#2131,#2132,#2133,#2134,
#2135,#2136,#2137,#2138,#2139,#2140,#2141,#2142,#2143,#2144,#2145,#2146,
#2147,#2148,#2149,#2150,#2151,#2152,#2153,#2154,#2155,#2156,#2157,#2158,
#2159),.UNSPECIFIED.,.F.,.F.)
B_SPLINE_CURVE_WITH_KNOTS((4,2,2,2,2,2,2,2,2,2,2,2,2,2,2,2,4),(0.,0.0625,
0.125,0.1875,0.25,0.3125,0.375,0.4375,0.5,0.5625,0.625,0.6875,0.75,0.8125,
0.875,0.9375,1.),.UNSPECIFIED.)
CURVE()
GEOMETRIC_REPRESENTATION_ITEM()
RATIONAL_B_SPLINE_CURVE((1.,1.,1.,1.,1.,1.,1.,1.,1.,1.,1.,1.,1.,1.,1.,1.,
1.,1.,1.,1.,1.,1.,1.,1.,1.,1.,1.,1.,1.,1.,1.,1.,1.,1.))
REPRESENTATION_ITEM('')
);
#107=(
BOUNDED_CURVE()
B_SPLINE_CURVE(3,(#2236,#2237,#2238,#2239,#2240,#2241,#2242,#2243,#2244,
#2245,#2246,#2247,#2248,#2249,#2250,#2251,#2252,#2253,#2254,#2255,#2256,
#2257,#2258,#2259,#2260,#2261,#2262,#2263,#2264,#2265,#2266,#2267,#2268,
#2269),.UNSPECIFIED.,.F.,.F.)
B_SPLINE_CURVE_WITH_KNOTS((4,2,2,2,2,2,2,2,2,2,2,2,2,2,2,2,4),(0.,0.0625,
0.125,0.1875,0.25,0.3125,0.375,0.4375,0.5,0.5625,0.625,0.6875,0.75,0.8125,
0.875,0.9375,1.),.UNSPECIFIED.)
CURVE()
GEOMETRIC_REPRESENTATION_ITEM()
RATIONAL_B_SPLINE_CURVE((1.,1.,1.,1.,1.,1.,1.,1.,1.,1.,1.,1.,1.,1.,1.,1.,
1.,1.,1.,1.,1.,1.,1.,1.,1.,1.,1.,1.,1.,1.,1.,1.,1.,1.))
REPRESENTATION_ITEM('')
);
#108=(
BOUNDED_CURVE()
B_SPLINE_CURVE(3,(#2346,#2347,#2348,#2349,#2350,#2351,#2352,#2353,#2354,
#2355,#2356,#2357,#2358,#2359,#2360,#2361,#2362,#2363,#2364,#2365,#2366,
#2367,#2368,#2369,#2370,#2371,#2372,#2373,#2374,#2375,#2376,#2377,#2378,
#2379),.UNSPECIFIED.,.F.,.F.)
B_SPLINE_CURVE_WITH_KNOTS((4,2,2,2,2,2,2,2,2,2,2,2,2,2,2,2,4),(0.,0.0625,
0.125,0.1875,0.25,0.3125,0.375,0.4375,0.5,0.5625,0.625,0.6875,0.75,0.8125,
0.875,0.9375,1.),.UNSPECIFIED.)
CURVE()
GEOMETRIC_REPRESENTATION_ITEM()
RATIONAL_B_SPLINE_CURVE((1.,1.,1.,1.,1.,1.,1.,1.,1.,1.,1.,1.,1.,1.,1.,1.,
1.,1.,1.,1.,1.,1.,1.,1.,1.,1.,1.,1.,1.,1.,1.,1.,1.,1.))
REPRESENTATION_ITEM('')
);
#109=(
BOUNDED_CURVE()
B_SPLINE_CURVE(3,(#2456,#2457,#2458,#2459,#2460,#2461,#2462,#2463,#2464,
#2465,#2466,#2467,#2468,#2469,#2470,#2471,#2472,#2473,#2474,#2475,#2476,
#2477,#2478,#2479,#2480,#2481,#2482,#2483,#2484,#2485,#2486,#2487,#2488,
#2489),.UNSPECIFIED.,.F.,.F.)
B_SPLINE_CURVE_WITH_KNOTS((4,2,2,2,2,2,2,2,2,2,2,2,2,2,2,2,4),(0.,0.0625,
0.125,0.1875,0.25,0.3125,0.375,0.4375,0.5,0.5625,0.625,0.6875,0.75,0.8125,
0.875,0.9375,1.),.UNSPECIFIED.)
CURVE()
GEOMETRIC_REPRESENTATION_ITEM()
RATIONAL_B_SPLINE_CURVE((1.,1.,1.,1.,1.,1.,1.,1.,1.,1.,1.,1.,1.,1.,1.,1.,
1.,1.,1.,1.,1.,1.,1.,1.,1.,1.,1.,1.,1.,1.,1.,1.,1.,1.))
REPRESENTATION_ITEM('')
);
#110=(
BOUNDED_CURVE()
B_SPLINE_CURVE(3,(#2709,#2710,#2711,#2712,#2713,#2714,#2715,#2716,#2717,
#2718,#2719,#2720,#2721,#2722,#2723,#2724,#2725,#2726,#2727,#2728,#2729,
#2730,#2731,#2732,#2733,#2734,#2735,#2736,#2737,#2738,#2739,#2740,#2741,
#2742),.UNSPECIFIED.,.F.,.F.)
B_SPLINE_CURVE_WITH_KNOTS((4,2,2,2,2,2,2,2,2,2,2,2,2,2,2,2,4),(0.,0.0625,
0.125,0.1875,0.25,0.3125,0.375,0.4375,0.5,0.5625,0.625,0.6875,0.75,0.8125,
0.875,0.9375,1.),.UNSPECIFIED.)
CURVE()
GEOMETRIC_REPRESENTATION_ITEM()
RATIONAL_B_SPLINE_CURVE((1.,1.,1.,1.,1.,1.,1.,1.,1.,1.,1.,1.,1.,1.,1.,1.,
1.,1.,1.,1.,1.,1.,1.,1.,1.,1.,1.,1.,1.,1.,1.,1.,1.,1.))
REPRESENTATION_ITEM('')
);
#111=(
BOUNDED_CURVE()
B_SPLINE_CURVE(3,(#2750,#2751,#2752,#2753,#2754,#2755,#2756,#2757,#2758,
#2759,#2760,#2761,#2762,#2763,#2764,#2765,#2766,#2767,#2768,#2769,#2770,
#2771,#2772,#2773,#2774,#2775,#2776,#2777,#2778,#2779,#2780,#2781,#2782,
#2783),.UNSPECIFIED.,.F.,.F.)
B_SPLINE_CURVE_WITH_KNOTS((4,2,2,2,2,2,2,2,2,2,2,2,2,2,2,2,4),(0.,0.0625,
0.125,0.1875,0.25,0.3125,0.375,0.4375,0.5,0.5625,0.625,0.6875,0.75,0.8125,
0.875,0.9375,1.),.UNSPECIFIED.)
CURVE()
GEOMETRIC_REPRESENTATION_ITEM()
RATIONAL_B_SPLINE_CURVE((1.,1.,1.,1.,1.,1.,1.,1.,1.,1.,1.,1.,1.,1.,1.,1.,
1.,1.,1.,1.,1.,1.,1.,1.,1.,1.,1.,1.,1.,1.,1.,1.,1.,1.))
REPRESENTATION_ITEM('')
);
#112=(
BOUNDED_CURVE()
B_SPLINE_CURVE(3,(#2860,#2861,#2862,#2863,#2864,#2865,#2866,#2867,#2868,
#2869,#2870,#2871,#2872,#2873,#2874,#2875,#2876,#2877,#2878,#2879,#2880,
#2881,#2882,#2883,#2884,#2885,#2886,#2887,#2888,#2889,#2890,#2891,#2892,
#2893),.UNSPECIFIED.,.F.,.F.)
B_SPLINE_CURVE_WITH_KNOTS((4,2,2,2,2,2,2,2,2,2,2,2,2,2,2,2,4),(0.,0.0625,
0.125,0.1875,0.25,0.3125,0.375,0.4375,0.5,0.5625,0.625,0.6875,0.75,0.8125,
0.875,0.9375,1.),.UNSPECIFIED.)
CURVE()
GEOMETRIC_REPRESENTATION_ITEM()
RATIONAL_B_SPLINE_CURVE((1.,1.,1.,1.,1.,1.,1.,1.,1.,1.,1.,1.,1.,1.,1.,1.,
1.,1.,1.,1.,1.,1.,1.,1.,1.,1.,1.,1.,1.,1.,1.,1.,1.,1.))
REPRESENTATION_ITEM('')
);
#113=(
BOUNDED_CURVE()
B_SPLINE_CURVE(3,(#2965,#2966,#2967,#2968,#2969,#2970,#2971,#2972,#2973,
#2974,#2975,#2976,#2977,#2978,#2979,#2980,#2981,#2982,#2983,#2984,#2985,
#2986,#2987,#2988,#2989,#2990,#2991,#2992,#2993,#2994,#2995,#2996,#2997,
#2998),.UNSPECIFIED.,.F.,.F.)
B_SPLINE_CURVE_WITH_KNOTS((4,2,2,2,2,2,2,2,2,2,2,2,2,2,2,2,4),(0.,0.0625,
0.125,0.1875,0.25,0.3125,0.375,0.4375,0.5,0.5625,0.625,0.6875,0.75,0.8125,
0.875,0.9375,1.),.UNSPECIFIED.)
CURVE()
GEOMETRIC_REPRESENTATION_ITEM()
RATIONAL_B_SPLINE_CURVE((1.,1.,1.,1.,1.,1.,1.,1.,1.,1.,1.,1.,1.,1.,1.,1.,
1.,1.,1.,1.,1.,1.,1.,1.,1.,1.,1.,1.,1.,1.,1.,1.,1.,1.))
REPRESENTATION_ITEM('')
);
#114=(
BOUNDED_CURVE()
B_SPLINE_CURVE(3,(#3006,#3007,#3008,#3009,#3010,#3011,#3012,#3013,#3014,
#3015,#3016,#3017,#3018,#3019,#3020,#3021,#3022,#3023,#3024,#3025,#3026,
#3027,#3028,#3029,#3030,#3031,#3032,#3033,#3034,#3035,#3036,#3037,#3038,
#3039),.UNSPECIFIED.,.F.,.F.)
B_SPLINE_CURVE_WITH_KNOTS((4,2,2,2,2,2,2,2,2,2,2,2,2,2,2,2,4),(0.,0.0625,
0.125,0.1875,0.25,0.3125,0.375,0.4375,0.5,0.5625,0.625,0.6875,0.75,0.8125,
0.875,0.9375,1.),.UNSPECIFIED.)
CURVE()
GEOMETRIC_REPRESENTATION_ITEM()
RATIONAL_B_SPLINE_CURVE((1.,1.,1.,1.,1.,1.,1.,1.,1.,1.,1.,1.,1.,1.,1.,1.,
1.,1.,1.,1.,1.,1.,1.,1.,1.,1.,1.,1.,1.,1.,1.,1.,1.,1.))
REPRESENTATION_ITEM('')
);
#115=(
BOUNDED_CURVE()
B_SPLINE_CURVE(3,(#3116,#3117,#3118,#3119,#3120,#3121,#3122,#3123,#3124,
#3125,#3126,#3127,#3128,#3129,#3130,#3131,#3132,#3133,#3134,#3135,#3136,
#3137,#3138,#3139,#3140,#3141,#3142,#3143,#3144,#3145,#3146,#3147,#3148,
#3149),.UNSPECIFIED.,.F.,.F.)
B_SPLINE_CURVE_WITH_KNOTS((4,2,2,2,2,2,2,2,2,2,2,2,2,2,2,2,4),(0.,0.0625,
0.125,0.1875,0.25,0.3125,0.375,0.4375,0.5,0.5625,0.625,0.6875,0.75,0.8125,
0.875,0.9375,1.),.UNSPECIFIED.)
CURVE()
GEOMETRIC_REPRESENTATION_ITEM()
RATIONAL_B_SPLINE_CURVE((1.,1.,1.,1.,1.,1.,1.,1.,1.,1.,1.,1.,1.,1.,1.,1.,
1.,1.,1.,1.,1.,1.,1.,1.,1.,1.,1.,1.,1.,1.,1.,1.,1.,1.))
REPRESENTATION_ITEM('')
);
#116=(
BOUNDED_CURVE()
B_SPLINE_CURVE(3,(#3226,#3227,#3228,#3229,#3230,#3231,#3232,#3233,#3234,
#3235,#3236,#3237,#3238,#3239,#3240,#3241,#3242,#3243,#3244,#3245,#3246,
#3247,#3248,#3249,#3250,#3251,#3252,#3253,#3254,#3255,#3256,#3257,#3258,
#3259),.UNSPECIFIED.,.F.,.F.)
B_SPLINE_CURVE_WITH_KNOTS((4,2,2,2,2,2,2,2,2,2,2,2,2,2,2,2,4),(0.,0.0625,
0.125,0.1875,0.25,0.3125,0.375,0.4375,0.5,0.5625,0.625,0.6875,0.75,0.8125,
0.875,0.9375,1.),.UNSPECIFIED.)
CURVE()
GEOMETRIC_REPRESENTATION_ITEM()
RATIONAL_B_SPLINE_CURVE((1.,1.,1.,1.,1.,1.,1.,1.,1.,1.,1.,1.,1.,1.,1.,1.,
1.,1.,1.,1.,1.,1.,1.,1.,1.,1.,1.,1.,1.,1.,1.,1.,1.,1.))
REPRESENTATION_ITEM('')
);
#117=(
BOUNDED_CURVE()
B_SPLINE_CURVE(3,(#3336,#3337,#3338,#3339,#3340,#3341,#3342,#3343,#3344,
#3345,#3346,#3347,#3348,#3349,#3350,#3351,#3352,#3353,#3354,#3355,#3356,
#3357,#3358,#3359,#3360,#3361,#3362,#3363,#3364,#3365,#3366,#3367,#3368,
#3369),.UNSPECIFIED.,.F.,.F.)
B_SPLINE_CURVE_WITH_KNOTS((4,2,2,2,2,2,2,2,2,2,2,2,2,2,2,2,4),(0.,0.0625,
0.125,0.1875,0.25,0.3125,0.375,0.4375,0.5,0.5625,0.625,0.6875,0.75,0.8125,
0.875,0.9375,1.),.UNSPECIFIED.)
CURVE()
GEOMETRIC_REPRESENTATION_ITEM()
RATIONAL_B_SPLINE_CURVE((1.,1.,1.,1.,1.,1.,1.,1.,1.,1.,1.,1.,1.,1.,1.,1.,
1.,1.,1.,1.,1.,1.,1.,1.,1.,1.,1.,1.,1.,1.,1.,1.,1.,1.))
REPRESENTATION_ITEM('')
);
#118=(
BOUNDED_CURVE()
B_SPLINE_CURVE(3,(#3658,#3659,#3660,#3661,#3662,#3663,#3664,#3665,#3666,
#3667,#3668,#3669,#3670,#3671,#3672,#3673,#3674,#3675,#3676,#3677,#3678,
#3679,#3680,#3681,#3682,#3683,#3684,#3685,#3686,#3687,#3688,#3689,#3690,
#3691),.UNSPECIFIED.,.F.,.F.)
B_SPLINE_CURVE_WITH_KNOTS((4,2,2,2,2,2,2,2,2,2,2,2,2,2,2,2,4),(0.,0.0625,
0.125,0.1875,0.25,0.3125,0.375,0.4375,0.5,0.5625,0.625,0.6875,0.75,0.8125,
0.875,0.9375,1.),.UNSPECIFIED.)
CURVE()
GEOMETRIC_REPRESENTATION_ITEM()
RATIONAL_B_SPLINE_CURVE((1.,1.,1.,1.,1.,1.,1.,1.,1.,1.,1.,1.,1.,1.,1.,1.,
1.,1.,1.,1.,1.,1.,1.,1.,1.,1.,1.,1.,1.,1.,1.,1.,1.,1.))
REPRESENTATION_ITEM('')
);
#119=(
BOUNDED_CURVE()
B_SPLINE_CURVE(3,(#3692,#3693,#3694,#3695,#3696,#3697,#3698,#3699,#3700,
#3701,#3702,#3703,#3704,#3705,#3706,#3707,#3708,#3709,#3710,#3711,#3712,
#3713,#3714,#3715,#3716,#3717,#3718,#3719,#3720,#3721,#3722,#3723,#3724,
#3725),.UNSPECIFIED.,.F.,.F.)
B_SPLINE_CURVE_WITH_KNOTS((4,2,2,2,2,2,2,2,2,2,2,2,2,2,2,2,4),(0.,0.0625,
0.125,0.1875,0.25,0.3125,0.375,0.4375,0.5,0.5625,0.625,0.6875,0.75,0.8125,
0.875,0.9375,1.),.UNSPECIFIED.)
CURVE()
GEOMETRIC_REPRESENTATION_ITEM()
RATIONAL_B_SPLINE_CURVE((1.,1.,1.,1.,1.,1.,1.,1.,1.,1.,1.,1.,1.,1.,1.,1.,
1.,1.,1.,1.,1.,1.,1.,1.,1.,1.,1.,1.,1.,1.,1.,1.,1.,1.))
REPRESENTATION_ITEM('')
);
#120=(
BOUNDED_CURVE()
B_SPLINE_CURVE(3,(#3792,#3793,#3794,#3795,#3796,#3797,#3798,#3799,#3800,
#3801,#3802,#3803,#3804,#3805,#3806,#3807,#3808,#3809,#3810,#3811,#3812,
#3813,#3814,#3815,#3816,#3817,#3818,#3819,#3820,#3821,#3822,#3823,#3824,
#3825),.UNSPECIFIED.,.F.,.F.)
B_SPLINE_CURVE_WITH_KNOTS((4,2,2,2,2,2,2,2,2,2,2,2,2,2,2,2,4),(0.,0.0625,
0.125,0.1875,0.25,0.3125,0.375,0.4375,0.5,0.5625,0.625,0.6875,0.75,0.8125,
0.875,0.9375,1.),.UNSPECIFIED.)
CURVE()
GEOMETRIC_REPRESENTATION_ITEM()
RATIONAL_B_SPLINE_CURVE((1.,1.,1.,1.,1.,1.,1.,1.,1.,1.,1.,1.,1.,1.,1.,1.,
1.,1.,1.,1.,1.,1.,1.,1.,1.,1.,1.,1.,1.,1.,1.,1.,1.,1.))
REPRESENTATION_ITEM('')
);
#121=(
BOUNDED_CURVE()
B_SPLINE_CURVE(3,(#3892,#3893,#3894,#3895,#3896,#3897,#3898,#3899,#3900,
#3901,#3902,#3903,#3904,#3905,#3906,#3907,#3908,#3909,#3910,#3911,#3912,
#3913,#3914,#3915,#3916,#3917,#3918,#3919,#3920,#3921,#3922,#3923,#3924,
#3925),.UNSPECIFIED.,.F.,.F.)
B_SPLINE_CURVE_WITH_KNOTS((4,2,2,2,2,2,2,2,2,2,2,2,2,2,2,2,4),(0.,0.0625,
0.125,0.1875,0.25,0.3125,0.375,0.4375,0.5,0.5625,0.625,0.6875,0.75,0.8125,
0.875,0.9375,1.),.UNSPECIFIED.)
CURVE()
GEOMETRIC_REPRESENTATION_ITEM()
RATIONAL_B_SPLINE_CURVE((1.,1.,1.,1.,1.,1.,1.,1.,1.,1.,1.,1.,1.,1.,1.,1.,
1.,1.,1.,1.,1.,1.,1.,1.,1.,1.,1.,1.,1.,1.,1.,1.,1.,1.))
REPRESENTATION_ITEM('')
);
#122=(
BOUNDED_CURVE()
B_SPLINE_CURVE(3,(#4059,#4060,#4061,#4062,#4063,#4064,#4065,#4066,#4067,
#4068,#4069,#4070,#4071,#4072,#4073,#4074,#4075,#4076,#4077,#4078,#4079,
#4080,#4081,#4082,#4083,#4084,#4085,#4086,#4087,#4088,#4089,#4090,#4091,
#4092),.UNSPECIFIED.,.F.,.F.)
B_SPLINE_CURVE_WITH_KNOTS((4,2,2,2,2,2,2,2,2,2,2,2,2,2,2,2,4),(0.,0.0625,
0.125,0.1875,0.25,0.3125,0.375,0.4375,0.5,0.5625,0.625,0.6875,0.75,0.8125,
0.875,0.9375,1.),.UNSPECIFIED.)
CURVE()
GEOMETRIC_REPRESENTATION_ITEM()
RATIONAL_B_SPLINE_CURVE((1.,1.,1.,1.,1.,1.,1.,1.,1.,1.,1.,1.,1.,1.,1.,1.,
1.,1.,1.,1.,1.,1.,1.,1.,1.,1.,1.,1.,1.,1.,1.,1.,1.,1.))
REPRESENTATION_ITEM('')
);
#123=(
BOUNDED_CURVE()
B_SPLINE_CURVE(3,(#4100,#4101,#4102,#4103,#4104,#4105,#4106,#4107,#4108,
#4109,#4110,#4111,#4112,#4113,#4114,#4115,#4116,#4117,#4118,#4119,#4120,
#4121,#4122,#4123,#4124,#4125,#4126,#4127,#4128,#4129,#4130,#4131,#4132,
#4133),.UNSPECIFIED.,.F.,.F.)
B_SPLINE_CURVE_WITH_KNOTS((4,2,2,2,2,2,2,2,2,2,2,2,2,2,2,2,4),(0.,0.0625,
0.125,0.1875,0.25,0.3125,0.375,0.4375,0.5,0.5625,0.625,0.6875,0.75,0.8125,
0.875,0.9375,1.),.UNSPECIFIED.)
CURVE()
GEOMETRIC_REPRESENTATION_ITEM()
RATIONAL_B_SPLINE_CURVE((1.,1.,1.,1.,1.,1.,1.,1.,1.,1.,1.,1.,1.,1.,1.,1.,
1.,1.,1.,1.,1.,1.,1.,1.,1.,1.,1.,1.,1.,1.,1.,1.,1.,1.))
REPRESENTATION_ITEM('')
);
#124=(
BOUNDED_CURVE()
B_SPLINE_CURVE(3,(#4210,#4211,#4212,#4213,#4214,#4215,#4216,#4217,#4218,
#4219,#4220,#4221,#4222,#4223,#4224,#4225,#4226,#4227,#4228,#4229,#4230,
#4231,#4232,#4233,#4234,#4235,#4236,#4237,#4238,#4239,#4240,#4241,#4242,
#4243),.UNSPECIFIED.,.F.,.F.)
B_SPLINE_CURVE_WITH_KNOTS((4,2,2,2,2,2,2,2,2,2,2,2,2,2,2,2,4),(0.,0.0625,
0.125,0.1875,0.25,0.3125,0.375,0.4375,0.5,0.5625,0.625,0.6875,0.75,0.8125,
0.875,0.9375,1.),.UNSPECIFIED.)
CURVE()
GEOMETRIC_REPRESENTATION_ITEM()
RATIONAL_B_SPLINE_CURVE((1.,1.,1.,1.,1.,1.,1.,1.,1.,1.,1.,1.,1.,1.,1.,1.,
1.,1.,1.,1.,1.,1.,1.,1.,1.,1.,1.,1.,1.,1.,1.,1.,1.,1.))
REPRESENTATION_ITEM('')
);
#125=(
BOUNDED_CURVE()
B_SPLINE_CURVE(3,(#4315,#4316,#4317,#4318,#4319,#4320,#4321,#4322,#4323,
#4324,#4325,#4326,#4327,#4328,#4329,#4330,#4331,#4332,#4333,#4334,#4335,
#4336,#4337,#4338,#4339,#4340,#4341,#4342,#4343,#4344,#4345,#4346,#4347,
#4348),.UNSPECIFIED.,.F.,.F.)
B_SPLINE_CURVE_WITH_KNOTS((4,2,2,2,2,2,2,2,2,2,2,2,2,2,2,2,4),(0.,0.0625,
0.125,0.1875,0.25,0.3125,0.375,0.4375,0.5,0.5625,0.625,0.6875,0.75,0.8125,
0.875,0.9375,1.),.UNSPECIFIED.)
CURVE()
GEOMETRIC_REPRESENTATION_ITEM()
RATIONAL_B_SPLINE_CURVE((1.,1.,1.,1.,1.,1.,1.,1.,1.,1.,1.,1.,1.,1.,1.,1.,
1.,1.,1.,1.,1.,1.,1.,1.,1.,1.,1.,1.,1.,1.,1.,1.,1.,1.))
REPRESENTATION_ITEM('')
);
#126=(
BOUNDED_CURVE()
B_SPLINE_CURVE(3,(#4502,#4503,#4504,#4505,#4506,#4507,#4508,#4509,#4510,
#4511,#4512,#4513,#4514,#4515,#4516,#4517,#4518,#4519,#4520,#4521,#4522,
#4523,#4524,#4525,#4526,#4527,#4528,#4529,#4530,#4531,#4532,#4533,#4534,
#4535),.UNSPECIFIED.,.F.,.F.)
B_SPLINE_CURVE_WITH_KNOTS((4,2,2,2,2,2,2,2,2,2,2,2,2,2,2,2,4),(0.,0.0625,
0.125,0.1875,0.25,0.3125,0.375,0.4375,0.5,0.5625,0.625,0.6875,0.75,0.8125,
0.875,0.9375,1.),.UNSPECIFIED.)
CURVE()
GEOMETRIC_REPRESENTATION_ITEM()
RATIONAL_B_SPLINE_CURVE((1.,1.,1.,1.,1.,1.,1.,1.,1.,1.,1.,1.,1.,1.,1.,1.,
1.,1.,1.,1.,1.,1.,1.,1.,1.,1.,1.,1.,1.,1.,1.,1.,1.,1.))
REPRESENTATION_ITEM('')
);
#127=(
BOUNDED_CURVE()
B_SPLINE_CURVE(3,(#4543,#4544,#4545,#4546,#4547,#4548,#4549,#4550,#4551,
#4552,#4553,#4554,#4555,#4556,#4557,#4558,#4559,#4560,#4561,#4562,#4563,
#4564,#4565,#4566,#4567,#4568,#4569,#4570,#4571,#4572,#4573,#4574,#4575,
#4576),.UNSPECIFIED.,.F.,.F.)
B_SPLINE_CURVE_WITH_KNOTS((4,2,2,2,2,2,2,2,2,2,2,2,2,2,2,2,4),(0.,0.0625,
0.125,0.1875,0.25,0.3125,0.375,0.4375,0.5,0.5625,0.625,0.6875,0.75,0.8125,
0.875,0.9375,1.),.UNSPECIFIED.)
CURVE()
GEOMETRIC_REPRESENTATION_ITEM()
RATIONAL_B_SPLINE_CURVE((1.,1.,1.,1.,1.,1.,1.,1.,1.,1.,1.,1.,1.,1.,1.,1.,
1.,1.,1.,1.,1.,1.,1.,1.,1.,1.,1.,1.,1.,1.,1.,1.,1.,1.))
REPRESENTATION_ITEM('')
);
#128=(
BOUNDED_CURVE()
B_SPLINE_CURVE(3,(#4653,#4654,#4655,#4656,#4657,#4658,#4659,#4660,#4661,
#4662,#4663,#4664,#4665,#4666,#4667,#4668,#4669,#4670,#4671,#4672,#4673,
#4674,#4675,#4676,#4677,#4678,#4679,#4680,#4681,#4682,#4683,#4684,#4685,
#4686),.UNSPECIFIED.,.F.,.F.)
B_SPLINE_CURVE_WITH_KNOTS((4,2,2,2,2,2,2,2,2,2,2,2,2,2,2,2,4),(0.,0.0625,
0.125,0.1875,0.25,0.3125,0.375,0.4375,0.5,0.5625,0.625,0.6875,0.75,0.8125,
0.875,0.9375,1.),.UNSPECIFIED.)
CURVE()
GEOMETRIC_REPRESENTATION_ITEM()
RATIONAL_B_SPLINE_CURVE((1.,1.,1.,1.,1.,1.,1.,1.,1.,1.,1.,1.,1.,1.,1.,1.,
1.,1.,1.,1.,1.,1.,1.,1.,1.,1.,1.,1.,1.,1.,1.,1.,1.,1.))
REPRESENTATION_ITEM('')
);
#129=(
BOUNDED_CURVE()
B_SPLINE_CURVE(3,(#4758,#4759,#4760,#4761,#4762,#4763,#4764,#4765,#4766,
#4767,#4768,#4769,#4770,#4771,#4772,#4773,#4774,#4775,#4776,#4777,#4778,
#4779,#4780,#4781,#4782,#4783,#4784,#4785,#4786,#4787,#4788,#4789,#4790,
#4791),.UNSPECIFIED.,.F.,.F.)
B_SPLINE_CURVE_WITH_KNOTS((4,2,2,2,2,2,2,2,2,2,2,2,2,2,2,2,4),(0.,0.0625,
0.125,0.1875,0.25,0.3125,0.375,0.4375,0.5,0.5625,0.625,0.6875,0.75,0.8125,
0.875,0.9375,1.),.UNSPECIFIED.)
CURVE()
GEOMETRIC_REPRESENTATION_ITEM()
RATIONAL_B_SPLINE_CURVE((1.,1.,1.,1.,1.,1.,1.,1.,1.,1.,1.,1.,1.,1.,1.,1.,
1.,1.,1.,1.,1.,1.,1.,1.,1.,1.,1.,1.,1.,1.,1.,1.,1.,1.))
REPRESENTATION_ITEM('')
);
#130=(
BOUNDED_CURVE()
B_SPLINE_CURVE(3,(#4945,#4946,#4947,#4948,#4949,#4950,#4951,#4952,#4953,
#4954,#4955,#4956,#4957,#4958,#4959,#4960,#4961,#4962,#4963,#4964,#4965,
#4966,#4967,#4968,#4969,#4970,#4971,#4972,#4973,#4974,#4975,#4976,#4977,
#4978),.UNSPECIFIED.,.F.,.F.)
B_SPLINE_CURVE_WITH_KNOTS((4,2,2,2,2,2,2,2,2,2,2,2,2,2,2,2,4),(0.,0.0625,
0.125,0.1875,0.25,0.3125,0.375,0.4375,0.5,0.5625,0.625,0.6875,0.75,0.8125,
0.875,0.9375,1.),.UNSPECIFIED.)
CURVE()
GEOMETRIC_REPRESENTATION_ITEM()
RATIONAL_B_SPLINE_CURVE((1.,1.,1.,1.,1.,1.,1.,1.,1.,1.,1.,1.,1.,1.,1.,1.,
1.,1.,1.,1.,1.,1.,1.,1.,1.,1.,1.,1.,1.,1.,1.,1.,1.,1.))
REPRESENTATION_ITEM('')
);
#131=(
BOUNDED_CURVE()
B_SPLINE_CURVE(3,(#4986,#4987,#4988,#4989,#4990,#4991,#4992,#4993,#4994,
#4995,#4996,#4997,#4998,#4999,#5000,#5001,#5002,#5003,#5004,#5005,#5006,
#5007,#5008,#5009,#5010,#5011,#5012,#5013,#5014,#5015,#5016,#5017,#5018,
#5019),.UNSPECIFIED.,.F.,.F.)
B_SPLINE_CURVE_WITH_KNOTS((4,2,2,2,2,2,2,2,2,2,2,2,2,2,2,2,4),(0.,0.0625,
0.125,0.1875,0.25,0.3125,0.375,0.4375,0.5,0.5625,0.625,0.6875,0.75,0.8125,
0.875,0.9375,1.),.UNSPECIFIED.)
CURVE()
GEOMETRIC_REPRESENTATION_ITEM()
RATIONAL_B_SPLINE_CURVE((1.,1.,1.,1.,1.,1.,1.,1.,1.,1.,1.,1.,1.,1.,1.,1.,
1.,1.,1.,1.,1.,1.,1.,1.,1.,1.,1.,1.,1.,1.,1.,1.,1.,1.))
REPRESENTATION_ITEM('')
);
#132=(
BOUNDED_CURVE()
B_SPLINE_CURVE(3,(#5096,#5097,#5098,#5099,#5100,#5101,#5102,#5103,#5104,
#5105,#5106,#5107,#5108,#5109,#5110,#5111,#5112,#5113,#5114,#5115,#5116,
#5117,#5118,#5119,#5120,#5121,#5122,#5123,#5124,#5125,#5126,#5127,#5128,
#5129),.UNSPECIFIED.,.F.,.F.)
B_SPLINE_CURVE_WITH_KNOTS((4,2,2,2,2,2,2,2,2,2,2,2,2,2,2,2,4),(0.,0.0625,
0.125,0.1875,0.25,0.3125,0.375,0.4375,0.5,0.5625,0.625,0.6875,0.75,0.8125,
0.875,0.9375,1.),.UNSPECIFIED.)
CURVE()
GEOMETRIC_REPRESENTATION_ITEM()
RATIONAL_B_SPLINE_CURVE((1.,1.,1.,1.,1.,1.,1.,1.,1.,1.,1.,1.,1.,1.,1.,1.,
1.,1.,1.,1.,1.,1.,1.,1.,1.,1.,1.,1.,1.,1.,1.,1.,1.,1.))
REPRESENTATION_ITEM('')
);
#133=(
BOUNDED_CURVE()
B_SPLINE_CURVE(3,(#5201,#5202,#5203,#5204,#5205,#5206,#5207,#5208,#5209,
#5210,#5211,#5212,#5213,#5214,#5215,#5216,#5217,#5218,#5219,#5220,#5221,
#5222,#5223,#5224,#5225,#5226,#5227,#5228,#5229,#5230,#5231,#5232,#5233,
#5234),.UNSPECIFIED.,.F.,.F.)
B_SPLINE_CURVE_WITH_KNOTS((4,2,2,2,2,2,2,2,2,2,2,2,2,2,2,2,4),(0.,0.0625,
0.125,0.1875,0.25,0.3125,0.375,0.4375,0.5,0.5625,0.625,0.6875,0.75,0.8125,
0.875,0.9375,1.),.UNSPECIFIED.)
CURVE()
GEOMETRIC_REPRESENTATION_ITEM()
RATIONAL_B_SPLINE_CURVE((1.,1.,1.,1.,1.,1.,1.,1.,1.,1.,1.,1.,1.,1.,1.,1.,
1.,1.,1.,1.,1.,1.,1.,1.,1.,1.,1.,1.,1.,1.,1.,1.,1.,1.))
REPRESENTATION_ITEM('')
);
#134=(
BOUNDED_CURVE()
B_SPLINE_CURVE(3,(#5388,#5389,#5390,#5391,#5392,#5393,#5394,#5395,#5396,
#5397,#5398,#5399,#5400,#5401,#5402,#5403,#5404,#5405,#5406,#5407,#5408,
#5409,#5410,#5411,#5412,#5413,#5414,#5415,#5416,#5417,#5418,#5419,#5420,
#5421),.UNSPECIFIED.,.F.,.F.)
B_SPLINE_CURVE_WITH_KNOTS((4,2,2,2,2,2,2,2,2,2,2,2,2,2,2,2,4),(0.,0.0625,
0.125,0.1875,0.25,0.3125,0.375,0.4375,0.5,0.5625,0.625,0.6875,0.75,0.8125,
0.875,0.9375,1.),.UNSPECIFIED.)
CURVE()
GEOMETRIC_REPRESENTATION_ITEM()
RATIONAL_B_SPLINE_CURVE((1.,1.,1.,1.,1.,1.,1.,1.,1.,1.,1.,1.,1.,1.,1.,1.,
1.,1.,1.,1.,1.,1.,1.,1.,1.,1.,1.,1.,1.,1.,1.,1.,1.,1.))
REPRESENTATION_ITEM('')
);
#135=(
BOUNDED_CURVE()
B_SPLINE_CURVE(3,(#5429,#5430,#5431,#5432,#5433,#5434,#5435,#5436,#5437,
#5438,#5439,#5440,#5441,#5442,#5443,#5444,#5445,#5446,#5447,#5448,#5449,
#5450,#5451,#5452,#5453,#5454,#5455,#5456,#5457,#5458,#5459,#5460,#5461,
#5462),.UNSPECIFIED.,.F.,.F.)
B_SPLINE_CURVE_WITH_KNOTS((4,2,2,2,2,2,2,2,2,2,2,2,2,2,2,2,4),(0.,0.0625,
0.125,0.1875,0.25,0.3125,0.375,0.4375,0.5,0.5625,0.625,0.6875,0.75,0.8125,
0.875,0.9375,1.),.UNSPECIFIED.)
CURVE()
GEOMETRIC_REPRESENTATION_ITEM()
RATIONAL_B_SPLINE_CURVE((1.,1.,1.,1.,1.,1.,1.,1.,1.,1.,1.,1.,1.,1.,1.,1.,
1.,1.,1.,1.,1.,1.,1.,1.,1.,1.,1.,1.,1.,1.,1.,1.,1.,1.))
REPRESENTATION_ITEM('')
);
#136=(
BOUNDED_CURVE()
B_SPLINE_CURVE(3,(#5539,#5540,#5541,#5542,#5543,#5544,#5545,#5546,#5547,
#5548,#5549,#5550,#5551,#5552,#5553,#5554,#5555,#5556,#5557,#5558,#5559,
#5560,#5561,#5562,#5563,#5564,#5565,#5566,#5567,#5568,#5569,#5570,#5571,
#5572),.UNSPECIFIED.,.F.,.F.)
B_SPLINE_CURVE_WITH_KNOTS((4,2,2,2,2,2,2,2,2,2,2,2,2,2,2,2,4),(0.,0.0625,
0.125,0.1875,0.25,0.3125,0.375,0.4375,0.5,0.5625,0.625,0.6875,0.75,0.8125,
0.875,0.9375,1.),.UNSPECIFIED.)
CURVE()
GEOMETRIC_REPRESENTATION_ITEM()
RATIONAL_B_SPLINE_CURVE((1.,1.,1.,1.,1.,1.,1.,1.,1.,1.,1.,1.,1.,1.,1.,1.,
1.,1.,1.,1.,1.,1.,1.,1.,1.,1.,1.,1.,1.,1.,1.,1.,1.,1.))
REPRESENTATION_ITEM('')
);
#137=(
BOUNDED_CURVE()
B_SPLINE_CURVE(3,(#5644,#5645,#5646,#5647,#5648,#5649,#5650,#5651,#5652,
#5653,#5654,#5655,#5656,#5657,#5658,#5659,#5660,#5661,#5662,#5663,#5664,
#5665,#5666,#5667,#5668,#5669,#5670,#5671,#5672,#5673,#5674,#5675,#5676,
#5677),.UNSPECIFIED.,.F.,.F.)
B_SPLINE_CURVE_WITH_KNOTS((4,2,2,2,2,2,2,2,2,2,2,2,2,2,2,2,4),(0.,0.0625,
0.125,0.1875,0.25,0.3125,0.375,0.4375,0.5,0.5625,0.625,0.6875,0.75,0.8125,
0.875,0.9375,1.),.UNSPECIFIED.)
CURVE()
GEOMETRIC_REPRESENTATION_ITEM()
RATIONAL_B_SPLINE_CURVE((1.,1.,1.,1.,1.,1.,1.,1.,1.,1.,1.,1.,1.,1.,1.,1.,
1.,1.,1.,1.,1.,1.,1.,1.,1.,1.,1.,1.,1.,1.,1.,1.,1.,1.))
REPRESENTATION_ITEM('')
);
#138=(
BOUNDED_SURFACE()
B_SPLINE_SURFACE(3,2,((#1323,#1324,#1325),(#1326,#1327,#1328),(#1329,#1330,
#1331),(#1332,#1333,#1334),(#1335,#1336,#1337),(#1338,#1339,#1340),(#1341,
#1342,#1343),(#1344,#1345,#1346),(#1347,#1348,#1349),(#1350,#1351,#1352),
(#1353,#1354,#1355),(#1356,#1357,#1358),(#1359,#1360,#1361),(#1362,#1363,
#1364),(#1365,#1366,#1367),(#1368,#1369,#1370),(#1371,#1372,#1373),(#1374,
#1375,#1376),(#1377,#1378,#1379),(#1380,#1381,#1382),(#1383,#1384,#1385),
(#1386,#1387,#1388)),.UNSPECIFIED.,.F.,.F.,.F.)
B_SPLINE_SURFACE_WITH_KNOTS((4,2,2,2,2,2,2,2,2,2,4),(3,3),(22.2294227751093,
22.500277413902,28.1253467673775,33.750416120853,39.3754854743286,45.0005548278041,
50.6256241812796,56.2506935347551,61.8757628882306,67.5008322417061,67.9135718514812),
(0.,1.),.UNSPECIFIED.)
GEOMETRIC_REPRESENTATION_ITEM()
RATIONAL_B_SPLINE_SURFACE(((1.,0.707106781186547,1.),(1.,0.707106781186547,
1.),(1.,0.707106781186547,1.),(1.,0.707106781186547,1.),(1.,0.707106781186547,
1.),(1.,0.707106781186547,1.),(1.,0.707106781186547,1.),(1.,0.707106781186547,
1.),(1.,0.707106781186547,1.),(1.,0.707106781186547,1.),(1.,0.707106781186547,
1.),(1.,0.707106781186547,1.),(1.,0.707106781186547,1.),(1.,0.707106781186547,
1.),(1.,0.707106781186547,1.),(1.,0.707106781186547,1.),(1.,0.707106781186547,
1.),(1.,0.707106781186547,1.),(1.,0.707106781186547,1.),(1.,0.707106781186547,
1.),(1.,0.707106781186547,1.),(1.,0.707106781186547,1.)))
REPRESENTATION_ITEM('')
SURFACE()
);
#139=(
BOUNDED_SURFACE()
B_SPLINE_SURFACE(3,2,((#1469,#1470,#1471),(#1472,#1473,#1474),(#1475,#1476,
#1477),(#1478,#1479,#1480),(#1481,#1482,#1483),(#1484,#1485,#1486),(#1487,
#1488,#1489),(#1490,#1491,#1492),(#1493,#1494,#1495),(#1496,#1497,#1498),
(#1499,#1500,#1501),(#1502,#1503,#1504),(#1505,#1506,#1507),(#1508,#1509,
#1510),(#1511,#1512,#1513),(#1514,#1515,#1516),(#1517,#1518,#1519),(#1520,
#1521,#1522),(#1523,#1524,#1525),(#1526,#1527,#1528),(#1529,#1530,#1531),
(#1532,#1533,#1534)),.UNSPECIFIED.,.F.,.F.,.F.)
B_SPLINE_SURFACE_WITH_KNOTS((4,2,2,2,2,2,2,2,2,2,4),(3,3),(22.0875378041269,
22.500277413902,28.1253467673775,33.750416120853,39.3754854743286,45.0005548278041,
50.6256241812796,56.2506935347551,61.8757628882306,67.5008322417061,67.7716868804988),
(0.,1.),.UNSPECIFIED.)
GEOMETRIC_REPRESENTATION_ITEM()
RATIONAL_B_SPLINE_SURFACE(((1.,0.707106781186547,1.),(1.,0.707106781186547,
1.),(1.,0.707106781186547,1.),(1.,0.707106781186547,1.),(1.,0.707106781186547,
1.),(1.,0.707106781186547,1.),(1.,0.707106781186547,1.),(1.,0.707106781186547,
1.),(1.,0.707106781186547,1.),(1.,0.707106781186547,1.),(1.,0.707106781186547,
1.),(1.,0.707106781186547,1.),(1.,0.707106781186547,1.),(1.,0.707106781186547,
1.),(1.,0.707106781186547,1.),(1.,0.707106781186547,1.),(1.,0.707106781186547,
1.),(1.,0.707106781186547,1.),(1.,0.707106781186547,1.),(1.,0.707106781186547,
1.),(1.,0.707106781186547,1.),(1.,0.707106781186547,1.)))
REPRESENTATION_ITEM('')
SURFACE()
);
#140=(
BOUNDED_SURFACE()
B_SPLINE_SURFACE(3,2,((#1579,#1580,#1581),(#1582,#1583,#1584),(#1585,#1586,
#1587),(#1588,#1589,#1590),(#1591,#1592,#1593),(#1594,#1595,#1596),(#1597,
#1598,#1599),(#1600,#1601,#1602),(#1603,#1604,#1605),(#1606,#1607,#1608),
(#1609,#1610,#1611),(#1612,#1613,#1614),(#1615,#1616,#1617),(#1618,#1619,
#1620),(#1621,#1622,#1623),(#1624,#1625,#1626),(#1627,#1628,#1629),(#1630,
#1631,#1632),(#1633,#1634,#1635),(#1636,#1637,#1638),(#1639,#1640,#1641),
(#1642,#1643,#1644)),.UNSPECIFIED.,.F.,.F.,.F.)
B_SPLINE_SURFACE_WITH_KNOTS((4,2,2,2,2,2,2,2,2,2,4),(3,3),(21.8070927233078,
22.0728014770819,27.5910018463523,33.1092022156228,38.6274025848933,44.1456029541637,
49.6638033234342,55.1820036927047,60.7002040619751,66.2184044312456,66.6233025265316),
(0.,1.),.UNSPECIFIED.)
GEOMETRIC_REPRESENTATION_ITEM()
RATIONAL_B_SPLINE_SURFACE(((1.,0.707106781186547,1.),(1.,0.707106781186547,
1.),(1.,0.707106781186547,1.),(1.,0.707106781186547,1.),(1.,0.707106781186547,
1.),(1.,0.707106781186547,1.),(1.,0.707106781186547,1.),(1.,0.707106781186547,
1.),(1.,0.707106781186547,1.),(1.,0.707106781186547,1.),(1.,0.707106781186547,
1.),(1.,0.707106781186547,1.),(1.,0.707106781186547,1.),(1.,0.707106781186547,
1.),(1.,0.707106781186547,1.),(1.,0.707106781186547,1.),(1.,0.707106781186547,
1.),(1.,0.707106781186547,1.),(1.,0.707106781186547,1.),(1.,0.707106781186547,
1.),(1.,0.707106781186547,1.),(1.,0.707106781186547,1.)))
REPRESENTATION_ITEM('')
SURFACE()
);
#141=(
BOUNDED_SURFACE()
B_SPLINE_SURFACE(3,2,((#1689,#1690,#1691),(#1692,#1693,#1694),(#1695,#1696,
#1697),(#1698,#1699,#1700),(#1701,#1702,#1703),(#1704,#1705,#1706),(#1707,
#1708,#1709),(#1710,#1711,#1712),(#1713,#1714,#1715),(#1716,#1717,#1718),
(#1719,#1720,#1721),(#1722,#1723,#1724),(#1725,#1726,#1727),(#1728,#1729,
#1730),(#1731,#1732,#1733),(#1734,#1735,#1736),(#1737,#1738,#1739),(#1740,
#1741,#1742),(#1743,#1744,#1745),(#1746,#1747,#1748),(#1749,#1750,#1751),
(#1752,#1753,#1754)),.UNSPECIFIED.,.F.,.F.,.F.)
B_SPLINE_SURFACE_WITH_KNOTS((4,2,2,2,2,2,2,2,2,2,4),(3,3),(21.6679033817959,
22.0728014770819,27.5910018463523,33.1092022156228,38.6274025848933,44.1456029541637,
49.6638033234342,55.1820036927047,60.7002040619751,66.2184044312456,66.4841131850197),
(0.,1.),.UNSPECIFIED.)
GEOMETRIC_REPRESENTATION_ITEM()
RATIONAL_B_SPLINE_SURFACE(((1.,0.707106781186547,1.),(1.,0.707106781186547,
1.),(1.,0.707106781186547,1.),(1.,0.707106781186547,1.),(1.,0.707106781186547,
1.),(1.,0.707106781186547,1.),(1.,0.707106781186547,1.),(1.,0.707106781186547,
1.),(1.,0.707106781186547,1.),(1.,0.707106781186547,1.),(1.,0.707106781186547,
1.),(1.,0.707106781186547,1.),(1.,0.707106781186547,1.),(1.,0.707106781186547,
1.),(1.,0.707106781186547,1.),(1.,0.707106781186547,1.),(1.,0.707106781186547,
1.),(1.,0.707106781186547,1.),(1.,0.707106781186547,1.),(1.,0.707106781186547,
1.),(1.,0.707106781186547,1.),(1.,0.707106781186547,1.)))
REPRESENTATION_ITEM('')
SURFACE()
);
#142=(
BOUNDED_SURFACE()
B_SPLINE_SURFACE(3,2,((#1763,#1764,#1765),(#1766,#1767,#1768),(#1769,#1770,
#1771),(#1772,#1773,#1774),(#1775,#1776,#1777),(#1778,#1779,#1780),(#1781,
#1782,#1783),(#1784,#1785,#1786),(#1787,#1788,#1789),(#1790,#1791,#1792),
(#1793,#1794,#1795),(#1796,#1797,#1798),(#1799,#1800,#1801),(#1802,#1803,
#1804),(#1805,#1806,#1807),(#1808,#1809,#1810),(#1811,#1812,#1813),(#1814,
#1815,#1816),(#1817,#1818,#1819),(#1820,#1821,#1822),(#1823,#1824,#1825),
(#1826,#1827,#1828)),.UNSPECIFIED.,.F.,.F.,.F.)
B_SPLINE_SURFACE_WITH_KNOTS((4,2,2,2,2,2,2,2,2,2,4),(3,3),(22.0875378041269,
22.500277413902,28.1253467673775,33.750416120853,39.3754854743286,45.0005548278041,
50.6256241812796,56.2506935347551,61.8757628882306,67.5008322417061,67.7716868804988),
(0.,1.),.UNSPECIFIED.)
GEOMETRIC_REPRESENTATION_ITEM()
RATIONAL_B_SPLINE_SURFACE(((1.,0.707106781186547,1.),(1.,0.707106781186547,
1.),(1.,0.707106781186547,1.),(1.,0.707106781186547,1.),(1.,0.707106781186547,
1.),(1.,0.707106781186547,1.),(1.,0.707106781186547,1.),(1.,0.707106781186547,
1.),(1.,0.707106781186547,1.),(1.,0.707106781186547,1.),(1.,0.707106781186547,
1.),(1.,0.707106781186547,1.),(1.,0.707106781186547,1.),(1.,0.707106781186547,
1.),(1.,0.707106781186547,1.),(1.,0.707106781186547,1.),(1.,0.707106781186547,
1.),(1.,0.707106781186547,1.),(1.,0.707106781186547,1.),(1.,0.707106781186547,
1.),(1.,0.707106781186547,1.),(1.,0.707106781186547,1.)))
REPRESENTATION_ITEM('')
SURFACE()
);
#143=(
BOUNDED_SURFACE()
B_SPLINE_SURFACE(3,2,((#1909,#1910,#1911),(#1912,#1913,#1914),(#1915,#1916,
#1917),(#1918,#1919,#1920),(#1921,#1922,#1923),(#1924,#1925,#1926),(#1927,
#1928,#1929),(#1930,#1931,#1932),(#1933,#1934,#1935),(#1936,#1937,#1938),
(#1939,#1940,#1941),(#1942,#1943,#1944),(#1945,#1946,#1947),(#1948,#1949,
#1950),(#1951,#1952,#1953),(#1954,#1955,#1956),(#1957,#1958,#1959),(#1960,
#1961,#1962),(#1963,#1964,#1965),(#1966,#1967,#1968),(#1969,#1970,#1971),
(#1972,#1973,#1974)),.UNSPECIFIED.,.F.,.F.,.F.)
B_SPLINE_SURFACE_WITH_KNOTS((4,2,2,2,2,2,2,2,2,2,4),(3,3),(21.6679033817959,
22.0728014770819,27.5910018463523,33.1092022156228,38.6274025848933,44.1456029541637,
49.6638033234342,55.1820036927047,60.7002040619751,66.2184044312456,66.4841131850197),
(0.,1.),.UNSPECIFIED.)
GEOMETRIC_REPRESENTATION_ITEM()
RATIONAL_B_SPLINE_SURFACE(((1.,0.707106781186547,1.),(1.,0.707106781186547,
1.),(1.,0.707106781186547,1.),(1.,0.707106781186547,1.),(1.,0.707106781186547,
1.),(1.,0.707106781186547,1.),(1.,0.707106781186547,1.),(1.,0.707106781186547,
1.),(1.,0.707106781186547,1.),(1.,0.707106781186547,1.),(1.,0.707106781186547,
1.),(1.,0.707106781186547,1.),(1.,0.707106781186547,1.),(1.,0.707106781186547,
1.),(1.,0.707106781186547,1.),(1.,0.707106781186547,1.),(1.,0.707106781186547,
1.),(1.,0.707106781186547,1.),(1.,0.707106781186547,1.),(1.,0.707106781186547,
1.),(1.,0.707106781186547,1.),(1.,0.707106781186547,1.)))
REPRESENTATION_ITEM('')
SURFACE()
);
#144=(
BOUNDED_SURFACE()
B_SPLINE_SURFACE(3,2,((#2019,#2020,#2021),(#2022,#2023,#2024),(#2025,#2026,
#2027),(#2028,#2029,#2030),(#2031,#2032,#2033),(#2034,#2035,#2036),(#2037,
#2038,#2039),(#2040,#2041,#2042),(#2043,#2044,#2045),(#2046,#2047,#2048),
(#2049,#2050,#2051),(#2052,#2053,#2054),(#2055,#2056,#2057),(#2058,#2059,
#2060),(#2061,#2062,#2063),(#2064,#2065,#2066),(#2067,#2068,#2069),(#2070,
#2071,#2072),(#2073,#2074,#2075),(#2076,#2077,#2078),(#2079,#2080,#2081),
(#2082,#2083,#2084)),.UNSPECIFIED.,.F.,.F.,.F.)
B_SPLINE_SURFACE_WITH_KNOTS((4,2,2,2,2,2,2,2,2,2,4),(3,3),(22.2294227751093,
22.500277413902,28.1253467673775,33.750416120853,39.3754854743286,45.0005548278041,
50.6256241812796,56.2506935347551,61.8757628882306,67.5008322417061,67.9135718514813),
(0.,1.),.UNSPECIFIED.)
GEOMETRIC_REPRESENTATION_ITEM()
RATIONAL_B_SPLINE_SURFACE(((1.,0.707106781186547,1.),(1.,0.707106781186547,
1.),(1.,0.707106781186547,1.),(1.,0.707106781186547,1.),(1.,0.707106781186547,
1.),(1.,0.707106781186547,1.),(1.,0.707106781186547,1.),(1.,0.707106781186547,
1.),(1.,0.707106781186547,1.),(1.,0.707106781186547,1.),(1.,0.707106781186547,
1.),(1.,0.707106781186547,1.),(1.,0.707106781186547,1.),(1.,0.707106781186547,
1.),(1.,0.707106781186547,1.),(1.,0.707106781186547,1.),(1.,0.707106781186547,
1.),(1.,0.707106781186547,1.),(1.,0.707106781186547,1.),(1.,0.707106781186547,
1.),(1.,0.707106781186547,1.),(1.,0.707106781186547,1.)))
REPRESENTATION_ITEM('')
SURFACE()
);
#145=(
BOUNDED_SURFACE()
B_SPLINE_SURFACE(3,2,((#2165,#2166,#2167),(#2168,#2169,#2170),(#2171,#2172,
#2173),(#2174,#2175,#2176),(#2177,#2178,#2179),(#2180,#2181,#2182),(#2183,
#2184,#2185),(#2186,#2187,#2188),(#2189,#2190,#2191),(#2192,#2193,#2194),
(#2195,#2196,#2197),(#2198,#2199,#2200),(#2201,#2202,#2203),(#2204,#2205,
#2206),(#2207,#2208,#2209),(#2210,#2211,#2212),(#2213,#2214,#2215),(#2216,
#2217,#2218),(#2219,#2220,#2221),(#2222,#2223,#2224),(#2225,#2226,#2227),
(#2228,#2229,#2230)),.UNSPECIFIED.,.F.,.F.,.F.)
B_SPLINE_SURFACE_WITH_KNOTS((4,2,2,2,2,2,2,2,2,2,4),(3,3),(21.8070927233078,
22.0728014770819,27.5910018463523,33.1092022156228,38.6274025848933,44.1456029541637,
49.6638033234342,55.1820036927047,60.7002040619751,66.2184044312456,66.6233025265316),
(0.,1.),.UNSPECIFIED.)
GEOMETRIC_REPRESENTATION_ITEM()
RATIONAL_B_SPLINE_SURFACE(((1.,0.707106781186547,1.),(1.,0.707106781186547,
1.),(1.,0.707106781186547,1.),(1.,0.707106781186547,1.),(1.,0.707106781186547,
1.),(1.,0.707106781186547,1.),(1.,0.707106781186547,1.),(1.,0.707106781186547,
1.),(1.,0.707106781186547,1.),(1.,0.707106781186547,1.),(1.,0.707106781186547,
1.),(1.,0.707106781186547,1.),(1.,0.707106781186547,1.),(1.,0.707106781186547,
1.),(1.,0.707106781186547,1.),(1.,0.707106781186547,1.),(1.,0.707106781186547,
1.),(1.,0.707106781186547,1.),(1.,0.707106781186547,1.),(1.,0.707106781186547,
1.),(1.,0.707106781186547,1.),(1.,0.707106781186547,1.)))
REPRESENTATION_ITEM('')
SURFACE()
);
#146=(
BOUNDED_SURFACE()
B_SPLINE_SURFACE(3,2,((#2275,#2276,#2277),(#2278,#2279,#2280),(#2281,#2282,
#2283),(#2284,#2285,#2286),(#2287,#2288,#2289),(#2290,#2291,#2292),(#2293,
#2294,#2295),(#2296,#2297,#2298),(#2299,#2300,#2301),(#2302,#2303,#2304),
(#2305,#2306,#2307),(#2308,#2309,#2310),(#2311,#2312,#2313),(#2314,#2315,
#2316),(#2317,#2318,#2319),(#2320,#2321,#2322),(#2323,#2324,#2325),(#2326,
#2327,#2328),(#2329,#2330,#2331),(#2332,#2333,#2334),(#2335,#2336,#2337),
(#2338,#2339,#2340)),.UNSPECIFIED.,.F.,.F.,.F.)
B_SPLINE_SURFACE_WITH_KNOTS((4,2,2,2,2,2,2,2,2,2,4),(3,3),(22.2294227751093,
22.500277413902,28.1253467673775,33.750416120853,39.3754854743286,45.0005548278041,
50.6256241812796,56.2506935347551,61.8757628882306,67.5008322417061,67.9135718514812),
(0.,1.),.UNSPECIFIED.)
GEOMETRIC_REPRESENTATION_ITEM()
RATIONAL_B_SPLINE_SURFACE(((1.,0.707106781186547,1.),(1.,0.707106781186547,
1.),(1.,0.707106781186547,1.),(1.,0.707106781186547,1.),(1.,0.707106781186547,
1.),(1.,0.707106781186547,1.),(1.,0.707106781186547,1.),(1.,0.707106781186547,
1.),(1.,0.707106781186547,1.),(1.,0.707106781186547,1.),(1.,0.707106781186547,
1.),(1.,0.707106781186547,1.),(1.,0.707106781186547,1.),(1.,0.707106781186547,
1.),(1.,0.707106781186547,1.),(1.,0.707106781186547,1.),(1.,0.707106781186547,
1.),(1.,0.707106781186547,1.),(1.,0.707106781186547,1.),(1.,0.707106781186547,
1.),(1.,0.707106781186547,1.),(1.,0.707106781186547,1.)))
REPRESENTATION_ITEM('')
SURFACE()
);
#147=(
BOUNDED_SURFACE()
B_SPLINE_SURFACE(3,2,((#2385,#2386,#2387),(#2388,#2389,#2390),(#2391,#2392,
#2393),(#2394,#2395,#2396),(#2397,#2398,#2399),(#2400,#2401,#2402),(#2403,
#2404,#2405),(#2406,#2407,#2408),(#2409,#2410,#2411),(#2412,#2413,#2414),
(#2415,#2416,#2417),(#2418,#2419,#2420),(#2421,#2422,#2423),(#2424,#2425,
#2426),(#2427,#2428,#2429),(#2430,#2431,#2432),(#2433,#2434,#2435),(#2436,
#2437,#2438),(#2439,#2440,#2441),(#2442,#2443,#2444),(#2445,#2446,#2447),
(#2448,#2449,#2450)),.UNSPECIFIED.,.F.,.F.,.F.)
B_SPLINE_SURFACE_WITH_KNOTS((4,2,2,2,2,2,2,2,2,2,4),(3,3),(22.0875378041269,
22.500277413902,28.1253467673775,33.750416120853,39.3754854743286,45.0005548278041,
50.6256241812796,56.2506935347551,61.8757628882306,67.5008322417061,67.7716868804988),
(0.,1.),.UNSPECIFIED.)
GEOMETRIC_REPRESENTATION_ITEM()
RATIONAL_B_SPLINE_SURFACE(((1.,0.707106781186547,1.),(1.,0.707106781186547,
1.),(1.,0.707106781186547,1.),(1.,0.707106781186547,1.),(1.,0.707106781186547,
1.),(1.,0.707106781186547,1.),(1.,0.707106781186547,1.),(1.,0.707106781186547,
1.),(1.,0.707106781186547,1.),(1.,0.707106781186547,1.),(1.,0.707106781186547,
1.),(1.,0.707106781186547,1.),(1.,0.707106781186547,1.),(1.,0.707106781186547,
1.),(1.,0.707106781186547,1.),(1.,0.707106781186547,1.),(1.,0.707106781186547,
1.),(1.,0.707106781186547,1.),(1.,0.707106781186547,1.),(1.,0.707106781186547,
1.),(1.,0.707106781186547,1.),(1.,0.707106781186547,1.)))
REPRESENTATION_ITEM('')
SURFACE()
);
#148=(
BOUNDED_SURFACE()
B_SPLINE_SURFACE(3,2,((#2495,#2496,#2497),(#2498,#2499,#2500),(#2501,#2502,
#2503),(#2504,#2505,#2506),(#2507,#2508,#2509),(#2510,#2511,#2512),(#2513,
#2514,#2515),(#2516,#2517,#2518),(#2519,#2520,#2521),(#2522,#2523,#2524),
(#2525,#2526,#2527),(#2528,#2529,#2530),(#2531,#2532,#2533),(#2534,#2535,
#2536),(#2537,#2538,#2539),(#2540,#2541,#2542),(#2543,#2544,#2545),(#2546,
#2547,#2548),(#2549,#2550,#2551),(#2552,#2553,#2554),(#2555,#2556,#2557),
(#2558,#2559,#2560)),.UNSPECIFIED.,.F.,.F.,.F.)
B_SPLINE_SURFACE_WITH_KNOTS((4,2,2,2,2,2,2,2,2,2,4),(3,3),(21.8070927233078,
22.0728014770819,27.5910018463523,33.1092022156228,38.6274025848933,44.1456029541637,
49.6638033234342,55.1820036927047,60.7002040619751,66.2184044312456,66.6233025265316),
(0.,1.),.UNSPECIFIED.)
GEOMETRIC_REPRESENTATION_ITEM()
RATIONAL_B_SPLINE_SURFACE(((1.,0.707106781186547,1.),(1.,0.707106781186547,
1.),(1.,0.707106781186547,1.),(1.,0.707106781186547,1.),(1.,0.707106781186547,
1.),(1.,0.707106781186547,1.),(1.,0.707106781186547,1.),(1.,0.707106781186547,
1.),(1.,0.707106781186547,1.),(1.,0.707106781186547,1.),(1.,0.707106781186547,
1.),(1.,0.707106781186547,1.),(1.,0.707106781186547,1.),(1.,0.707106781186547,
1.),(1.,0.707106781186547,1.),(1.,0.707106781186547,1.),(1.,0.707106781186547,
1.),(1.,0.707106781186547,1.),(1.,0.707106781186547,1.),(1.,0.707106781186547,
1.),(1.,0.707106781186547,1.),(1.,0.707106781186547,1.)))
REPRESENTATION_ITEM('')
SURFACE()
);
#149=(
BOUNDED_SURFACE()
B_SPLINE_SURFACE(3,2,((#2569,#2570,#2571),(#2572,#2573,#2574),(#2575,#2576,
#2577),(#2578,#2579,#2580),(#2581,#2582,#2583),(#2584,#2585,#2586),(#2587,
#2588,#2589),(#2590,#2591,#2592),(#2593,#2594,#2595),(#2596,#2597,#2598),
(#2599,#2600,#2601),(#2602,#2603,#2604),(#2605,#2606,#2607),(#2608,#2609,
#2610),(#2611,#2612,#2613),(#2614,#2615,#2616),(#2617,#2618,#2619),(#2620,
#2621,#2622),(#2623,#2624,#2625),(#2626,#2627,#2628),(#2629,#2630,#2631),
(#2632,#2633,#2634)),.UNSPECIFIED.,.F.,.F.,.F.)
B_SPLINE_SURFACE_WITH_KNOTS((4,2,2,2,2,2,2,2,2,2,4),(3,3),(21.6679033817959,
22.0728014770819,27.5910018463523,33.1092022156228,38.6274025848933,44.1456029541637,
49.6638033234342,55.1820036927047,60.7002040619751,66.2184044312456,66.4841131850197),
(0.,1.),.UNSPECIFIED.)
GEOMETRIC_REPRESENTATION_ITEM()
RATIONAL_B_SPLINE_SURFACE(((1.,0.707106781186547,1.),(1.,0.707106781186547,
1.),(1.,0.707106781186547,1.),(1.,0.707106781186547,1.),(1.,0.707106781186547,
1.),(1.,0.707106781186547,1.),(1.,0.707106781186547,1.),(1.,0.707106781186547,
1.),(1.,0.707106781186547,1.),(1.,0.707106781186547,1.),(1.,0.707106781186547,
1.),(1.,0.707106781186547,1.),(1.,0.707106781186547,1.),(1.,0.707106781186547,
1.),(1.,0.707106781186547,1.),(1.,0.707106781186547,1.),(1.,0.707106781186547,
1.),(1.,0.707106781186547,1.),(1.,0.707106781186547,1.),(1.,0.707106781186547,
1.),(1.,0.707106781186547,1.),(1.,0.707106781186547,1.)))
REPRESENTATION_ITEM('')
SURFACE()
);
#150=(
BOUNDED_SURFACE()
B_SPLINE_SURFACE(3,2,((#2643,#2644,#2645),(#2646,#2647,#2648),(#2649,#2650,
#2651),(#2652,#2653,#2654),(#2655,#2656,#2657),(#2658,#2659,#2660),(#2661,
#2662,#2663),(#2664,#2665,#2666),(#2667,#2668,#2669),(#2670,#2671,#2672),
(#2673,#2674,#2675),(#2676,#2677,#2678),(#2679,#2680,#2681),(#2682,#2683,
#2684),(#2685,#2686,#2687),(#2688,#2689,#2690),(#2691,#2692,#2693),(#2694,
#2695,#2696),(#2697,#2698,#2699),(#2700,#2701,#2702),(#2703,#2704,#2705),
(#2706,#2707,#2708)),.UNSPECIFIED.,.F.,.F.,.F.)
B_SPLINE_SURFACE_WITH_KNOTS((4,2,2,2,2,2,2,2,2,2,4),(3,3),(21.6679033817959,
22.0728014770819,27.5910018463523,33.1092022156228,38.6274025848933,44.1456029541637,
49.6638033234342,55.1820036927047,60.7002040619751,66.2184044312456,66.4841131850197),
(0.,1.),.UNSPECIFIED.)
GEOMETRIC_REPRESENTATION_ITEM()
RATIONAL_B_SPLINE_SURFACE(((1.,0.707106781186547,1.),(1.,0.707106781186547,
1.),(1.,0.707106781186547,1.),(1.,0.707106781186547,1.),(1.,0.707106781186547,
1.),(1.,0.707106781186547,1.),(1.,0.707106781186547,1.),(1.,0.707106781186547,
1.),(1.,0.707106781186547,1.),(1.,0.707106781186547,1.),(1.,0.707106781186547,
1.),(1.,0.707106781186547,1.),(1.,0.707106781186547,1.),(1.,0.707106781186547,
1.),(1.,0.707106781186547,1.),(1.,0.707106781186547,1.),(1.,0.707106781186547,
1.),(1.,0.707106781186547,1.),(1.,0.707106781186547,1.),(1.,0.707106781186547,
1.),(1.,0.707106781186547,1.),(1.,0.707106781186547,1.)))
REPRESENTATION_ITEM('')
SURFACE()
);
#151=(
BOUNDED_SURFACE()
B_SPLINE_SURFACE(3,2,((#2789,#2790,#2791),(#2792,#2793,#2794),(#2795,#2796,
#2797),(#2798,#2799,#2800),(#2801,#2802,#2803),(#2804,#2805,#2806),(#2807,
#2808,#2809),(#2810,#2811,#2812),(#2813,#2814,#2815),(#2816,#2817,#2818),
(#2819,#2820,#2821),(#2822,#2823,#2824),(#2825,#2826,#2827),(#2828,#2829,
#2830),(#2831,#2832,#2833),(#2834,#2835,#2836),(#2837,#2838,#2839),(#2840,
#2841,#2842),(#2843,#2844,#2845),(#2846,#2847,#2848),(#2849,#2850,#2851),
(#2852,#2853,#2854)),.UNSPECIFIED.,.F.,.F.,.F.)
B_SPLINE_SURFACE_WITH_KNOTS((4,2,2,2,2,2,2,2,2,2,4),(3,3),(21.8070927233078,
22.0728014770819,27.5910018463523,33.1092022156228,38.6274025848933,44.1456029541637,
49.6638033234342,55.1820036927047,60.7002040619751,66.2184044312456,66.6233025265316),
(0.,1.),.UNSPECIFIED.)
GEOMETRIC_REPRESENTATION_ITEM()
RATIONAL_B_SPLINE_SURFACE(((1.,0.707106781186547,1.),(1.,0.707106781186547,
1.),(1.,0.707106781186547,1.),(1.,0.707106781186547,1.),(1.,0.707106781186547,
1.),(1.,0.707106781186547,1.),(1.,0.707106781186547,1.),(1.,0.707106781186547,
1.),(1.,0.707106781186547,1.),(1.,0.707106781186547,1.),(1.,0.707106781186547,
1.),(1.,0.707106781186547,1.),(1.,0.707106781186547,1.),(1.,0.707106781186547,
1.),(1.,0.707106781186547,1.),(1.,0.707106781186547,1.),(1.,0.707106781186547,
1.),(1.,0.707106781186547,1.),(1.,0.707106781186547,1.),(1.,0.707106781186547,
1.),(1.,0.707106781186547,1.),(1.,0.707106781186547,1.)))
REPRESENTATION_ITEM('')
SURFACE()
);
#152=(
BOUNDED_SURFACE()
B_SPLINE_SURFACE(3,2,((#2899,#2900,#2901),(#2902,#2903,#2904),(#2905,#2906,
#2907),(#2908,#2909,#2910),(#2911,#2912,#2913),(#2914,#2915,#2916),(#2917,
#2918,#2919),(#2920,#2921,#2922),(#2923,#2924,#2925),(#2926,#2927,#2928),
(#2929,#2930,#2931),(#2932,#2933,#2934),(#2935,#2936,#2937),(#2938,#2939,
#2940),(#2941,#2942,#2943),(#2944,#2945,#2946),(#2947,#2948,#2949),(#2950,
#2951,#2952),(#2953,#2954,#2955),(#2956,#2957,#2958),(#2959,#2960,#2961),
(#2962,#2963,#2964)),.UNSPECIFIED.,.F.,.F.,.F.)
B_SPLINE_SURFACE_WITH_KNOTS((4,2,2,2,2,2,2,2,2,2,4),(3,3),(21.8070927233078,
22.0728014770819,27.5910018463523,33.1092022156228,38.6274025848933,44.1456029541637,
49.6638033234342,55.1820036927047,60.7002040619751,66.2184044312456,66.6233025265316),
(0.,1.),.UNSPECIFIED.)
GEOMETRIC_REPRESENTATION_ITEM()
RATIONAL_B_SPLINE_SURFACE(((1.,0.707106781186547,1.),(1.,0.707106781186547,
1.),(1.,0.707106781186547,1.),(1.,0.707106781186547,1.),(1.,0.707106781186547,
1.),(1.,0.707106781186547,1.),(1.,0.707106781186547,1.),(1.,0.707106781186547,
1.),(1.,0.707106781186547,1.),(1.,0.707106781186547,1.),(1.,0.707106781186547,
1.),(1.,0.707106781186547,1.),(1.,0.707106781186547,1.),(1.,0.707106781186547,
1.),(1.,0.707106781186547,1.),(1.,0.707106781186547,1.),(1.,0.707106781186547,
1.),(1.,0.707106781186547,1.),(1.,0.707106781186547,1.),(1.,0.707106781186547,
1.),(1.,0.707106781186547,1.),(1.,0.707106781186547,1.)))
REPRESENTATION_ITEM('')
SURFACE()
);
#153=(
BOUNDED_SURFACE()
B_SPLINE_SURFACE(3,2,((#3045,#3046,#3047),(#3048,#3049,#3050),(#3051,#3052,
#3053),(#3054,#3055,#3056),(#3057,#3058,#3059),(#3060,#3061,#3062),(#3063,
#3064,#3065),(#3066,#3067,#3068),(#3069,#3070,#3071),(#3072,#3073,#3074),
(#3075,#3076,#3077),(#3078,#3079,#3080),(#3081,#3082,#3083),(#3084,#3085,
#3086),(#3087,#3088,#3089),(#3090,#3091,#3092),(#3093,#3094,#3095),(#3096,
#3097,#3098),(#3099,#3100,#3101),(#3102,#3103,#3104),(#3105,#3106,#3107),
(#3108,#3109,#3110)),.UNSPECIFIED.,.F.,.F.,.F.)
B_SPLINE_SURFACE_WITH_KNOTS((4,2,2,2,2,2,2,2,2,2,4),(3,3),(21.6679033817959,
22.0728014770819,27.5910018463523,33.1092022156228,38.6274025848933,44.1456029541637,
49.6638033234342,55.1820036927047,60.7002040619751,66.2184044312456,66.4841131850197),
(0.,1.),.UNSPECIFIED.)
GEOMETRIC_REPRESENTATION_ITEM()
RATIONAL_B_SPLINE_SURFACE(((1.,0.707106781186547,1.),(1.,0.707106781186547,
1.),(1.,0.707106781186547,1.),(1.,0.707106781186547,1.),(1.,0.707106781186547,
1.),(1.,0.707106781186547,1.),(1.,0.707106781186547,1.),(1.,0.707106781186547,
1.),(1.,0.707106781186547,1.),(1.,0.707106781186547,1.),(1.,0.707106781186547,
1.),(1.,0.707106781186547,1.),(1.,0.707106781186547,1.),(1.,0.707106781186547,
1.),(1.,0.707106781186547,1.),(1.,0.707106781186547,1.),(1.,0.707106781186547,
1.),(1.,0.707106781186547,1.),(1.,0.707106781186547,1.),(1.,0.707106781186547,
1.),(1.,0.707106781186547,1.),(1.,0.707106781186547,1.)))
REPRESENTATION_ITEM('')
SURFACE()
);
#154=(
BOUNDED_SURFACE()
B_SPLINE_SURFACE(3,2,((#3155,#3156,#3157),(#3158,#3159,#3160),(#3161,#3162,
#3163),(#3164,#3165,#3166),(#3167,#3168,#3169),(#3170,#3171,#3172),(#3173,
#3174,#3175),(#3176,#3177,#3178),(#3179,#3180,#3181),(#3182,#3183,#3184),
(#3185,#3186,#3187),(#3188,#3189,#3190),(#3191,#3192,#3193),(#3194,#3195,
#3196),(#3197,#3198,#3199),(#3200,#3201,#3202),(#3203,#3204,#3205),(#3206,
#3207,#3208),(#3209,#3210,#3211),(#3212,#3213,#3214),(#3215,#3216,#3217),
(#3218,#3219,#3220)),.UNSPECIFIED.,.F.,.F.,.F.)
B_SPLINE_SURFACE_WITH_KNOTS((4,2,2,2,2,2,2,2,2,2,4),(3,3),(22.0875378041269,
22.500277413902,28.1253467673775,33.750416120853,39.3754854743286,45.0005548278041,
50.6256241812796,56.2506935347551,61.8757628882306,67.5008322417061,67.7716868804988),
(0.,1.),.UNSPECIFIED.)
GEOMETRIC_REPRESENTATION_ITEM()
RATIONAL_B_SPLINE_SURFACE(((1.,0.707106781186547,1.),(1.,0.707106781186547,
1.),(1.,0.707106781186547,1.),(1.,0.707106781186547,1.),(1.,0.707106781186547,
1.),(1.,0.707106781186547,1.),(1.,0.707106781186547,1.),(1.,0.707106781186547,
1.),(1.,0.707106781186547,1.),(1.,0.707106781186547,1.),(1.,0.707106781186547,
1.),(1.,0.707106781186547,1.),(1.,0.707106781186547,1.),(1.,0.707106781186547,
1.),(1.,0.707106781186547,1.),(1.,0.707106781186547,1.),(1.,0.707106781186547,
1.),(1.,0.707106781186547,1.),(1.,0.707106781186547,1.),(1.,0.707106781186547,
1.),(1.,0.707106781186547,1.),(1.,0.707106781186547,1.)))
REPRESENTATION_ITEM('')
SURFACE()
);
#155=(
BOUNDED_SURFACE()
B_SPLINE_SURFACE(3,2,((#3265,#3266,#3267),(#3268,#3269,#3270),(#3271,#3272,
#3273),(#3274,#3275,#3276),(#3277,#3278,#3279),(#3280,#3281,#3282),(#3283,
#3284,#3285),(#3286,#3287,#3288),(#3289,#3290,#3291),(#3292,#3293,#3294),
(#3295,#3296,#3297),(#3298,#3299,#3300),(#3301,#3302,#3303),(#3304,#3305,
#3306),(#3307,#3308,#3309),(#3310,#3311,#3312),(#3313,#3314,#3315),(#3316,
#3317,#3318),(#3319,#3320,#3321),(#3322,#3323,#3324),(#3325,#3326,#3327),
(#3328,#3329,#3330)),.UNSPECIFIED.,.F.,.F.,.F.)
B_SPLINE_SURFACE_WITH_KNOTS((4,2,2,2,2,2,2,2,2,2,4),(3,3),(22.2294227751093,
22.500277413902,28.1253467673775,33.750416120853,39.3754854743286,45.0005548278041,
50.6256241812796,56.2506935347551,61.8757628882306,67.5008322417061,67.9135718514813),
(0.,1.),.UNSPECIFIED.)
GEOMETRIC_REPRESENTATION_ITEM()
RATIONAL_B_SPLINE_SURFACE(((1.,0.707106781186547,1.),(1.,0.707106781186547,
1.),(1.,0.707106781186547,1.),(1.,0.707106781186547,1.),(1.,0.707106781186547,
1.),(1.,0.707106781186547,1.),(1.,0.707106781186547,1.),(1.,0.707106781186547,
1.),(1.,0.707106781186547,1.),(1.,0.707106781186547,1.),(1.,0.707106781186547,
1.),(1.,0.707106781186547,1.),(1.,0.707106781186547,1.),(1.,0.707106781186547,
1.),(1.,0.707106781186547,1.),(1.,0.707106781186547,1.),(1.,0.707106781186547,
1.),(1.,0.707106781186547,1.),(1.,0.707106781186547,1.),(1.,0.707106781186547,
1.),(1.,0.707106781186547,1.),(1.,0.707106781186547,1.)))
REPRESENTATION_ITEM('')
SURFACE()
);
#156=(
BOUNDED_SURFACE()
B_SPLINE_SURFACE(3,2,((#3375,#3376,#3377),(#3378,#3379,#3380),(#3381,#3382,
#3383),(#3384,#3385,#3386),(#3387,#3388,#3389),(#3390,#3391,#3392),(#3393,
#3394,#3395),(#3396,#3397,#3398),(#3399,#3400,#3401),(#3402,#3403,#3404),
(#3405,#3406,#3407),(#3408,#3409,#3410),(#3411,#3412,#3413),(#3414,#3415,
#3416),(#3417,#3418,#3419),(#3420,#3421,#3422),(#3423,#3424,#3425),(#3426,
#3427,#3428),(#3429,#3430,#3431),(#3432,#3433,#3434),(#3435,#3436,#3437),
(#3438,#3439,#3440)),.UNSPECIFIED.,.F.,.F.,.F.)
B_SPLINE_SURFACE_WITH_KNOTS((4,2,2,2,2,2,2,2,2,2,4),(3,3),(22.2294227751093,
22.500277413902,28.1253467673775,33.750416120853,39.3754854743286,45.0005548278041,
50.6256241812796,56.2506935347551,61.8757628882306,67.5008322417061,67.9135718514812),
(0.,1.),.UNSPECIFIED.)
GEOMETRIC_REPRESENTATION_ITEM()
RATIONAL_B_SPLINE_SURFACE(((1.,0.707106781186547,1.),(1.,0.707106781186547,
1.),(1.,0.707106781186547,1.),(1.,0.707106781186547,1.),(1.,0.707106781186547,
1.),(1.,0.707106781186547,1.),(1.,0.707106781186547,1.),(1.,0.707106781186547,
1.),(1.,0.707106781186547,1.),(1.,0.707106781186547,1.),(1.,0.707106781186547,
1.),(1.,0.707106781186547,1.),(1.,0.707106781186547,1.),(1.,0.707106781186547,
1.),(1.,0.707106781186547,1.),(1.,0.707106781186547,1.),(1.,0.707106781186547,
1.),(1.,0.707106781186547,1.),(1.,0.707106781186547,1.),(1.,0.707106781186547,
1.),(1.,0.707106781186547,1.),(1.,0.707106781186547,1.)))
REPRESENTATION_ITEM('')
SURFACE()
);
#157=(
BOUNDED_SURFACE()
B_SPLINE_SURFACE(3,2,((#3449,#3450,#3451),(#3452,#3453,#3454),(#3455,#3456,
#3457),(#3458,#3459,#3460),(#3461,#3462,#3463),(#3464,#3465,#3466),(#3467,
#3468,#3469),(#3470,#3471,#3472),(#3473,#3474,#3475),(#3476,#3477,#3478),
(#3479,#3480,#3481),(#3482,#3483,#3484),(#3485,#3486,#3487),(#3488,#3489,
#3490),(#3491,#3492,#3493),(#3494,#3495,#3496),(#3497,#3498,#3499),(#3500,
#3501,#3502),(#3503,#3504,#3505),(#3506,#3507,#3508),(#3509,#3510,#3511),
(#3512,#3513,#3514)),.UNSPECIFIED.,.F.,.F.,.F.)
B_SPLINE_SURFACE_WITH_KNOTS((4,2,2,2,2,2,2,2,2,2,4),(3,3),(22.0875378041269,
22.500277413902,28.1253467673775,33.750416120853,39.3754854743286,45.0005548278041,
50.6256241812796,56.2506935347551,61.8757628882306,67.5008322417061,67.7716868804988),
(0.,1.),.UNSPECIFIED.)
GEOMETRIC_REPRESENTATION_ITEM()
RATIONAL_B_SPLINE_SURFACE(((1.,0.707106781186547,1.),(1.,0.707106781186547,
1.),(1.,0.707106781186547,1.),(1.,0.707106781186547,1.),(1.,0.707106781186547,
1.),(1.,0.707106781186547,1.),(1.,0.707106781186547,1.),(1.,0.707106781186547,
1.),(1.,0.707106781186547,1.),(1.,0.707106781186547,1.),(1.,0.707106781186547,
1.),(1.,0.707106781186547,1.),(1.,0.707106781186547,1.),(1.,0.707106781186547,
1.),(1.,0.707106781186547,1.),(1.,0.707106781186547,1.),(1.,0.707106781186547,
1.),(1.,0.707106781186547,1.),(1.,0.707106781186547,1.),(1.,0.707106781186547,
1.),(1.,0.707106781186547,1.),(1.,0.707106781186547,1.)))
REPRESENTATION_ITEM('')
SURFACE()
);
#158=(
BOUNDED_SURFACE()
B_SPLINE_SURFACE(3,2,((#3592,#3593,#3594),(#3595,#3596,#3597),(#3598,#3599,
#3600),(#3601,#3602,#3603),(#3604,#3605,#3606),(#3607,#3608,#3609),(#3610,
#3611,#3612),(#3613,#3614,#3615),(#3616,#3617,#3618),(#3619,#3620,#3621),
(#3622,#3623,#3624),(#3625,#3626,#3627),(#3628,#3629,#3630),(#3631,#3632,
#3633),(#3634,#3635,#3636),(#3637,#3638,#3639),(#3640,#3641,#3642),(#3643,
#3644,#3645),(#3646,#3647,#3648),(#3649,#3650,#3651),(#3652,#3653,#3654),
(#3655,#3656,#3657)),.UNSPECIFIED.,.F.,.F.,.F.)
B_SPLINE_SURFACE_WITH_KNOTS((4,2,2,2,2,2,2,2,2,2,4),(3,3),(22.2294227751093,
22.500277413902,28.1253467673775,33.750416120853,39.3754854743286,45.0005548278041,
50.6256241812796,56.2506935347551,61.8757628882306,67.5008322417061,67.9135718514812),
(0.,1.),.UNSPECIFIED.)
GEOMETRIC_REPRESENTATION_ITEM()
RATIONAL_B_SPLINE_SURFACE(((1.,0.707106781186547,1.),(1.,0.707106781186547,
1.),(1.,0.707106781186547,1.),(1.,0.707106781186547,1.),(1.,0.707106781186547,
1.),(1.,0.707106781186547,1.),(1.,0.707106781186547,1.),(1.,0.707106781186547,
1.),(1.,0.707106781186547,1.),(1.,0.707106781186547,1.),(1.,0.707106781186547,
1.),(1.,0.707106781186547,1.),(1.,0.707106781186547,1.),(1.,0.707106781186547,
1.),(1.,0.707106781186547,1.),(1.,0.707106781186547,1.),(1.,0.707106781186547,
1.),(1.,0.707106781186547,1.),(1.,0.707106781186547,1.),(1.,0.707106781186547,
1.),(1.,0.707106781186547,1.),(1.,0.707106781186547,1.)))
REPRESENTATION_ITEM('')
SURFACE()
);
#159=(
BOUNDED_SURFACE()
B_SPLINE_SURFACE(3,2,((#3726,#3727,#3728),(#3729,#3730,#3731),(#3732,#3733,
#3734),(#3735,#3736,#3737),(#3738,#3739,#3740),(#3741,#3742,#3743),(#3744,
#3745,#3746),(#3747,#3748,#3749),(#3750,#3751,#3752),(#3753,#3754,#3755),
(#3756,#3757,#3758),(#3759,#3760,#3761),(#3762,#3763,#3764),(#3765,#3766,
#3767),(#3768,#3769,#3770),(#3771,#3772,#3773),(#3774,#3775,#3776),(#3777,
#3778,#3779),(#3780,#3781,#3782),(#3783,#3784,#3785),(#3786,#3787,#3788),
(#3789,#3790,#3791)),.UNSPECIFIED.,.F.,.F.,.F.)
B_SPLINE_SURFACE_WITH_KNOTS((4,2,2,2,2,2,2,2,2,2,4),(3,3),(21.8070927233078,
22.0728014770819,27.5910018463523,33.1092022156228,38.6274025848933,44.1456029541637,
49.6638033234342,55.1820036927047,60.7002040619751,66.2184044312456,66.6233025265316),
(0.,1.),.UNSPECIFIED.)
GEOMETRIC_REPRESENTATION_ITEM()
RATIONAL_B_SPLINE_SURFACE(((1.,0.707106781186547,1.),(1.,0.707106781186547,
1.),(1.,0.707106781186547,1.),(1.,0.707106781186547,1.),(1.,0.707106781186547,
1.),(1.,0.707106781186547,1.),(1.,0.707106781186547,1.),(1.,0.707106781186547,
1.),(1.,0.707106781186547,1.),(1.,0.707106781186547,1.),(1.,0.707106781186547,
1.),(1.,0.707106781186547,1.),(1.,0.707106781186547,1.),(1.,0.707106781186547,
1.),(1.,0.707106781186547,1.),(1.,0.707106781186547,1.),(1.,0.707106781186547,
1.),(1.,0.707106781186547,1.),(1.,0.707106781186547,1.),(1.,0.707106781186547,
1.),(1.,0.707106781186547,1.),(1.,0.707106781186547,1.)))
REPRESENTATION_ITEM('')
SURFACE()
);
#160=(
BOUNDED_SURFACE()
B_SPLINE_SURFACE(3,2,((#3826,#3827,#3828),(#3829,#3830,#3831),(#3832,#3833,
#3834),(#3835,#3836,#3837),(#3838,#3839,#3840),(#3841,#3842,#3843),(#3844,
#3845,#3846),(#3847,#3848,#3849),(#3850,#3851,#3852),(#3853,#3854,#3855),
(#3856,#3857,#3858),(#3859,#3860,#3861),(#3862,#3863,#3864),(#3865,#3866,
#3867),(#3868,#3869,#3870),(#3871,#3872,#3873),(#3874,#3875,#3876),(#3877,
#3878,#3879),(#3880,#3881,#3882),(#3883,#3884,#3885),(#3886,#3887,#3888),
(#3889,#3890,#3891)),.UNSPECIFIED.,.F.,.F.,.F.)
B_SPLINE_SURFACE_WITH_KNOTS((4,2,2,2,2,2,2,2,2,2,4),(3,3),(21.6679033817959,
22.0728014770819,27.5910018463523,33.1092022156228,38.6274025848933,44.1456029541637,
49.6638033234342,55.1820036927047,60.7002040619751,66.2184044312456,66.4841131850197),
(0.,1.),.UNSPECIFIED.)
GEOMETRIC_REPRESENTATION_ITEM()
RATIONAL_B_SPLINE_SURFACE(((1.,0.707106781186547,1.),(1.,0.707106781186547,
1.),(1.,0.707106781186547,1.),(1.,0.707106781186547,1.),(1.,0.707106781186547,
1.),(1.,0.707106781186547,1.),(1.,0.707106781186547,1.),(1.,0.707106781186547,
1.),(1.,0.707106781186547,1.),(1.,0.707106781186547,1.),(1.,0.707106781186547,
1.),(1.,0.707106781186547,1.),(1.,0.707106781186547,1.),(1.,0.707106781186547,
1.),(1.,0.707106781186547,1.),(1.,0.707106781186547,1.),(1.,0.707106781186547,
1.),(1.,0.707106781186547,1.),(1.,0.707106781186547,1.),(1.,0.707106781186547,
1.),(1.,0.707106781186547,1.),(1.,0.707106781186547,1.)))
REPRESENTATION_ITEM('')
SURFACE()
);
#161=(
BOUNDED_SURFACE()
B_SPLINE_SURFACE(3,2,((#3926,#3927,#3928),(#3929,#3930,#3931),(#3932,#3933,
#3934),(#3935,#3936,#3937),(#3938,#3939,#3940),(#3941,#3942,#3943),(#3944,
#3945,#3946),(#3947,#3948,#3949),(#3950,#3951,#3952),(#3953,#3954,#3955),
(#3956,#3957,#3958),(#3959,#3960,#3961),(#3962,#3963,#3964),(#3965,#3966,
#3967),(#3968,#3969,#3970),(#3971,#3972,#3973),(#3974,#3975,#3976),(#3977,
#3978,#3979),(#3980,#3981,#3982),(#3983,#3984,#3985),(#3986,#3987,#3988),
(#3989,#3990,#3991)),.UNSPECIFIED.,.F.,.F.,.F.)
B_SPLINE_SURFACE_WITH_KNOTS((4,2,2,2,2,2,2,2,2,2,4),(3,3),(22.0875378041269,
22.500277413902,28.1253467673775,33.750416120853,39.3754854743286,45.0005548278041,
50.6256241812796,56.2506935347551,61.8757628882306,67.5008322417061,67.7716868804988),
(0.,1.),.UNSPECIFIED.)
GEOMETRIC_REPRESENTATION_ITEM()
RATIONAL_B_SPLINE_SURFACE(((1.,0.707106781186547,1.),(1.,0.707106781186547,
1.),(1.,0.707106781186547,1.),(1.,0.707106781186547,1.),(1.,0.707106781186547,
1.),(1.,0.707106781186547,1.),(1.,0.707106781186547,1.),(1.,0.707106781186547,
1.),(1.,0.707106781186547,1.),(1.,0.707106781186547,1.),(1.,0.707106781186547,
1.),(1.,0.707106781186547,1.),(1.,0.707106781186547,1.),(1.,0.707106781186547,
1.),(1.,0.707106781186547,1.),(1.,0.707106781186547,1.),(1.,0.707106781186547,
1.),(1.,0.707106781186547,1.),(1.,0.707106781186547,1.),(1.,0.707106781186547,
1.),(1.,0.707106781186547,1.),(1.,0.707106781186547,1.)))
REPRESENTATION_ITEM('')
SURFACE()
);
#162=(
BOUNDED_SURFACE()
B_SPLINE_SURFACE(3,2,((#3993,#3994,#3995),(#3996,#3997,#3998),(#3999,#4000,
#4001),(#4002,#4003,#4004),(#4005,#4006,#4007),(#4008,#4009,#4010),(#4011,
#4012,#4013),(#4014,#4015,#4016),(#4017,#4018,#4019),(#4020,#4021,#4022),
(#4023,#4024,#4025),(#4026,#4027,#4028),(#4029,#4030,#4031),(#4032,#4033,
#4034),(#4035,#4036,#4037),(#4038,#4039,#4040),(#4041,#4042,#4043),(#4044,
#4045,#4046),(#4047,#4048,#4049),(#4050,#4051,#4052),(#4053,#4054,#4055),
(#4056,#4057,#4058)),.UNSPECIFIED.,.F.,.F.,.F.)
B_SPLINE_SURFACE_WITH_KNOTS((4,2,2,2,2,2,2,2,2,2,4),(3,3),(21.6679033817959,
22.0728014770819,27.5910018463523,33.1092022156228,38.6274025848933,44.1456029541637,
49.6638033234342,55.1820036927047,60.7002040619751,66.2184044312456,66.4841131850197),
(0.,1.),.UNSPECIFIED.)
GEOMETRIC_REPRESENTATION_ITEM()
RATIONAL_B_SPLINE_SURFACE(((1.,0.707106781186547,1.),(1.,0.707106781186547,
1.),(1.,0.707106781186547,1.),(1.,0.707106781186547,1.),(1.,0.707106781186547,
1.),(1.,0.707106781186547,1.),(1.,0.707106781186547,1.),(1.,0.707106781186547,
1.),(1.,0.707106781186547,1.),(1.,0.707106781186547,1.),(1.,0.707106781186547,
1.),(1.,0.707106781186547,1.),(1.,0.707106781186547,1.),(1.,0.707106781186547,
1.),(1.,0.707106781186547,1.),(1.,0.707106781186547,1.),(1.,0.707106781186547,
1.),(1.,0.707106781186547,1.),(1.,0.707106781186547,1.),(1.,0.707106781186547,
1.),(1.,0.707106781186547,1.),(1.,0.707106781186547,1.)))
REPRESENTATION_ITEM('')
SURFACE()
);
#163=(
BOUNDED_SURFACE()
B_SPLINE_SURFACE(3,2,((#4139,#4140,#4141),(#4142,#4143,#4144),(#4145,#4146,
#4147),(#4148,#4149,#4150),(#4151,#4152,#4153),(#4154,#4155,#4156),(#4157,
#4158,#4159),(#4160,#4161,#4162),(#4163,#4164,#4165),(#4166,#4167,#4168),
(#4169,#4170,#4171),(#4172,#4173,#4174),(#4175,#4176,#4177),(#4178,#4179,
#4180),(#4181,#4182,#4183),(#4184,#4185,#4186),(#4187,#4188,#4189),(#4190,
#4191,#4192),(#4193,#4194,#4195),(#4196,#4197,#4198),(#4199,#4200,#4201),
(#4202,#4203,#4204)),.UNSPECIFIED.,.F.,.F.,.F.)
B_SPLINE_SURFACE_WITH_KNOTS((4,2,2,2,2,2,2,2,2,2,4),(3,3),(21.8070927233078,
22.0728014770819,27.5910018463523,33.1092022156228,38.6274025848933,44.1456029541637,
49.6638033234342,55.1820036927047,60.7002040619751,66.2184044312456,66.6233025265316),
(0.,1.),.UNSPECIFIED.)
GEOMETRIC_REPRESENTATION_ITEM()
RATIONAL_B_SPLINE_SURFACE(((1.,0.707106781186547,1.),(1.,0.707106781186547,
1.),(1.,0.707106781186547,1.),(1.,0.707106781186547,1.),(1.,0.707106781186547,
1.),(1.,0.707106781186547,1.),(1.,0.707106781186547,1.),(1.,0.707106781186547,
1.),(1.,0.707106781186547,1.),(1.,0.707106781186547,1.),(1.,0.707106781186547,
1.),(1.,0.707106781186547,1.),(1.,0.707106781186547,1.),(1.,0.707106781186547,
1.),(1.,0.707106781186547,1.),(1.,0.707106781186547,1.),(1.,0.707106781186547,
1.),(1.,0.707106781186547,1.),(1.,0.707106781186547,1.),(1.,0.707106781186547,
1.),(1.,0.707106781186547,1.),(1.,0.707106781186547,1.)))
REPRESENTATION_ITEM('')
SURFACE()
);
#164=(
BOUNDED_SURFACE()
B_SPLINE_SURFACE(3,2,((#4249,#4250,#4251),(#4252,#4253,#4254),(#4255,#4256,
#4257),(#4258,#4259,#4260),(#4261,#4262,#4263),(#4264,#4265,#4266),(#4267,
#4268,#4269),(#4270,#4271,#4272),(#4273,#4274,#4275),(#4276,#4277,#4278),
(#4279,#4280,#4281),(#4282,#4283,#4284),(#4285,#4286,#4287),(#4288,#4289,
#4290),(#4291,#4292,#4293),(#4294,#4295,#4296),(#4297,#4298,#4299),(#4300,
#4301,#4302),(#4303,#4304,#4305),(#4306,#4307,#4308),(#4309,#4310,#4311),
(#4312,#4313,#4314)),.UNSPECIFIED.,.F.,.F.,.F.)
B_SPLINE_SURFACE_WITH_KNOTS((4,2,2,2,2,2,2,2,2,2,4),(3,3),(22.2294227751093,
22.500277413902,28.1253467673775,33.750416120853,39.3754854743286,45.0005548278041,
50.6256241812796,56.2506935347551,61.8757628882306,67.5008322417061,67.9135718514812),
(0.,1.),.UNSPECIFIED.)
GEOMETRIC_REPRESENTATION_ITEM()
RATIONAL_B_SPLINE_SURFACE(((1.,0.707106781186547,1.),(1.,0.707106781186547,
1.),(1.,0.707106781186547,1.),(1.,0.707106781186547,1.),(1.,0.707106781186547,
1.),(1.,0.707106781186547,1.),(1.,0.707106781186547,1.),(1.,0.707106781186547,
1.),(1.,0.707106781186547,1.),(1.,0.707106781186547,1.),(1.,0.707106781186547,
1.),(1.,0.707106781186547,1.),(1.,0.707106781186547,1.),(1.,0.707106781186547,
1.),(1.,0.707106781186547,1.),(1.,0.707106781186547,1.),(1.,0.707106781186547,
1.),(1.,0.707106781186547,1.),(1.,0.707106781186547,1.),(1.,0.707106781186547,
1.),(1.,0.707106781186547,1.),(1.,0.707106781186547,1.)))
REPRESENTATION_ITEM('')
SURFACE()
);
#165=(
BOUNDED_SURFACE()
B_SPLINE_SURFACE(3,2,((#4359,#4360,#4361),(#4362,#4363,#4364),(#4365,#4366,
#4367),(#4368,#4369,#4370),(#4371,#4372,#4373),(#4374,#4375,#4376),(#4377,
#4378,#4379),(#4380,#4381,#4382),(#4383,#4384,#4385),(#4386,#4387,#4388),
(#4389,#4390,#4391),(#4392,#4393,#4394),(#4395,#4396,#4397),(#4398,#4399,
#4400),(#4401,#4402,#4403),(#4404,#4405,#4406),(#4407,#4408,#4409),(#4410,
#4411,#4412),(#4413,#4414,#4415),(#4416,#4417,#4418),(#4419,#4420,#4421),
(#4422,#4423,#4424)),.UNSPECIFIED.,.F.,.F.,.F.)
B_SPLINE_SURFACE_WITH_KNOTS((4,2,2,2,2,2,2,2,2,2,4),(3,3),(22.0875378041269,
22.500277413902,28.1253467673775,33.750416120853,39.3754854743286,45.0005548278041,
50.6256241812796,56.2506935347551,61.8757628882306,67.5008322417061,67.7716868804988),
(0.,1.),.UNSPECIFIED.)
GEOMETRIC_REPRESENTATION_ITEM()
RATIONAL_B_SPLINE_SURFACE(((1.,0.707106781186547,1.),(1.,0.707106781186547,
1.),(1.,0.707106781186547,1.),(1.,0.707106781186547,1.),(1.,0.707106781186547,
1.),(1.,0.707106781186547,1.),(1.,0.707106781186547,1.),(1.,0.707106781186547,
1.),(1.,0.707106781186547,1.),(1.,0.707106781186547,1.),(1.,0.707106781186547,
1.),(1.,0.707106781186547,1.),(1.,0.707106781186547,1.),(1.,0.707106781186547,
1.),(1.,0.707106781186547,1.),(1.,0.707106781186547,1.),(1.,0.707106781186547,
1.),(1.,0.707106781186547,1.),(1.,0.707106781186547,1.),(1.,0.707106781186547,
1.),(1.,0.707106781186547,1.),(1.,0.707106781186547,1.)))
REPRESENTATION_ITEM('')
SURFACE()
);
#166=(
BOUNDED_SURFACE()
B_SPLINE_SURFACE(3,2,((#4436,#4437,#4438),(#4439,#4440,#4441),(#4442,#4443,
#4444),(#4445,#4446,#4447),(#4448,#4449,#4450),(#4451,#4452,#4453),(#4454,
#4455,#4456),(#4457,#4458,#4459),(#4460,#4461,#4462),(#4463,#4464,#4465),
(#4466,#4467,#4468),(#4469,#4470,#4471),(#4472,#4473,#4474),(#4475,#4476,
#4477),(#4478,#4479,#4480),(#4481,#4482,#4483),(#4484,#4485,#4486),(#4487,
#4488,#4489),(#4490,#4491,#4492),(#4493,#4494,#4495),(#4496,#4497,#4498),
(#4499,#4500,#4501)),.UNSPECIFIED.,.F.,.F.,.F.)
B_SPLINE_SURFACE_WITH_KNOTS((4,2,2,2,2,2,2,2,2,2,4),(3,3),(22.2294227751093,
22.500277413902,28.1253467673775,33.750416120853,39.3754854743286,45.0005548278041,
50.6256241812796,56.2506935347551,61.8757628882306,67.5008322417061,67.9135718514813),
(0.,1.),.UNSPECIFIED.)
GEOMETRIC_REPRESENTATION_ITEM()
RATIONAL_B_SPLINE_SURFACE(((1.,0.707106781186547,1.),(1.,0.707106781186547,
1.),(1.,0.707106781186547,1.),(1.,0.707106781186547,1.),(1.,0.707106781186547,
1.),(1.,0.707106781186547,1.),(1.,0.707106781186547,1.),(1.,0.707106781186547,
1.),(1.,0.707106781186547,1.),(1.,0.707106781186547,1.),(1.,0.707106781186547,
1.),(1.,0.707106781186547,1.),(1.,0.707106781186547,1.),(1.,0.707106781186547,
1.),(1.,0.707106781186547,1.),(1.,0.707106781186547,1.),(1.,0.707106781186547,
1.),(1.,0.707106781186547,1.),(1.,0.707106781186547,1.),(1.,0.707106781186547,
1.),(1.,0.707106781186547,1.),(1.,0.707106781186547,1.)))
REPRESENTATION_ITEM('')
SURFACE()
);
#167=(
BOUNDED_SURFACE()
B_SPLINE_SURFACE(3,2,((#4582,#4583,#4584),(#4585,#4586,#4587),(#4588,#4589,
#4590),(#4591,#4592,#4593),(#4594,#4595,#4596),(#4597,#4598,#4599),(#4600,
#4601,#4602),(#4603,#4604,#4605),(#4606,#4607,#4608),(#4609,#4610,#4611),
(#4612,#4613,#4614),(#4615,#4616,#4617),(#4618,#4619,#4620),(#4621,#4622,
#4623),(#4624,#4625,#4626),(#4627,#4628,#4629),(#4630,#4631,#4632),(#4633,
#4634,#4635),(#4636,#4637,#4638),(#4639,#4640,#4641),(#4642,#4643,#4644),
(#4645,#4646,#4647)),.UNSPECIFIED.,.F.,.F.,.F.)
B_SPLINE_SURFACE_WITH_KNOTS((4,2,2,2,2,2,2,2,2,2,4),(3,3),(22.0875378041269,
22.500277413902,28.1253467673775,33.750416120853,39.3754854743286,45.0005548278041,
50.6256241812796,56.2506935347551,61.8757628882306,67.5008322417061,67.7716868804988),
(0.,1.),.UNSPECIFIED.)
GEOMETRIC_REPRESENTATION_ITEM()
RATIONAL_B_SPLINE_SURFACE(((1.,0.707106781186547,1.),(1.,0.707106781186547,
1.),(1.,0.707106781186547,1.),(1.,0.707106781186547,1.),(1.,0.707106781186547,
1.),(1.,0.707106781186547,1.),(1.,0.707106781186547,1.),(1.,0.707106781186547,
1.),(1.,0.707106781186547,1.),(1.,0.707106781186547,1.),(1.,0.707106781186547,
1.),(1.,0.707106781186547,1.),(1.,0.707106781186547,1.),(1.,0.707106781186547,
1.),(1.,0.707106781186547,1.),(1.,0.707106781186547,1.),(1.,0.707106781186547,
1.),(1.,0.707106781186547,1.),(1.,0.707106781186547,1.),(1.,0.707106781186547,
1.),(1.,0.707106781186547,1.),(1.,0.707106781186547,1.)))
REPRESENTATION_ITEM('')
SURFACE()
);
#168=(
BOUNDED_SURFACE()
B_SPLINE_SURFACE(3,2,((#4692,#4693,#4694),(#4695,#4696,#4697),(#4698,#4699,
#4700),(#4701,#4702,#4703),(#4704,#4705,#4706),(#4707,#4708,#4709),(#4710,
#4711,#4712),(#4713,#4714,#4715),(#4716,#4717,#4718),(#4719,#4720,#4721),
(#4722,#4723,#4724),(#4725,#4726,#4727),(#4728,#4729,#4730),(#4731,#4732,
#4733),(#4734,#4735,#4736),(#4737,#4738,#4739),(#4740,#4741,#4742),(#4743,
#4744,#4745),(#4746,#4747,#4748),(#4749,#4750,#4751),(#4752,#4753,#4754),
(#4755,#4756,#4757)),.UNSPECIFIED.,.F.,.F.,.F.)
B_SPLINE_SURFACE_WITH_KNOTS((4,2,2,2,2,2,2,2,2,2,4),(3,3),(21.6679033817959,
22.0728014770819,27.5910018463523,33.1092022156228,38.6274025848933,44.1456029541637,
49.6638033234342,55.1820036927047,60.7002040619751,66.2184044312456,66.4841131850197),
(0.,1.),.UNSPECIFIED.)
GEOMETRIC_REPRESENTATION_ITEM()
RATIONAL_B_SPLINE_SURFACE(((1.,0.707106781186547,1.),(1.,0.707106781186547,
1.),(1.,0.707106781186547,1.),(1.,0.707106781186547,1.),(1.,0.707106781186547,
1.),(1.,0.707106781186547,1.),(1.,0.707106781186547,1.),(1.,0.707106781186547,
1.),(1.,0.707106781186547,1.),(1.,0.707106781186547,1.),(1.,0.707106781186547,
1.),(1.,0.707106781186547,1.),(1.,0.707106781186547,1.),(1.,0.707106781186547,
1.),(1.,0.707106781186547,1.),(1.,0.707106781186547,1.),(1.,0.707106781186547,
1.),(1.,0.707106781186547,1.),(1.,0.707106781186547,1.),(1.,0.707106781186547,
1.),(1.,0.707106781186547,1.),(1.,0.707106781186547,1.)))
REPRESENTATION_ITEM('')
SURFACE()
);
#169=(
BOUNDED_SURFACE()
B_SPLINE_SURFACE(3,2,((#4802,#4803,#4804),(#4805,#4806,#4807),(#4808,#4809,
#4810),(#4811,#4812,#4813),(#4814,#4815,#4816),(#4817,#4818,#4819),(#4820,
#4821,#4822),(#4823,#4824,#4825),(#4826,#4827,#4828),(#4829,#4830,#4831),
(#4832,#4833,#4834),(#4835,#4836,#4837),(#4838,#4839,#4840),(#4841,#4842,
#4843),(#4844,#4845,#4846),(#4847,#4848,#4849),(#4850,#4851,#4852),(#4853,
#4854,#4855),(#4856,#4857,#4858),(#4859,#4860,#4861),(#4862,#4863,#4864),
(#4865,#4866,#4867)),.UNSPECIFIED.,.F.,.F.,.F.)
B_SPLINE_SURFACE_WITH_KNOTS((4,2,2,2,2,2,2,2,2,2,4),(3,3),(21.8070927233078,
22.0728014770819,27.5910018463523,33.1092022156228,38.6274025848933,44.1456029541637,
49.6638033234342,55.1820036927047,60.7002040619751,66.2184044312456,66.6233025265316),
(0.,1.),.UNSPECIFIED.)
GEOMETRIC_REPRESENTATION_ITEM()
RATIONAL_B_SPLINE_SURFACE(((1.,0.707106781186547,1.),(1.,0.707106781186547,
1.),(1.,0.707106781186547,1.),(1.,0.707106781186547,1.),(1.,0.707106781186547,
1.),(1.,0.707106781186547,1.),(1.,0.707106781186547,1.),(1.,0.707106781186547,
1.),(1.,0.707106781186547,1.),(1.,0.707106781186547,1.),(1.,0.707106781186547,
1.),(1.,0.707106781186547,1.),(1.,0.707106781186547,1.),(1.,0.707106781186547,
1.),(1.,0.707106781186547,1.),(1.,0.707106781186547,1.),(1.,0.707106781186547,
1.),(1.,0.707106781186547,1.),(1.,0.707106781186547,1.),(1.,0.707106781186547,
1.),(1.,0.707106781186547,1.),(1.,0.707106781186547,1.)))
REPRESENTATION_ITEM('')
SURFACE()
);
#170=(
BOUNDED_SURFACE()
B_SPLINE_SURFACE(3,2,((#4879,#4880,#4881),(#4882,#4883,#4884),(#4885,#4886,
#4887),(#4888,#4889,#4890),(#4891,#4892,#4893),(#4894,#4895,#4896),(#4897,
#4898,#4899),(#4900,#4901,#4902),(#4903,#4904,#4905),(#4906,#4907,#4908),
(#4909,#4910,#4911),(#4912,#4913,#4914),(#4915,#4916,#4917),(#4918,#4919,
#4920),(#4921,#4922,#4923),(#4924,#4925,#4926),(#4927,#4928,#4929),(#4930,
#4931,#4932),(#4933,#4934,#4935),(#4936,#4937,#4938),(#4939,#4940,#4941),
(#4942,#4943,#4944)),.UNSPECIFIED.,.F.,.F.,.F.)
B_SPLINE_SURFACE_WITH_KNOTS((4,2,2,2,2,2,2,2,2,2,4),(3,3),(21.8070927233078,
22.0728014770819,27.5910018463523,33.1092022156228,38.6274025848933,44.1456029541637,
49.6638033234342,55.1820036927047,60.7002040619751,66.2184044312456,66.6233025265316),
(0.,1.),.UNSPECIFIED.)
GEOMETRIC_REPRESENTATION_ITEM()
RATIONAL_B_SPLINE_SURFACE(((1.,0.707106781186547,1.),(1.,0.707106781186547,
1.),(1.,0.707106781186547,1.),(1.,0.707106781186547,1.),(1.,0.707106781186547,
1.),(1.,0.707106781186547,1.),(1.,0.707106781186547,1.),(1.,0.707106781186547,
1.),(1.,0.707106781186547,1.),(1.,0.707106781186547,1.),(1.,0.707106781186547,
1.),(1.,0.707106781186547,1.),(1.,0.707106781186547,1.),(1.,0.707106781186547,
1.),(1.,0.707106781186547,1.),(1.,0.707106781186547,1.),(1.,0.707106781186547,
1.),(1.,0.707106781186547,1.),(1.,0.707106781186547,1.),(1.,0.707106781186547,
1.),(1.,0.707106781186547,1.),(1.,0.707106781186547,1.)))
REPRESENTATION_ITEM('')
SURFACE()
);
#171=(
BOUNDED_SURFACE()
B_SPLINE_SURFACE(3,2,((#5025,#5026,#5027),(#5028,#5029,#5030),(#5031,#5032,
#5033),(#5034,#5035,#5036),(#5037,#5038,#5039),(#5040,#5041,#5042),(#5043,
#5044,#5045),(#5046,#5047,#5048),(#5049,#5050,#5051),(#5052,#5053,#5054),
(#5055,#5056,#5057),(#5058,#5059,#5060),(#5061,#5062,#5063),(#5064,#5065,
#5066),(#5067,#5068,#5069),(#5070,#5071,#5072),(#5073,#5074,#5075),(#5076,
#5077,#5078),(#5079,#5080,#5081),(#5082,#5083,#5084),(#5085,#5086,#5087),
(#5088,#5089,#5090)),.UNSPECIFIED.,.F.,.F.,.F.)
B_SPLINE_SURFACE_WITH_KNOTS((4,2,2,2,2,2,2,2,2,2,4),(3,3),(22.2294227751093,
22.500277413902,28.1253467673775,33.750416120853,39.3754854743286,45.0005548278041,
50.6256241812796,56.2506935347551,61.8757628882306,67.5008322417061,67.9135718514812),
(0.,1.),.UNSPECIFIED.)
GEOMETRIC_REPRESENTATION_ITEM()
RATIONAL_B_SPLINE_SURFACE(((1.,0.707106781186547,1.),(1.,0.707106781186547,
1.),(1.,0.707106781186547,1.),(1.,0.707106781186547,1.),(1.,0.707106781186547,
1.),(1.,0.707106781186547,1.),(1.,0.707106781186547,1.),(1.,0.707106781186547,
1.),(1.,0.707106781186547,1.),(1.,0.707106781186547,1.),(1.,0.707106781186547,
1.),(1.,0.707106781186547,1.),(1.,0.707106781186547,1.),(1.,0.707106781186547,
1.),(1.,0.707106781186547,1.),(1.,0.707106781186547,1.),(1.,0.707106781186547,
1.),(1.,0.707106781186547,1.),(1.,0.707106781186547,1.),(1.,0.707106781186547,
1.),(1.,0.707106781186547,1.),(1.,0.707106781186547,1.)))
REPRESENTATION_ITEM('')
SURFACE()
);
#172=(
BOUNDED_SURFACE()
B_SPLINE_SURFACE(3,2,((#5135,#5136,#5137),(#5138,#5139,#5140),(#5141,#5142,
#5143),(#5144,#5145,#5146),(#5147,#5148,#5149),(#5150,#5151,#5152),(#5153,
#5154,#5155),(#5156,#5157,#5158),(#5159,#5160,#5161),(#5162,#5163,#5164),
(#5165,#5166,#5167),(#5168,#5169,#5170),(#5171,#5172,#5173),(#5174,#5175,
#5176),(#5177,#5178,#5179),(#5180,#5181,#5182),(#5183,#5184,#5185),(#5186,
#5187,#5188),(#5189,#5190,#5191),(#5192,#5193,#5194),(#5195,#5196,#5197),
(#5198,#5199,#5200)),.UNSPECIFIED.,.F.,.F.,.F.)
B_SPLINE_SURFACE_WITH_KNOTS((4,2,2,2,2,2,2,2,2,2,4),(3,3),(22.0875378041269,
22.500277413902,28.1253467673775,33.750416120853,39.3754854743286,45.0005548278041,
50.6256241812796,56.2506935347551,61.8757628882306,67.5008322417061,67.7716868804988),
(0.,1.),.UNSPECIFIED.)
GEOMETRIC_REPRESENTATION_ITEM()
RATIONAL_B_SPLINE_SURFACE(((1.,0.707106781186547,1.),(1.,0.707106781186547,
1.),(1.,0.707106781186547,1.),(1.,0.707106781186547,1.),(1.,0.707106781186547,
1.),(1.,0.707106781186547,1.),(1.,0.707106781186547,1.),(1.,0.707106781186547,
1.),(1.,0.707106781186547,1.),(1.,0.707106781186547,1.),(1.,0.707106781186547,
1.),(1.,0.707106781186547,1.),(1.,0.707106781186547,1.),(1.,0.707106781186547,
1.),(1.,0.707106781186547,1.),(1.,0.707106781186547,1.),(1.,0.707106781186547,
1.),(1.,0.707106781186547,1.),(1.,0.707106781186547,1.),(1.,0.707106781186547,
1.),(1.,0.707106781186547,1.),(1.,0.707106781186547,1.)))
REPRESENTATION_ITEM('')
SURFACE()
);
#173=(
BOUNDED_SURFACE()
B_SPLINE_SURFACE(3,2,((#5245,#5246,#5247),(#5248,#5249,#5250),(#5251,#5252,
#5253),(#5254,#5255,#5256),(#5257,#5258,#5259),(#5260,#5261,#5262),(#5263,
#5264,#5265),(#5266,#5267,#5268),(#5269,#5270,#5271),(#5272,#5273,#5274),
(#5275,#5276,#5277),(#5278,#5279,#5280),(#5281,#5282,#5283),(#5284,#5285,
#5286),(#5287,#5288,#5289),(#5290,#5291,#5292),(#5293,#5294,#5295),(#5296,
#5297,#5298),(#5299,#5300,#5301),(#5302,#5303,#5304),(#5305,#5306,#5307),
(#5308,#5309,#5310)),.UNSPECIFIED.,.F.,.F.,.F.)
B_SPLINE_SURFACE_WITH_KNOTS((4,2,2,2,2,2,2,2,2,2,4),(3,3),(21.6679033817959,
22.0728014770819,27.5910018463523,33.1092022156228,38.6274025848933,44.1456029541637,
49.6638033234342,55.1820036927047,60.7002040619751,66.2184044312456,66.4841131850197),
(0.,1.),.UNSPECIFIED.)
GEOMETRIC_REPRESENTATION_ITEM()
RATIONAL_B_SPLINE_SURFACE(((1.,0.707106781186547,1.),(1.,0.707106781186547,
1.),(1.,0.707106781186547,1.),(1.,0.707106781186547,1.),(1.,0.707106781186547,
1.),(1.,0.707106781186547,1.),(1.,0.707106781186547,1.),(1.,0.707106781186547,
1.),(1.,0.707106781186547,1.),(1.,0.707106781186547,1.),(1.,0.707106781186547,
1.),(1.,0.707106781186547,1.),(1.,0.707106781186547,1.),(1.,0.707106781186547,
1.),(1.,0.707106781186547,1.),(1.,0.707106781186547,1.),(1.,0.707106781186547,
1.),(1.,0.707106781186547,1.),(1.,0.707106781186547,1.),(1.,0.707106781186547,
1.),(1.,0.707106781186547,1.),(1.,0.707106781186547,1.)))
REPRESENTATION_ITEM('')
SURFACE()
);
#174=(
BOUNDED_SURFACE()
B_SPLINE_SURFACE(3,2,((#5322,#5323,#5324),(#5325,#5326,#5327),(#5328,#5329,
#5330),(#5331,#5332,#5333),(#5334,#5335,#5336),(#5337,#5338,#5339),(#5340,
#5341,#5342),(#5343,#5344,#5345),(#5346,#5347,#5348),(#5349,#5350,#5351),
(#5352,#5353,#5354),(#5355,#5356,#5357),(#5358,#5359,#5360),(#5361,#5362,
#5363),(#5364,#5365,#5366),(#5367,#5368,#5369),(#5370,#5371,#5372),(#5373,
#5374,#5375),(#5376,#5377,#5378),(#5379,#5380,#5381),(#5382,#5383,#5384),
(#5385,#5386,#5387)),.UNSPECIFIED.,.F.,.F.,.F.)
B_SPLINE_SURFACE_WITH_KNOTS((4,2,2,2,2,2,2,2,2,2,4),(3,3),(21.8070927233078,
22.0728014770819,27.5910018463523,33.1092022156228,38.6274025848933,44.1456029541637,
49.6638033234342,55.1820036927047,60.7002040619751,66.2184044312456,66.6233025265316),
(0.,1.),.UNSPECIFIED.)
GEOMETRIC_REPRESENTATION_ITEM()
RATIONAL_B_SPLINE_SURFACE(((1.,0.707106781186547,1.),(1.,0.707106781186547,
1.),(1.,0.707106781186547,1.),(1.,0.707106781186547,1.),(1.,0.707106781186547,
1.),(1.,0.707106781186547,1.),(1.,0.707106781186547,1.),(1.,0.707106781186547,
1.),(1.,0.707106781186547,1.),(1.,0.707106781186547,1.),(1.,0.707106781186547,
1.),(1.,0.707106781186547,1.),(1.,0.707106781186547,1.),(1.,0.707106781186547,
1.),(1.,0.707106781186547,1.),(1.,0.707106781186547,1.),(1.,0.707106781186547,
1.),(1.,0.707106781186547,1.),(1.,0.707106781186547,1.),(1.,0.707106781186547,
1.),(1.,0.707106781186547,1.),(1.,0.707106781186547,1.)))
REPRESENTATION_ITEM('')
SURFACE()
);
#175=(
BOUNDED_SURFACE()
B_SPLINE_SURFACE(3,2,((#5468,#5469,#5470),(#5471,#5472,#5473),(#5474,#5475,
#5476),(#5477,#5478,#5479),(#5480,#5481,#5482),(#5483,#5484,#5485),(#5486,
#5487,#5488),(#5489,#5490,#5491),(#5492,#5493,#5494),(#5495,#5496,#5497),
(#5498,#5499,#5500),(#5501,#5502,#5503),(#5504,#5505,#5506),(#5507,#5508,
#5509),(#5510,#5511,#5512),(#5513,#5514,#5515),(#5516,#5517,#5518),(#5519,
#5520,#5521),(#5522,#5523,#5524),(#5525,#5526,#5527),(#5528,#5529,#5530),
(#5531,#5532,#5533)),.UNSPECIFIED.,.F.,.F.,.F.)
B_SPLINE_SURFACE_WITH_KNOTS((4,2,2,2,2,2,2,2,2,2,4),(3,3),(22.2294227751093,
22.500277413902,28.1253467673775,33.750416120853,39.3754854743286,45.0005548278041,
50.6256241812796,56.2506935347551,61.8757628882306,67.5008322417061,67.9135718514813),
(0.,1.),.UNSPECIFIED.)
GEOMETRIC_REPRESENTATION_ITEM()
RATIONAL_B_SPLINE_SURFACE(((1.,0.707106781186547,1.),(1.,0.707106781186547,
1.),(1.,0.707106781186547,1.),(1.,0.707106781186547,1.),(1.,0.707106781186547,
1.),(1.,0.707106781186547,1.),(1.,0.707106781186547,1.),(1.,0.707106781186547,
1.),(1.,0.707106781186547,1.),(1.,0.707106781186547,1.),(1.,0.707106781186547,
1.),(1.,0.707106781186547,1.),(1.,0.707106781186547,1.),(1.,0.707106781186547,
1.),(1.,0.707106781186547,1.),(1.,0.707106781186547,1.),(1.,0.707106781186547,
1.),(1.,0.707106781186547,1.),(1.,0.707106781186547,1.),(1.,0.707106781186547,
1.),(1.,0.707106781186547,1.),(1.,0.707106781186547,1.)))
REPRESENTATION_ITEM('')
SURFACE()
);
#176=(
BOUNDED_SURFACE()
B_SPLINE_SURFACE(3,2,((#5578,#5579,#5580),(#5581,#5582,#5583),(#5584,#5585,
#5586),(#5587,#5588,#5589),(#5590,#5591,#5592),(#5593,#5594,#5595),(#5596,
#5597,#5598),(#5599,#5600,#5601),(#5602,#5603,#5604),(#5605,#5606,#5607),
(#5608,#5609,#5610),(#5611,#5612,#5613),(#5614,#5615,#5616),(#5617,#5618,
#5619),(#5620,#5621,#5622),(#5623,#5624,#5625),(#5626,#5627,#5628),(#5629,
#5630,#5631),(#5632,#5633,#5634),(#5635,#5636,#5637),(#5638,#5639,#5640),
(#5641,#5642,#5643)),.UNSPECIFIED.,.F.,.F.,.F.)
B_SPLINE_SURFACE_WITH_KNOTS((4,2,2,2,2,2,2,2,2,2,4),(3,3),(22.0875378041269,
22.500277413902,28.1253467673775,33.750416120853,39.3754854743286,45.0005548278041,
50.6256241812796,56.2506935347551,61.8757628882306,67.5008322417061,67.7716868804988),
(0.,1.),.UNSPECIFIED.)
GEOMETRIC_REPRESENTATION_ITEM()
RATIONAL_B_SPLINE_SURFACE(((1.,0.707106781186547,1.),(1.,0.707106781186547,
1.),(1.,0.707106781186547,1.),(1.,0.707106781186547,1.),(1.,0.707106781186547,
1.),(1.,0.707106781186547,1.),(1.,0.707106781186547,1.),(1.,0.707106781186547,
1.),(1.,0.707106781186547,1.),(1.,0.707106781186547,1.),(1.,0.707106781186547,
1.),(1.,0.707106781186547,1.),(1.,0.707106781186547,1.),(1.,0.707106781186547,
1.),(1.,0.707106781186547,1.),(1.,0.707106781186547,1.),(1.,0.707106781186547,
1.),(1.,0.707106781186547,1.),(1.,0.707106781186547,1.),(1.,0.707106781186547,
1.),(1.,0.707106781186547,1.),(1.,0.707106781186547,1.)))
REPRESENTATION_ITEM('')
SURFACE()
);
#177=(
BOUNDED_SURFACE()
B_SPLINE_SURFACE(3,2,((#5688,#5689,#5690),(#5691,#5692,#5693),(#5694,#5695,
#5696),(#5697,#5698,#5699),(#5700,#5701,#5702),(#5703,#5704,#5705),(#5706,
#5707,#5708),(#5709,#5710,#5711),(#5712,#5713,#5714),(#5715,#5716,#5717),
(#5718,#5719,#5720),(#5721,#5722,#5723),(#5724,#5725,#5726),(#5727,#5728,
#5729),(#5730,#5731,#5732),(#5733,#5734,#5735),(#5736,#5737,#5738),(#5739,
#5740,#5741),(#5742,#5743,#5744),(#5745,#5746,#5747),(#5748,#5749,#5750),
(#5751,#5752,#5753)),.UNSPECIFIED.,.F.,.F.,.F.)
B_SPLINE_SURFACE_WITH_KNOTS((4,2,2,2,2,2,2,2,2,2,4),(3,3),(21.6679033817959,
22.0728014770819,27.5910018463523,33.1092022156228,38.6274025848933,44.1456029541637,
49.6638033234342,55.1820036927047,60.7002040619751,66.2184044312456,66.4841131850197),
(0.,1.),.UNSPECIFIED.)
GEOMETRIC_REPRESENTATION_ITEM()
RATIONAL_B_SPLINE_SURFACE(((1.,0.707106781186547,1.),(1.,0.707106781186547,
1.),(1.,0.707106781186547,1.),(1.,0.707106781186547,1.),(1.,0.707106781186547,
1.),(1.,0.707106781186547,1.),(1.,0.707106781186547,1.),(1.,0.707106781186547,
1.),(1.,0.707106781186547,1.),(1.,0.707106781186547,1.),(1.,0.707106781186547,
1.),(1.,0.707106781186547,1.),(1.,0.707106781186547,1.),(1.,0.707106781186547,
1.),(1.,0.707106781186547,1.),(1.,0.707106781186547,1.),(1.,0.707106781186547,
1.),(1.,0.707106781186547,1.),(1.,0.707106781186547,1.),(1.,0.707106781186547,
1.),(1.,0.707106781186547,1.),(1.,0.707106781186547,1.)))
REPRESENTATION_ITEM('')
SURFACE()
);
#178=SHAPE_REPRESENTATION_RELATIONSHIP('','',#1081,#185);
#179=SHAPE_REPRESENTATION_RELATIONSHIP('','',#1082,#186);
#180=SHAPE_REPRESENTATION_RELATIONSHIP('','',#1083,#187);
#181=SHAPE_REPRESENTATION_RELATIONSHIP('','',#1084,#188);
#182=SHAPE_REPRESENTATION_RELATIONSHIP('','',#1085,#189);
#183=SHAPE_REPRESENTATION_RELATIONSHIP('','',#1086,#190);
#184=SHAPE_REPRESENTATION_RELATIONSHIP('','',#1087,#191);
#185=ADVANCED_BREP_SHAPE_REPRESENTATION('',(#1067),#5770);
#186=ADVANCED_BREP_SHAPE_REPRESENTATION('',(#1068),#5771);
#187=ADVANCED_BREP_SHAPE_REPRESENTATION('',(#1069),#5772);
#188=ADVANCED_BREP_SHAPE_REPRESENTATION('',(#1070),#5773);
#189=ADVANCED_BREP_SHAPE_REPRESENTATION('',(#1071),#5774);
#190=ADVANCED_BREP_SHAPE_REPRESENTATION('',(#1072),#5775);
#191=ADVANCED_BREP_SHAPE_REPRESENTATION('',(#1073),#5776);
#192=PLANE('',#1107);
#193=PLANE('',#1110);
#194=PLANE('',#1128);
#195=PLANE('',#1129);
#196=PLANE('',#1131);
#197=PLANE('',#1132);
#198=PLANE('',#1134);
#199=PLANE('',#1135);
#200=PLANE('',#1137);
#201=PLANE('',#1138);
#202=PLANE('',#1140);
#203=PLANE('',#1141);
#204=PLANE('',#1143);
#205=PLANE('',#1144);
#206=CIRCLE('',#1090,0.0005325);
#207=CIRCLE('',#1091,0.0005325);
#208=CIRCLE('',#1093,0.0005325);
#209=CIRCLE('',#1094,0.0005325);
#210=CIRCLE('',#1096,0.0005325);
#211=CIRCLE('',#1097,0.0005325);
#212=CIRCLE('',#1099,0.0005325);
#213=CIRCLE('',#1100,0.0005325);
#214=CIRCLE('',#1102,0.005325);
#215=CIRCLE('',#1103,0.005325);
#216=CIRCLE('',#1105,0.005325);
#217=CIRCLE('',#1106,0.005325);
#218=CIRCLE('',#1108,0.005325);
#219=CIRCLE('',#1109,0.005325);
#220=CIRCLE('',#1111,0.005325);
#221=CIRCLE('',#1112,0.005325);
#222=CIRCLE('',#1117,0.0005325);
#223=CIRCLE('',#1118,0.0005325);
#224=CIRCLE('',#1120,0.0005325);
#225=CIRCLE('',#1121,0.0005325);
#226=CIRCLE('',#1123,0.0005325);
#227=CIRCLE('',#1124,0.0005325);
#228=CIRCLE('',#1126,0.0005325);
#229=CIRCLE('',#1127,0.0005325);
#230=ORIENTED_EDGE('',*,*,#542,.T.);
#231=ORIENTED_EDGE('',*,*,#543,.T.);
#232=ORIENTED_EDGE('',*,*,#544,.F.);
#233=ORIENTED_EDGE('',*,*,#545,.F.);
#234=ORIENTED_EDGE('',*,*,#542,.F.);
#235=ORIENTED_EDGE('',*,*,#546,.F.);
#236=ORIENTED_EDGE('',*,*,#547,.T.);
#237=ORIENTED_EDGE('',*,*,#548,.T.);
#238=ORIENTED_EDGE('',*,*,#544,.T.);
#239=ORIENTED_EDGE('',*,*,#549,.T.);
#240=ORIENTED_EDGE('',*,*,#550,.F.);
#241=ORIENTED_EDGE('',*,*,#551,.F.);
#242=ORIENTED_EDGE('',*,*,#547,.F.);
#243=ORIENTED_EDGE('',*,*,#552,.F.);
#244=ORIENTED_EDGE('',*,*,#550,.T.);
#245=ORIENTED_EDGE('',*,*,#553,.T.);
#246=ORIENTED_EDGE('',*,*,#554,.F.);
#247=ORIENTED_EDGE('',*,*,#555,.T.);
#248=ORIENTED_EDGE('',*,*,#556,.T.);
#249=ORIENTED_EDGE('',*,*,#557,.F.);
#250=ORIENTED_EDGE('',*,*,#554,.T.);
#251=ORIENTED_EDGE('',*,*,#558,.F.);
#252=ORIENTED_EDGE('',*,*,#559,.F.);
#253=ORIENTED_EDGE('',*,*,#560,.T.);
#254=ORIENTED_EDGE('',*,*,#545,.T.);
#255=ORIENTED_EDGE('',*,*,#551,.T.);
#256=ORIENTED_EDGE('',*,*,#552,.T.);
#257=ORIENTED_EDGE('',*,*,#546,.T.);
#258=ORIENTED_EDGE('',*,*,#555,.F.);
#259=ORIENTED_EDGE('',*,*,#560,.F.);
#260=ORIENTED_EDGE('',*,*,#561,.F.);
#261=ORIENTED_EDGE('',*,*,#562,.F.);
#262=ORIENTED_EDGE('',*,*,#543,.F.);
#263=ORIENTED_EDGE('',*,*,#548,.F.);
#264=ORIENTED_EDGE('',*,*,#553,.F.);
#265=ORIENTED_EDGE('',*,*,#549,.F.);
#266=ORIENTED_EDGE('',*,*,#557,.T.);
#267=ORIENTED_EDGE('',*,*,#563,.T.);
#268=ORIENTED_EDGE('',*,*,#564,.T.);
#269=ORIENTED_EDGE('',*,*,#558,.T.);
#270=ORIENTED_EDGE('',*,*,#556,.F.);
#271=ORIENTED_EDGE('',*,*,#562,.T.);
#272=ORIENTED_EDGE('',*,*,#565,.T.);
#273=ORIENTED_EDGE('',*,*,#563,.F.);
#274=ORIENTED_EDGE('',*,*,#559,.T.);
#275=ORIENTED_EDGE('',*,*,#564,.F.);
#276=ORIENTED_EDGE('',*,*,#565,.F.);
#277=ORIENTED_EDGE('',*,*,#561,.T.);
#278=ORIENTED_EDGE('',*,*,#566,.T.);
#279=ORIENTED_EDGE('',*,*,#567,.T.);
#280=ORIENTED_EDGE('',*,*,#568,.F.);
#281=ORIENTED_EDGE('',*,*,#569,.F.);
#282=ORIENTED_EDGE('',*,*,#566,.F.);
#283=ORIENTED_EDGE('',*,*,#570,.T.);
#284=ORIENTED_EDGE('',*,*,#571,.T.);
#285=ORIENTED_EDGE('',*,*,#572,.F.);
#286=ORIENTED_EDGE('',*,*,#568,.T.);
#287=ORIENTED_EDGE('',*,*,#573,.T.);
#288=ORIENTED_EDGE('',*,*,#574,.F.);
#289=ORIENTED_EDGE('',*,*,#575,.F.);
#290=ORIENTED_EDGE('',*,*,#571,.F.);
#291=ORIENTED_EDGE('',*,*,#576,.T.);
#292=ORIENTED_EDGE('',*,*,#574,.T.);
#293=ORIENTED_EDGE('',*,*,#577,.F.);
#294=ORIENTED_EDGE('',*,*,#578,.T.);
#295=ORIENTED_EDGE('',*,*,#579,.F.);
#296=ORIENTED_EDGE('',*,*,#580,.F.);
#297=ORIENTED_EDGE('',*,*,#581,.T.);
#298=ORIENTED_EDGE('',*,*,#578,.F.);
#299=ORIENTED_EDGE('',*,*,#582,.T.);
#300=ORIENTED_EDGE('',*,*,#583,.T.);
#301=ORIENTED_EDGE('',*,*,#584,.F.);
#302=ORIENTED_EDGE('',*,*,#585,.F.);
#303=ORIENTED_EDGE('',*,*,#586,.F.);
#304=ORIENTED_EDGE('',*,*,#587,.T.);
#305=ORIENTED_EDGE('',*,*,#588,.T.);
#306=ORIENTED_EDGE('',*,*,#585,.T.);
#307=ORIENTED_EDGE('',*,*,#589,.T.);
#308=ORIENTED_EDGE('',*,*,#590,.F.);
#309=ORIENTED_EDGE('',*,*,#591,.F.);
#310=ORIENTED_EDGE('',*,*,#580,.T.);
#311=ORIENTED_EDGE('',*,*,#592,.T.);
#312=ORIENTED_EDGE('',*,*,#593,.F.);
#313=ORIENTED_EDGE('',*,*,#594,.F.);
#314=ORIENTED_EDGE('',*,*,#587,.F.);
#315=ORIENTED_EDGE('',*,*,#595,.T.);
#316=ORIENTED_EDGE('',*,*,#596,.T.);
#317=ORIENTED_EDGE('',*,*,#597,.F.);
#318=ORIENTED_EDGE('',*,*,#583,.F.);
#319=ORIENTED_EDGE('',*,*,#598,.F.);
#320=ORIENTED_EDGE('',*,*,#593,.T.);
#321=ORIENTED_EDGE('',*,*,#599,.T.);
#322=ORIENTED_EDGE('',*,*,#590,.T.);
#323=ORIENTED_EDGE('',*,*,#600,.F.);
#324=ORIENTED_EDGE('',*,*,#596,.F.);
#325=ORIENTED_EDGE('',*,*,#601,.T.);
#326=ORIENTED_EDGE('',*,*,#602,.T.);
#327=ORIENTED_EDGE('',*,*,#603,.F.);
#328=ORIENTED_EDGE('',*,*,#604,.F.);
#329=ORIENTED_EDGE('',*,*,#605,.T.);
#330=ORIENTED_EDGE('',*,*,#602,.F.);
#331=ORIENTED_EDGE('',*,*,#606,.F.);
#332=ORIENTED_EDGE('',*,*,#607,.T.);
#333=ORIENTED_EDGE('',*,*,#608,.T.);
#334=ORIENTED_EDGE('',*,*,#609,.F.);
#335=ORIENTED_EDGE('',*,*,#610,.F.);
#336=ORIENTED_EDGE('',*,*,#611,.T.);
#337=ORIENTED_EDGE('',*,*,#612,.T.);
#338=ORIENTED_EDGE('',*,*,#609,.T.);
#339=ORIENTED_EDGE('',*,*,#613,.F.);
#340=ORIENTED_EDGE('',*,*,#614,.F.);
#341=ORIENTED_EDGE('',*,*,#615,.T.);
#342=ORIENTED_EDGE('',*,*,#604,.T.);
#343=ORIENTED_EDGE('',*,*,#616,.F.);
#344=ORIENTED_EDGE('',*,*,#617,.F.);
#345=ORIENTED_EDGE('',*,*,#618,.T.);
#346=ORIENTED_EDGE('',*,*,#611,.F.);
#347=ORIENTED_EDGE('',*,*,#619,.F.);
#348=ORIENTED_EDGE('',*,*,#620,.T.);
#349=ORIENTED_EDGE('',*,*,#621,.T.);
#350=ORIENTED_EDGE('',*,*,#607,.F.);
#351=ORIENTED_EDGE('',*,*,#622,.F.);
#352=ORIENTED_EDGE('',*,*,#617,.T.);
#353=ORIENTED_EDGE('',*,*,#623,.T.);
#354=ORIENTED_EDGE('',*,*,#614,.T.);
#355=ORIENTED_EDGE('',*,*,#624,.F.);
#356=ORIENTED_EDGE('',*,*,#620,.F.);
#357=ORIENTED_EDGE('',*,*,#625,.T.);
#358=ORIENTED_EDGE('',*,*,#626,.T.);
#359=ORIENTED_EDGE('',*,*,#627,.F.);
#360=ORIENTED_EDGE('',*,*,#628,.F.);
#361=ORIENTED_EDGE('',*,*,#629,.T.);
#362=ORIENTED_EDGE('',*,*,#628,.T.);
#363=ORIENTED_EDGE('',*,*,#630,.F.);
#364=ORIENTED_EDGE('',*,*,#631,.F.);
#365=ORIENTED_EDGE('',*,*,#632,.T.);
#366=ORIENTED_EDGE('',*,*,#633,.F.);
#367=ORIENTED_EDGE('',*,*,#634,.T.);
#368=ORIENTED_EDGE('',*,*,#631,.T.);
#369=ORIENTED_EDGE('',*,*,#635,.F.);
#370=ORIENTED_EDGE('',*,*,#626,.F.);
#371=ORIENTED_EDGE('',*,*,#636,.T.);
#372=ORIENTED_EDGE('',*,*,#633,.T.);
#373=ORIENTED_EDGE('',*,*,#637,.F.);
#374=ORIENTED_EDGE('',*,*,#610,.T.);
#375=ORIENTED_EDGE('',*,*,#615,.F.);
#376=ORIENTED_EDGE('',*,*,#625,.F.);
#377=ORIENTED_EDGE('',*,*,#619,.T.);
#378=ORIENTED_EDGE('',*,*,#605,.F.);
#379=ORIENTED_EDGE('',*,*,#618,.F.);
#380=ORIENTED_EDGE('',*,*,#622,.T.);
#381=ORIENTED_EDGE('',*,*,#606,.T.);
#382=ORIENTED_EDGE('',*,*,#586,.T.);
#383=ORIENTED_EDGE('',*,*,#591,.T.);
#384=ORIENTED_EDGE('',*,*,#601,.F.);
#385=ORIENTED_EDGE('',*,*,#595,.F.);
#386=ORIENTED_EDGE('',*,*,#581,.F.);
#387=ORIENTED_EDGE('',*,*,#594,.T.);
#388=ORIENTED_EDGE('',*,*,#598,.T.);
#389=ORIENTED_EDGE('',*,*,#582,.F.);
#390=ORIENTED_EDGE('',*,*,#569,.T.);
#391=ORIENTED_EDGE('',*,*,#575,.T.);
#392=ORIENTED_EDGE('',*,*,#576,.F.);
#393=ORIENTED_EDGE('',*,*,#570,.F.);
#394=ORIENTED_EDGE('',*,*,#636,.F.);
#395=ORIENTED_EDGE('',*,*,#629,.F.);
#396=ORIENTED_EDGE('',*,*,#632,.F.);
#397=ORIENTED_EDGE('',*,*,#634,.F.);
#398=ORIENTED_EDGE('',*,*,#612,.F.);
#399=ORIENTED_EDGE('',*,*,#621,.F.);
#400=ORIENTED_EDGE('',*,*,#624,.T.);
#401=ORIENTED_EDGE('',*,*,#613,.T.);
#402=ORIENTED_EDGE('',*,*,#603,.T.);
#403=ORIENTED_EDGE('',*,*,#608,.F.);
#404=ORIENTED_EDGE('',*,*,#623,.F.);
#405=ORIENTED_EDGE('',*,*,#616,.T.);
#406=ORIENTED_EDGE('',*,*,#588,.F.);
#407=ORIENTED_EDGE('',*,*,#597,.T.);
#408=ORIENTED_EDGE('',*,*,#600,.T.);
#409=ORIENTED_EDGE('',*,*,#589,.F.);
#410=ORIENTED_EDGE('',*,*,#579,.T.);
#411=ORIENTED_EDGE('',*,*,#584,.T.);
#412=ORIENTED_EDGE('',*,*,#599,.F.);
#413=ORIENTED_EDGE('',*,*,#592,.F.);
#414=ORIENTED_EDGE('',*,*,#567,.F.);
#415=ORIENTED_EDGE('',*,*,#572,.T.);
#416=ORIENTED_EDGE('',*,*,#577,.T.);
#417=ORIENTED_EDGE('',*,*,#573,.F.);
#418=ORIENTED_EDGE('',*,*,#637,.T.);
#419=ORIENTED_EDGE('',*,*,#635,.T.);
#420=ORIENTED_EDGE('',*,*,#630,.T.);
#421=ORIENTED_EDGE('',*,*,#627,.T.);
#422=ORIENTED_EDGE('',*,*,#638,.T.);
#423=ORIENTED_EDGE('',*,*,#639,.T.);
#424=ORIENTED_EDGE('',*,*,#640,.F.);
#425=ORIENTED_EDGE('',*,*,#641,.F.);
#426=ORIENTED_EDGE('',*,*,#642,.F.);
#427=ORIENTED_EDGE('',*,*,#643,.T.);
#428=ORIENTED_EDGE('',*,*,#644,.T.);
#429=ORIENTED_EDGE('',*,*,#645,.F.);
#430=ORIENTED_EDGE('',*,*,#646,.F.);
#431=ORIENTED_EDGE('',*,*,#642,.T.);
#432=ORIENTED_EDGE('',*,*,#647,.T.);
#433=ORIENTED_EDGE('',*,*,#638,.F.);
#434=ORIENTED_EDGE('',*,*,#647,.F.);
#435=ORIENTED_EDGE('',*,*,#645,.T.);
#436=ORIENTED_EDGE('',*,*,#648,.T.);
#437=ORIENTED_EDGE('',*,*,#639,.F.);
#438=ORIENTED_EDGE('',*,*,#649,.T.);
#439=ORIENTED_EDGE('',*,*,#640,.T.);
#440=ORIENTED_EDGE('',*,*,#648,.F.);
#441=ORIENTED_EDGE('',*,*,#644,.F.);
#442=ORIENTED_EDGE('',*,*,#646,.T.);
#443=ORIENTED_EDGE('',*,*,#641,.T.);
#444=ORIENTED_EDGE('',*,*,#649,.F.);
#445=ORIENTED_EDGE('',*,*,#643,.F.);
#446=ORIENTED_EDGE('',*,*,#650,.T.);
#447=ORIENTED_EDGE('',*,*,#651,.T.);
#448=ORIENTED_EDGE('',*,*,#652,.F.);
#449=ORIENTED_EDGE('',*,*,#653,.F.);
#450=ORIENTED_EDGE('',*,*,#652,.T.);
#451=ORIENTED_EDGE('',*,*,#654,.F.);
#452=ORIENTED_EDGE('',*,*,#655,.F.);
#453=ORIENTED_EDGE('',*,*,#656,.T.);
#454=ORIENTED_EDGE('',*,*,#657,.F.);
#455=ORIENTED_EDGE('',*,*,#658,.T.);
#456=ORIENTED_EDGE('',*,*,#655,.T.);
#457=ORIENTED_EDGE('',*,*,#659,.F.);
#458=ORIENTED_EDGE('',*,*,#650,.F.);
#459=ORIENTED_EDGE('',*,*,#660,.F.);
#460=ORIENTED_EDGE('',*,*,#657,.T.);
#461=ORIENTED_EDGE('',*,*,#661,.T.);
#462=ORIENTED_EDGE('',*,*,#660,.T.);
#463=ORIENTED_EDGE('',*,*,#653,.T.);
#464=ORIENTED_EDGE('',*,*,#656,.F.);
#465=ORIENTED_EDGE('',*,*,#658,.F.);
#466=ORIENTED_EDGE('',*,*,#661,.F.);
#467=ORIENTED_EDGE('',*,*,#659,.T.);
#468=ORIENTED_EDGE('',*,*,#654,.T.);
#469=ORIENTED_EDGE('',*,*,#651,.F.);
#470=ORIENTED_EDGE('',*,*,#662,.T.);
#471=ORIENTED_EDGE('',*,*,#663,.F.);
#472=ORIENTED_EDGE('',*,*,#664,.F.);
#473=ORIENTED_EDGE('',*,*,#665,.T.);
#474=ORIENTED_EDGE('',*,*,#664,.T.);
#475=ORIENTED_EDGE('',*,*,#666,.T.);
#476=ORIENTED_EDGE('',*,*,#667,.F.);
#477=ORIENTED_EDGE('',*,*,#668,.F.);
#478=ORIENTED_EDGE('',*,*,#669,.F.);
#479=ORIENTED_EDGE('',*,*,#670,.F.);
#480=ORIENTED_EDGE('',*,*,#667,.T.);
#481=ORIENTED_EDGE('',*,*,#671,.T.);
#482=ORIENTED_EDGE('',*,*,#662,.F.);
#483=ORIENTED_EDGE('',*,*,#672,.T.);
#484=ORIENTED_EDGE('',*,*,#669,.T.);
#485=ORIENTED_EDGE('',*,*,#673,.F.);
#486=ORIENTED_EDGE('',*,*,#665,.F.);
#487=ORIENTED_EDGE('',*,*,#668,.T.);
#488=ORIENTED_EDGE('',*,*,#670,.T.);
#489=ORIENTED_EDGE('',*,*,#672,.F.);
#490=ORIENTED_EDGE('',*,*,#663,.T.);
#491=ORIENTED_EDGE('',*,*,#673,.T.);
#492=ORIENTED_EDGE('',*,*,#671,.F.);
#493=ORIENTED_EDGE('',*,*,#666,.F.);
#494=ORIENTED_EDGE('',*,*,#674,.T.);
#495=ORIENTED_EDGE('',*,*,#675,.F.);
#496=ORIENTED_EDGE('',*,*,#676,.F.);
#497=ORIENTED_EDGE('',*,*,#677,.T.);
#498=ORIENTED_EDGE('',*,*,#676,.T.);
#499=ORIENTED_EDGE('',*,*,#678,.F.);
#500=ORIENTED_EDGE('',*,*,#679,.F.);
#501=ORIENTED_EDGE('',*,*,#680,.T.);
#502=ORIENTED_EDGE('',*,*,#681,.F.);
#503=ORIENTED_EDGE('',*,*,#682,.F.);
#504=ORIENTED_EDGE('',*,*,#679,.T.);
#505=ORIENTED_EDGE('',*,*,#683,.T.);
#506=ORIENTED_EDGE('',*,*,#674,.F.);
#507=ORIENTED_EDGE('',*,*,#684,.F.);
#508=ORIENTED_EDGE('',*,*,#681,.T.);
#509=ORIENTED_EDGE('',*,*,#685,.T.);
#510=ORIENTED_EDGE('',*,*,#684,.T.);
#511=ORIENTED_EDGE('',*,*,#677,.F.);
#512=ORIENTED_EDGE('',*,*,#680,.F.);
#513=ORIENTED_EDGE('',*,*,#682,.T.);
#514=ORIENTED_EDGE('',*,*,#685,.F.);
#515=ORIENTED_EDGE('',*,*,#683,.F.);
#516=ORIENTED_EDGE('',*,*,#678,.T.);
#517=ORIENTED_EDGE('',*,*,#675,.T.);
#518=ORIENTED_EDGE('',*,*,#686,.T.);
#519=ORIENTED_EDGE('',*,*,#687,.F.);
#520=ORIENTED_EDGE('',*,*,#688,.F.);
#521=ORIENTED_EDGE('',*,*,#689,.T.);
#522=ORIENTED_EDGE('',*,*,#688,.T.);
#523=ORIENTED_EDGE('',*,*,#690,.F.);
#524=ORIENTED_EDGE('',*,*,#691,.F.);
#525=ORIENTED_EDGE('',*,*,#692,.T.);
#526=ORIENTED_EDGE('',*,*,#693,.F.);
#527=ORIENTED_EDGE('',*,*,#694,.F.);
#528=ORIENTED_EDGE('',*,*,#691,.T.);
#529=ORIENTED_EDGE('',*,*,#695,.T.);
#530=ORIENTED_EDGE('',*,*,#686,.F.);
#531=ORIENTED_EDGE('',*,*,#696,.F.);
#532=ORIENTED_EDGE('',*,*,#693,.T.);
#533=ORIENTED_EDGE('',*,*,#697,.T.);
#534=ORIENTED_EDGE('',*,*,#689,.F.);
#535=ORIENTED_EDGE('',*,*,#692,.F.);
#536=ORIENTED_EDGE('',*,*,#694,.T.);
#537=ORIENTED_EDGE('',*,*,#696,.T.);
#538=ORIENTED_EDGE('',*,*,#687,.T.);
#539=ORIENTED_EDGE('',*,*,#697,.F.);
#540=ORIENTED_EDGE('',*,*,#695,.F.);
#541=ORIENTED_EDGE('',*,*,#690,.T.);
#542=EDGE_CURVE('',#698,#699,#802,.T.);
#543=EDGE_CURVE('',#699,#700,#206,.T.);
#544=EDGE_CURVE('',#701,#700,#803,.T.);
#545=EDGE_CURVE('',#698,#701,#207,.T.);
#546=EDGE_CURVE('',#702,#698,#208,.T.);
#547=EDGE_CURVE('',#702,#703,#804,.T.);
#548=EDGE_CURVE('',#703,#699,#209,.T.);
#549=EDGE_CURVE('',#700,#704,#210,.T.);
#550=EDGE_CURVE('',#705,#704,#805,.T.);
#551=EDGE_CURVE('',#701,#705,#211,.T.);
#552=EDGE_CURVE('',#705,#702,#212,.T.);
#553=EDGE_CURVE('',#704,#703,#213,.T.);
#554=EDGE_CURVE('',#706,#707,#806,.T.);
#555=EDGE_CURVE('',#706,#708,#214,.T.);
#556=EDGE_CURVE('',#708,#709,#807,.T.);
#557=EDGE_CURVE('',#707,#709,#215,.T.);
#558=EDGE_CURVE('',#710,#707,#216,.T.);
#559=EDGE_CURVE('',#711,#710,#808,.T.);
#560=EDGE_CURVE('',#711,#706,#217,.T.);
#561=EDGE_CURVE('',#712,#711,#218,.T.);
#562=EDGE_CURVE('',#708,#712,#219,.T.);
#563=EDGE_CURVE('',#709,#713,#220,.T.);
#564=EDGE_CURVE('',#713,#710,#221,.T.);
#565=EDGE_CURVE('',#712,#713,#809,.T.);
#566=EDGE_CURVE('',#714,#715,#98,.T.);
#567=EDGE_CURVE('',#715,#716,#18,.T.);
#568=EDGE_CURVE('',#717,#716,#99,.T.);
#569=EDGE_CURVE('',#714,#717,#19,.T.);
#570=EDGE_CURVE('',#714,#718,#20,.T.);
#571=EDGE_CURVE('',#718,#719,#100,.T.);
#572=EDGE_CURVE('',#715,#719,#21,.T.);
#573=EDGE_CURVE('',#716,#720,#22,.T.);
#574=EDGE_CURVE('',#721,#720,#101,.T.);
#575=EDGE_CURVE('',#717,#721,#23,.T.);
#576=EDGE_CURVE('',#718,#721,#24,.T.);
#577=EDGE_CURVE('',#719,#720,#25,.T.);
#578=EDGE_CURVE('',#722,#723,#102,.T.);
#579=EDGE_CURVE('',#724,#723,#26,.T.);
#580=EDGE_CURVE('',#725,#724,#103,.T.);
#581=EDGE_CURVE('',#725,#722,#27,.T.);
#582=EDGE_CURVE('',#722,#726,#28,.T.);
#583=EDGE_CURVE('',#726,#727,#104,.T.);
#584=EDGE_CURVE('',#723,#727,#29,.T.);
#585=EDGE_CURVE('',#728,#729,#105,.T.);
#586=EDGE_CURVE('',#730,#728,#30,.T.);
#587=EDGE_CURVE('',#730,#731,#106,.T.);
#588=EDGE_CURVE('',#731,#729,#31,.T.);
#589=EDGE_CURVE('',#729,#732,#32,.T.);
#590=EDGE_CURVE('',#733,#732,#107,.T.);
#591=EDGE_CURVE('',#728,#733,#33,.T.);
#592=EDGE_CURVE('',#724,#734,#34,.T.);
#593=EDGE_CURVE('',#735,#734,#108,.T.);
#594=EDGE_CURVE('',#725,#735,#35,.T.);
#595=EDGE_CURVE('',#730,#736,#36,.T.);
#596=EDGE_CURVE('',#736,#737,#109,.T.);
#597=EDGE_CURVE('',#731,#737,#37,.T.);
#598=EDGE_CURVE('',#735,#726,#38,.T.);
#599=EDGE_CURVE('',#734,#727,#39,.T.);
#600=EDGE_CURVE('',#737,#732,#40,.T.);
#601=EDGE_CURVE('',#736,#733,#41,.T.);
#602=EDGE_CURVE('',#738,#739,#110,.T.);
#603=EDGE_CURVE('',#740,#739,#42,.T.);
#604=EDGE_CURVE('',#741,#740,#111,.T.);
#605=EDGE_CURVE('',#741,#738,#43,.T.);
#606=EDGE_CURVE('',#742,#738,#44,.T.);
#607=EDGE_CURVE('',#742,#743,#112,.T.);
#608=EDGE_CURVE('',#743,#739,#45,.T.);
#609=EDGE_CURVE('',#744,#745,#113,.T.);
#610=EDGE_CURVE('',#746,#744,#46,.T.);
#611=EDGE_CURVE('',#746,#747,#114,.T.);
#612=EDGE_CURVE('',#747,#745,#47,.T.);
#613=EDGE_CURVE('',#748,#745,#48,.T.);
#614=EDGE_CURVE('',#749,#748,#115,.T.);
#615=EDGE_CURVE('',#749,#744,#49,.T.);
#616=EDGE_CURVE('',#750,#740,#50,.T.);
#617=EDGE_CURVE('',#751,#750,#116,.T.);
#618=EDGE_CURVE('',#751,#741,#51,.T.);
#619=EDGE_CURVE('',#752,#746,#52,.T.);
#620=EDGE_CURVE('',#752,#753,#117,.T.);
#621=EDGE_CURVE('',#753,#747,#53,.T.);
#622=EDGE_CURVE('',#751,#742,#54,.T.);
#623=EDGE_CURVE('',#750,#743,#55,.T.);
#624=EDGE_CURVE('',#753,#748,#56,.T.);
#625=EDGE_CURVE('',#752,#749,#57,.T.);
#626=EDGE_CURVE('',#754,#755,#810,.T.);
#627=EDGE_CURVE('',#756,#755,#222,.T.);
#628=EDGE_CURVE('',#757,#756,#811,.T.);
#629=EDGE_CURVE('',#757,#754,#223,.T.);
#630=EDGE_CURVE('',#758,#756,#224,.T.);
#631=EDGE_CURVE('',#759,#758,#812,.T.);
#632=EDGE_CURVE('',#759,#757,#225,.T.);
#633=EDGE_CURVE('',#760,#761,#813,.T.);
#634=EDGE_CURVE('',#760,#759,#226,.T.);
#635=EDGE_CURVE('',#761,#758,#227,.T.);
#636=EDGE_CURVE('',#754,#760,#228,.T.);
#637=EDGE_CURVE('',#755,#761,#229,.T.);
#638=EDGE_CURVE('',#762,#763,#58,.T.);
#639=EDGE_CURVE('',#763,#764,#59,.T.);
#640=EDGE_CURVE('',#765,#764,#60,.T.);
#641=EDGE_CURVE('',#762,#765,#61,.T.);
#642=EDGE_CURVE('',#766,#767,#62,.T.);
#643=EDGE_CURVE('',#766,#768,#63,.T.);
#644=EDGE_CURVE('',#768,#769,#64,.T.);
#645=EDGE_CURVE('',#767,#769,#65,.T.);
#646=EDGE_CURVE('',#766,#762,#118,.T.);
#647=EDGE_CURVE('',#767,#763,#119,.T.);
#648=EDGE_CURVE('',#769,#764,#120,.T.);
#649=EDGE_CURVE('',#768,#765,#121,.T.);
#650=EDGE_CURVE('',#770,#771,#122,.T.);
#651=EDGE_CURVE('',#771,#772,#66,.T.);
#652=EDGE_CURVE('',#773,#772,#123,.T.);
#653=EDGE_CURVE('',#770,#773,#67,.T.);
#654=EDGE_CURVE('',#774,#772,#68,.T.);
#655=EDGE_CURVE('',#775,#774,#124,.T.);
#656=EDGE_CURVE('',#775,#773,#69,.T.);
#657=EDGE_CURVE('',#776,#777,#125,.T.);
#658=EDGE_CURVE('',#776,#775,#70,.T.);
#659=EDGE_CURVE('',#777,#774,#71,.T.);
#660=EDGE_CURVE('',#776,#770,#72,.T.);
#661=EDGE_CURVE('',#777,#771,#73,.T.);
#662=EDGE_CURVE('',#778,#779,#126,.T.);
#663=EDGE_CURVE('',#780,#779,#74,.T.);
#664=EDGE_CURVE('',#781,#780,#127,.T.);
#665=EDGE_CURVE('',#781,#778,#75,.T.);
#666=EDGE_CURVE('',#780,#782,#76,.T.);
#667=EDGE_CURVE('',#783,#782,#128,.T.);
#668=EDGE_CURVE('',#781,#783,#77,.T.);
#669=EDGE_CURVE('',#784,#785,#129,.T.);
#670=EDGE_CURVE('',#783,#784,#78,.T.);
#671=EDGE_CURVE('',#782,#785,#79,.T.);
#672=EDGE_CURVE('',#778,#784,#80,.T.);
#673=EDGE_CURVE('',#779,#785,#81,.T.);
#674=EDGE_CURVE('',#786,#787,#130,.T.);
#675=EDGE_CURVE('',#788,#787,#82,.T.);
#676=EDGE_CURVE('',#789,#788,#131,.T.);
#677=EDGE_CURVE('',#789,#786,#83,.T.);
#678=EDGE_CURVE('',#790,#788,#84,.T.);
#679=EDGE_CURVE('',#791,#790,#132,.T.);
#680=EDGE_CURVE('',#791,#789,#85,.T.);
#681=EDGE_CURVE('',#792,#793,#133,.T.);
#682=EDGE_CURVE('',#791,#792,#86,.T.);
#683=EDGE_CURVE('',#790,#793,#87,.T.);
#684=EDGE_CURVE('',#792,#786,#88,.T.);
#685=EDGE_CURVE('',#793,#787,#89,.T.);
#686=EDGE_CURVE('',#794,#795,#134,.T.);
#687=EDGE_CURVE('',#796,#795,#90,.T.);
#688=EDGE_CURVE('',#797,#796,#135,.T.);
#689=EDGE_CURVE('',#797,#794,#91,.T.);
#690=EDGE_CURVE('',#798,#796,#92,.T.);
#691=EDGE_CURVE('',#799,#798,#136,.T.);
#692=EDGE_CURVE('',#799,#797,#93,.T.);
#693=EDGE_CURVE('',#800,#801,#137,.T.);
#694=EDGE_CURVE('',#799,#800,#94,.T.);
#695=EDGE_CURVE('',#798,#801,#95,.T.);
#696=EDGE_CURVE('',#800,#794,#96,.T.);
#697=EDGE_CURVE('',#801,#795,#97,.T.);
#698=VERTEX_POINT('',#1274);
#699=VERTEX_POINT('',#1275);
#700=VERTEX_POINT('',#1277);
#701=VERTEX_POINT('',#1279);
#702=VERTEX_POINT('',#1283);
#703=VERTEX_POINT('',#1285);
#704=VERTEX_POINT('',#1289);
#705=VERTEX_POINT('',#1291);
#706=VERTEX_POINT('',#1298);
#707=VERTEX_POINT('',#1299);
#708=VERTEX_POINT('',#1301);
#709=VERTEX_POINT('',#1303);
#710=VERTEX_POINT('',#1307);
#711=VERTEX_POINT('',#1309);
#712=VERTEX_POINT('',#1313);
#713=VERTEX_POINT('',#1317);
#714=VERTEX_POINT('',#1423);
#715=VERTEX_POINT('',#1424);
#716=VERTEX_POINT('',#1429);
#717=VERTEX_POINT('',#1464);
#718=VERTEX_POINT('',#1539);
#719=VERTEX_POINT('',#1574);
#720=VERTEX_POINT('',#1649);
#721=VERTEX_POINT('',#1684);
#722=VERTEX_POINT('',#1863);
#723=VERTEX_POINT('',#1864);
#724=VERTEX_POINT('',#1869);
#725=VERTEX_POINT('',#1904);
#726=VERTEX_POINT('',#1979);
#727=VERTEX_POINT('',#2014);
#728=VERTEX_POINT('',#2119);
#729=VERTEX_POINT('',#2120);
#730=VERTEX_POINT('',#2125);
#731=VERTEX_POINT('',#2160);
#732=VERTEX_POINT('',#2235);
#733=VERTEX_POINT('',#2270);
#734=VERTEX_POINT('',#2345);
#735=VERTEX_POINT('',#2380);
#736=VERTEX_POINT('',#2455);
#737=VERTEX_POINT('',#2490);
#738=VERTEX_POINT('',#2743);
#739=VERTEX_POINT('',#2744);
#740=VERTEX_POINT('',#2749);
#741=VERTEX_POINT('',#2784);
#742=VERTEX_POINT('',#2859);
#743=VERTEX_POINT('',#2894);
#744=VERTEX_POINT('',#2999);
#745=VERTEX_POINT('',#3000);
#746=VERTEX_POINT('',#3005);
#747=VERTEX_POINT('',#3040);
#748=VERTEX_POINT('',#3115);
#749=VERTEX_POINT('',#3150);
#750=VERTEX_POINT('',#3225);
#751=VERTEX_POINT('',#3260);
#752=VERTEX_POINT('',#3335);
#753=VERTEX_POINT('',#3370);
#754=VERTEX_POINT('',#3525);
#755=VERTEX_POINT('',#3526);
#756=VERTEX_POINT('',#3528);
#757=VERTEX_POINT('',#3530);
#758=VERTEX_POINT('',#3534);
#759=VERTEX_POINT('',#3536);
#760=VERTEX_POINT('',#3540);
#761=VERTEX_POINT('',#3541);
#762=VERTEX_POINT('',#3555);
#763=VERTEX_POINT('',#3556);
#764=VERTEX_POINT('',#3561);
#765=VERTEX_POINT('',#3566);
#766=VERTEX_POINT('',#3576);
#767=VERTEX_POINT('',#3577);
#768=VERTEX_POINT('',#3582);
#769=VERTEX_POINT('',#3587);
#770=VERTEX_POINT('',#4093);
#771=VERTEX_POINT('',#4094);
#772=VERTEX_POINT('',#4099);
#773=VERTEX_POINT('',#4134);
#774=VERTEX_POINT('',#4209);
#775=VERTEX_POINT('',#4244);
#776=VERTEX_POINT('',#4349);
#777=VERTEX_POINT('',#4350);
#778=VERTEX_POINT('',#4536);
#779=VERTEX_POINT('',#4537);
#780=VERTEX_POINT('',#4542);
#781=VERTEX_POINT('',#4577);
#782=VERTEX_POINT('',#4652);
#783=VERTEX_POINT('',#4687);
#784=VERTEX_POINT('',#4792);
#785=VERTEX_POINT('',#4793);
#786=VERTEX_POINT('',#4979);
#787=VERTEX_POINT('',#4980);
#788=VERTEX_POINT('',#4985);
#789=VERTEX_POINT('',#5020);
#790=VERTEX_POINT('',#5095);
#791=VERTEX_POINT('',#5130);
#792=VERTEX_POINT('',#5235);
#793=VERTEX_POINT('',#5236);
#794=VERTEX_POINT('',#5422);
#795=VERTEX_POINT('',#5423);
#796=VERTEX_POINT('',#5428);
#797=VERTEX_POINT('',#5463);
#798=VERTEX_POINT('',#5538);
#799=VERTEX_POINT('',#5573);
#800=VERTEX_POINT('',#5678);
#801=VERTEX_POINT('',#5679);
#802=LINE('',#1273,#814);
#803=LINE('',#1278,#815);
#804=LINE('',#1284,#816);
#805=LINE('',#1290,#817);
#806=LINE('',#1297,#818);
#807=LINE('',#1302,#819);
#808=LINE('',#1308,#820);
#809=LINE('',#1320,#821);
#810=LINE('',#3524,#822);
#811=LINE('',#3529,#823);
#812=LINE('',#3535,#824);
#813=LINE('',#3539,#825);
#814=VECTOR('',#1149,1.);
#815=VECTOR('',#1152,1.);
#816=VECTOR('',#1159,1.);
#817=VECTOR('',#1166,1.);
#818=VECTOR('',#1177,1.);
#819=VECTOR('',#1180,1.);
#820=VECTOR('',#1187,1.);
#821=VECTOR('',#1204,1.);
#822=VECTOR('',#1211,1.);
#823=VECTOR('',#1214,1.);
#824=VECTOR('',#1221,1.);
#825=VECTOR('',#1226,1.);
#826=EDGE_LOOP('',(#230,#231,#232,#233));
#827=EDGE_LOOP('',(#234,#235,#236,#237));
#828=EDGE_LOOP('',(#238,#239,#240,#241));
#829=EDGE_LOOP('',(#242,#243,#244,#245));
#830=EDGE_LOOP('',(#246,#247,#248,#249));
#831=EDGE_LOOP('',(#250,#251,#252,#253));
#832=EDGE_LOOP('',(#254,#255,#256,#257));
#833=EDGE_LOOP('',(#258,#259,#260,#261));
#834=EDGE_LOOP('',(#262,#263,#264,#265));
#835=EDGE_LOOP('',(#266,#267,#268,#269));
#836=EDGE_LOOP('',(#270,#271,#272,#273));
#837=EDGE_LOOP('',(#274,#275,#276,#277));
#838=EDGE_LOOP('',(#278,#279,#280,#281));
#839=EDGE_LOOP('',(#282,#283,#284,#285));
#840=EDGE_LOOP('',(#286,#287,#288,#289));
#841=EDGE_LOOP('',(#290,#291,#292,#293));
#842=EDGE_LOOP('',(#294,#295,#296,#297));
#843=EDGE_LOOP('',(#298,#299,#300,#301));
#844=EDGE_LOOP('',(#302,#303,#304,#305));
#845=EDGE_LOOP('',(#306,#307,#308,#309));
#846=EDGE_LOOP('',(#310,#311,#312,#313));
#847=EDGE_LOOP('',(#314,#315,#316,#317));
#848=EDGE_LOOP('',(#318,#319,#320,#321));
#849=EDGE_LOOP('',(#322,#323,#324,#325));
#850=EDGE_LOOP('',(#326,#327,#328,#329));
#851=EDGE_LOOP('',(#330,#331,#332,#333));
#852=EDGE_LOOP('',(#334,#335,#336,#337));
#853=EDGE_LOOP('',(#338,#339,#340,#341));
#854=EDGE_LOOP('',(#342,#343,#344,#345));
#855=EDGE_LOOP('',(#346,#347,#348,#349));
#856=EDGE_LOOP('',(#350,#351,#352,#353));
#857=EDGE_LOOP('',(#354,#355,#356,#357));
#858=EDGE_LOOP('',(#358,#359,#360,#361));
#859=EDGE_LOOP('',(#362,#363,#364,#365));
#860=EDGE_LOOP('',(#366,#367,#368,#369));
#861=EDGE_LOOP('',(#370,#371,#372,#373));
#862=EDGE_LOOP('',(#374,#375,#376,#377));
#863=EDGE_LOOP('',(#378,#379,#380,#381));
#864=EDGE_LOOP('',(#382,#383,#384,#385));
#865=EDGE_LOOP('',(#386,#387,#388,#389));
#866=EDGE_LOOP('',(#390,#391,#392,#393));
#867=EDGE_LOOP('',(#394,#395,#396,#397));
#868=EDGE_LOOP('',(#398,#399,#400,#401));
#869=EDGE_LOOP('',(#402,#403,#404,#405));
#870=EDGE_LOOP('',(#406,#407,#408,#409));
#871=EDGE_LOOP('',(#410,#411,#412,#413));
#872=EDGE_LOOP('',(#414,#415,#416,#417));
#873=EDGE_LOOP('',(#418,#419,#420,#421));
#874=EDGE_LOOP('',(#422,#423,#424,#425));
#875=EDGE_LOOP('',(#426,#427,#428,#429));
#876=EDGE_LOOP('',(#430,#431,#432,#433));
#877=EDGE_LOOP('',(#434,#435,#436,#437));
#878=EDGE_LOOP('',(#438,#439,#440,#441));
#879=EDGE_LOOP('',(#442,#443,#444,#445));
#880=EDGE_LOOP('',(#446,#447,#448,#449));
#881=EDGE_LOOP('',(#450,#451,#452,#453));
#882=EDGE_LOOP('',(#454,#455,#456,#457));
#883=EDGE_LOOP('',(#458,#459,#460,#461));
#884=EDGE_LOOP('',(#462,#463,#464,#465));
#885=EDGE_LOOP('',(#466,#467,#468,#469));
#886=EDGE_LOOP('',(#470,#471,#472,#473));
#887=EDGE_LOOP('',(#474,#475,#476,#477));
#888=EDGE_LOOP('',(#478,#479,#480,#481));
#889=EDGE_LOOP('',(#482,#483,#484,#485));
#890=EDGE_LOOP('',(#486,#487,#488,#489));
#891=EDGE_LOOP('',(#490,#491,#492,#493));
#892=EDGE_LOOP('',(#494,#495,#496,#497));
#893=EDGE_LOOP('',(#498,#499,#500,#501));
#894=EDGE_LOOP('',(#502,#503,#504,#505));
#895=EDGE_LOOP('',(#506,#507,#508,#509));
#896=EDGE_LOOP('',(#510,#511,#512,#513));
#897=EDGE_LOOP('',(#514,#515,#516,#517));
#898=EDGE_LOOP('',(#518,#519,#520,#521));
#899=EDGE_LOOP('',(#522,#523,#524,#525));
#900=EDGE_LOOP('',(#526,#527,#528,#529));
#901=EDGE_LOOP('',(#530,#531,#532,#533));
#902=EDGE_LOOP('',(#534,#535,#536,#537));
#903=EDGE_LOOP('',(#538,#539,#540,#541));
#904=FACE_BOUND('',#826,.T.);
#905=FACE_BOUND('',#827,.T.);
#906=FACE_BOUND('',#828,.T.);
#907=FACE_BOUND('',#829,.T.);
#908=FACE_BOUND('',#830,.T.);
#909=FACE_BOUND('',#831,.T.);
#910=FACE_BOUND('',#832,.T.);
#911=FACE_BOUND('',#833,.T.);
#912=FACE_BOUND('',#834,.T.);
#913=FACE_BOUND('',#835,.T.);
#914=FACE_BOUND('',#836,.T.);
#915=FACE_BOUND('',#837,.T.);
#916=FACE_BOUND('',#838,.T.);
#917=FACE_BOUND('',#839,.T.);
#918=FACE_BOUND('',#840,.T.);
#919=FACE_BOUND('',#841,.T.);
#920=FACE_BOUND('',#842,.T.);
#921=FACE_BOUND('',#843,.T.);
#922=FACE_BOUND('',#844,.T.);
#923=FACE_BOUND('',#845,.T.);
#924=FACE_BOUND('',#846,.T.);
#925=FACE_BOUND('',#847,.T.);
#926=FACE_BOUND('',#848,.T.);
#927=FACE_BOUND('',#849,.T.);
#928=FACE_BOUND('',#850,.T.);
#929=FACE_BOUND('',#851,.T.);
#930=FACE_BOUND('',#852,.T.);
#931=FACE_BOUND('',#853,.T.);
#932=FACE_BOUND('',#854,.T.);
#933=FACE_BOUND('',#855,.T.);
#934=FACE_BOUND('',#856,.T.);
#935=FACE_BOUND('',#857,.T.);
#936=FACE_BOUND('',#858,.T.);
#937=FACE_BOUND('',#859,.T.);
#938=FACE_BOUND('',#860,.T.);
#939=FACE_BOUND('',#861,.T.);
#940=FACE_BOUND('',#862,.T.);
#941=FACE_BOUND('',#863,.T.);
#942=FACE_BOUND('',#864,.T.);
#943=FACE_BOUND('',#865,.T.);
#944=FACE_BOUND('',#866,.T.);
#945=FACE_BOUND('',#867,.T.);
#946=FACE_BOUND('',#868,.T.);
#947=FACE_BOUND('',#869,.T.);
#948=FACE_BOUND('',#870,.T.);
#949=FACE_BOUND('',#871,.T.);
#950=FACE_BOUND('',#872,.T.);
#951=FACE_BOUND('',#873,.T.);
#952=FACE_BOUND('',#874,.T.);
#953=FACE_BOUND('',#875,.T.);
#954=FACE_BOUND('',#876,.T.);
#955=FACE_BOUND('',#877,.T.);
#956=FACE_BOUND('',#878,.T.);
#957=FACE_BOUND('',#879,.T.);
#958=FACE_BOUND('',#880,.T.);
#959=FACE_BOUND('',#881,.T.);
#960=FACE_BOUND('',#882,.T.);
#961=FACE_BOUND('',#883,.T.);
#962=FACE_BOUND('',#884,.T.);
#963=FACE_BOUND('',#885,.T.);
#964=FACE_BOUND('',#886,.T.);
#965=FACE_BOUND('',#887,.T.);
#966=FACE_BOUND('',#888,.T.);
#967=FACE_BOUND('',#889,.T.);
#968=FACE_BOUND('',#890,.T.);
#969=FACE_BOUND('',#891,.T.);
#970=FACE_BOUND('',#892,.T.);
#971=FACE_BOUND('',#893,.T.);
#972=FACE_BOUND('',#894,.T.);
#973=FACE_BOUND('',#895,.T.);
#974=FACE_BOUND('',#896,.T.);
#975=FACE_BOUND('',#897,.T.);
#976=FACE_BOUND('',#898,.T.);
#977=FACE_BOUND('',#899,.T.);
#978=FACE_BOUND('',#900,.T.);
#979=FACE_BOUND('',#901,.T.);
#980=FACE_BOUND('',#902,.T.);
#981=FACE_BOUND('',#903,.T.);
#982=CYLINDRICAL_SURFACE('',#1089,0.0005325);
#983=CYLINDRICAL_SURFACE('',#1092,0.0005325);
#984=CYLINDRICAL_SURFACE('',#1095,0.0005325);
#985=CYLINDRICAL_SURFACE('',#1098,0.0005325);
#986=CYLINDRICAL_SURFACE('',#1101,0.005325);
#987=CYLINDRICAL_SURFACE('',#1104,0.005325);
#988=CYLINDRICAL_SURFACE('',#1113,0.005325);
#989=CYLINDRICAL_SURFACE('',#1114,0.005325);
#990=CYLINDRICAL_SURFACE('',#1116,0.0005325);
#991=CYLINDRICAL_SURFACE('',#1119,0.0005325);
#992=CYLINDRICAL_SURFACE('',#1122,0.0005325);
#993=CYLINDRICAL_SURFACE('',#1125,0.0005325);
#994=ADVANCED_FACE('',(#904),#982,.F.);
#995=ADVANCED_FACE('',(#905),#983,.F.);
#996=ADVANCED_FACE('',(#906),#984,.F.);
#997=ADVANCED_FACE('',(#907),#985,.F.);
#998=ADVANCED_FACE('',(#908),#986,.T.);
#999=ADVANCED_FACE('',(#909),#987,.T.);
#1000=ADVANCED_FACE('',(#910,#911),#192,.F.);
#1001=ADVANCED_FACE('',(#912,#913),#193,.T.);
#1002=ADVANCED_FACE('',(#914),#988,.T.);
#1003=ADVANCED_FACE('',(#915),#989,.T.);
#1004=ADVANCED_FACE('',(#916),#138,.T.);
#1005=ADVANCED_FACE('',(#917),#139,.T.);
#1006=ADVANCED_FACE('',(#918),#140,.T.);
#1007=ADVANCED_FACE('',(#919),#141,.T.);
#1008=ADVANCED_FACE('',(#920),#142,.T.);
#1009=ADVANCED_FACE('',(#921),#143,.T.);
#1010=ADVANCED_FACE('',(#922),#144,.T.);
#1011=ADVANCED_FACE('',(#923),#145,.T.);
#1012=ADVANCED_FACE('',(#924),#146,.T.);
#1013=ADVANCED_FACE('',(#925),#147,.T.);
#1014=ADVANCED_FACE('',(#926),#148,.T.);
#1015=ADVANCED_FACE('',(#927),#149,.T.);
#1016=ADVANCED_FACE('',(#928),#150,.T.);
#1017=ADVANCED_FACE('',(#929),#151,.T.);
#1018=ADVANCED_FACE('',(#930),#152,.T.);
#1019=ADVANCED_FACE('',(#931),#153,.T.);
#1020=ADVANCED_FACE('',(#932),#154,.T.);
#1021=ADVANCED_FACE('',(#933),#155,.T.);
#1022=ADVANCED_FACE('',(#934),#156,.T.);
#1023=ADVANCED_FACE('',(#935),#157,.T.);
#1024=ADVANCED_FACE('',(#936),#990,.T.);
#1025=ADVANCED_FACE('',(#937),#991,.T.);
#1026=ADVANCED_FACE('',(#938),#992,.T.);
#1027=ADVANCED_FACE('',(#939),#993,.T.);
#1028=ADVANCED_FACE('',(#940,#941,#942,#943,#944,#945),#194,.F.);
#1029=ADVANCED_FACE('',(#946,#947,#948,#949,#950,#951),#195,.T.);
#1030=ADVANCED_FACE('',(#952),#196,.T.);
#1031=ADVANCED_FACE('',(#953),#197,.F.);
#1032=ADVANCED_FACE('',(#954),#158,.F.);
#1033=ADVANCED_FACE('',(#955),#159,.F.);
#1034=ADVANCED_FACE('',(#956),#160,.F.);
#1035=ADVANCED_FACE('',(#957),#161,.F.);
#1036=ADVANCED_FACE('',(#958),#162,.F.);
#1037=ADVANCED_FACE('',(#959),#163,.F.);
#1038=ADVANCED_FACE('',(#960),#164,.F.);
#1039=ADVANCED_FACE('',(#961),#165,.F.);
#1040=ADVANCED_FACE('',(#962),#198,.F.);
#1041=ADVANCED_FACE('',(#963),#199,.T.);
#1042=ADVANCED_FACE('',(#964),#166,.F.);
#1043=ADVANCED_FACE('',(#965),#167,.F.);
#1044=ADVANCED_FACE('',(#966),#168,.F.);
#1045=ADVANCED_FACE('',(#967),#169,.F.);
#1046=ADVANCED_FACE('',(#968),#200,.F.);
#1047=ADVANCED_FACE('',(#969),#201,.T.);
#1048=ADVANCED_FACE('',(#970),#170,.F.);
#1049=ADVANCED_FACE('',(#971),#171,.F.);
#1050=ADVANCED_FACE('',(#972),#172,.F.);
#1051=ADVANCED_FACE('',(#973),#173,.F.);
#1052=ADVANCED_FACE('',(#974),#202,.F.);
#1053=ADVANCED_FACE('',(#975),#203,.T.);
#1054=ADVANCED_FACE('',(#976),#174,.F.);
#1055=ADVANCED_FACE('',(#977),#175,.F.);
#1056=ADVANCED_FACE('',(#978),#176,.F.);
#1057=ADVANCED_FACE('',(#979),#177,.F.);
#1058=ADVANCED_FACE('',(#980),#204,.F.);
#1059=ADVANCED_FACE('',(#981),#205,.T.);
#1060=CLOSED_SHELL('',(#994,#995,#996,#997,#998,#999,#1000,#1001,#1002,
#1003));
#1061=CLOSED_SHELL('',(#1004,#1005,#1006,#1007,#1008,#1009,#1010,#1011,
#1012,#1013,#1014,#1015,#1016,#1017,#1018,#1019,#1020,#1021,#1022,#1023,
#1024,#1025,#1026,#1027,#1028,#1029));
#1062=CLOSED_SHELL('',(#1030,#1031,#1032,#1033,#1034,#1035));
#1063=CLOSED_SHELL('',(#1036,#1037,#1038,#1039,#1040,#1041));
#1064=CLOSED_SHELL('',(#1042,#1043,#1044,#1045,#1046,#1047));
#1065=CLOSED_SHELL('',(#1048,#1049,#1050,#1051,#1052,#1053));
#1066=CLOSED_SHELL('',(#1054,#1055,#1056,#1057,#1058,#1059));
#1067=MANIFOLD_SOLID_BREP('',#1060);
#1068=MANIFOLD_SOLID_BREP('',#1061);
#1069=MANIFOLD_SOLID_BREP('',#1062);
#1070=MANIFOLD_SOLID_BREP('',#1063);
#1071=MANIFOLD_SOLID_BREP('',#1064);
#1072=MANIFOLD_SOLID_BREP('',#1065);
#1073=MANIFOLD_SOLID_BREP('',#1066);
#1074=SHAPE_DEFINITION_REPRESENTATION(#5805,#1081);
#1075=SHAPE_DEFINITION_REPRESENTATION(#5806,#1082);
#1076=SHAPE_DEFINITION_REPRESENTATION(#5807,#1083);
#1077=SHAPE_DEFINITION_REPRESENTATION(#5808,#1084);
#1078=SHAPE_DEFINITION_REPRESENTATION(#5809,#1085);
#1079=SHAPE_DEFINITION_REPRESENTATION(#5810,#1086);
#1080=SHAPE_DEFINITION_REPRESENTATION(#5811,#1087);
#1081=SHAPE_REPRESENTATION('id2',(#1088),#5770);
#1082=SHAPE_REPRESENTATION('id5',(#1115),#5771);
#1083=SHAPE_REPRESENTATION('id8',(#1130),#5772);
#1084=SHAPE_REPRESENTATION('id11',(#1133),#5773);
#1085=SHAPE_REPRESENTATION('id14',(#1136),#5774);
#1086=SHAPE_REPRESENTATION('id17',(#1139),#5775);
#1087=SHAPE_REPRESENTATION('id20',(#1142),#5776);
#1088=AXIS2_PLACEMENT_3D('',#1271,#1145,#1146);
#1089=AXIS2_PLACEMENT_3D('',#1272,#1147,#1148);
#1090=AXIS2_PLACEMENT_3D('',#1276,#1150,#1151);
#1091=AXIS2_PLACEMENT_3D('',#1280,#1153,#1154);
#1092=AXIS2_PLACEMENT_3D('',#1281,#1155,#1156);
#1093=AXIS2_PLACEMENT_3D('',#1282,#1157,#1158);
#1094=AXIS2_PLACEMENT_3D('',#1286,#1160,#1161);
#1095=AXIS2_PLACEMENT_3D('',#1287,#1162,#1163);
#1096=AXIS2_PLACEMENT_3D('',#1288,#1164,#1165);
#1097=AXIS2_PLACEMENT_3D('',#1292,#1167,#1168);
#1098=AXIS2_PLACEMENT_3D('',#1293,#1169,#1170);
#1099=AXIS2_PLACEMENT_3D('',#1294,#1171,#1172);
#1100=AXIS2_PLACEMENT_3D('',#1295,#1173,#1174);
#1101=AXIS2_PLACEMENT_3D('',#1296,#1175,#1176);
#1102=AXIS2_PLACEMENT_3D('',#1300,#1178,#1179);
#1103=AXIS2_PLACEMENT_3D('',#1304,#1181,#1182);
#1104=AXIS2_PLACEMENT_3D('',#1305,#1183,#1184);
#1105=AXIS2_PLACEMENT_3D('',#1306,#1185,#1186);
#1106=AXIS2_PLACEMENT_3D('',#1310,#1188,#1189);
#1107=AXIS2_PLACEMENT_3D('',#1311,#1190,#1191);
#1108=AXIS2_PLACEMENT_3D('',#1312,#1192,#1193);
#1109=AXIS2_PLACEMENT_3D('',#1314,#1194,#1195);
#1110=AXIS2_PLACEMENT_3D('',#1315,#1196,#1197);
#1111=AXIS2_PLACEMENT_3D('',#1316,#1198,#1199);
#1112=AXIS2_PLACEMENT_3D('',#1318,#1200,#1201);
#1113=AXIS2_PLACEMENT_3D('',#1319,#1202,#1203);
#1114=AXIS2_PLACEMENT_3D('',#1321,#1205,#1206);
#1115=AXIS2_PLACEMENT_3D('',#1322,#1207,#1208);
#1116=AXIS2_PLACEMENT_3D('',#3523,#1209,#1210);
#1117=AXIS2_PLACEMENT_3D('',#3527,#1212,#1213);
#1118=AXIS2_PLACEMENT_3D('',#3531,#1215,#1216);
#1119=AXIS2_PLACEMENT_3D('',#3532,#1217,#1218);
#1120=AXIS2_PLACEMENT_3D('',#3533,#1219,#1220);
#1121=AXIS2_PLACEMENT_3D('',#3537,#1222,#1223);
#1122=AXIS2_PLACEMENT_3D('',#3538,#1224,#1225);
#1123=AXIS2_PLACEMENT_3D('',#3542,#1227,#1228);
#1124=AXIS2_PLACEMENT_3D('',#3543,#1229,#1230);
#1125=AXIS2_PLACEMENT_3D('',#3544,#1231,#1232);
#1126=AXIS2_PLACEMENT_3D('',#3545,#1233,#1234);
#1127=AXIS2_PLACEMENT_3D('',#3546,#1235,#1236);
#1128=AXIS2_PLACEMENT_3D('',#3547,#1237,#1238);
#1129=AXIS2_PLACEMENT_3D('',#3548,#1239,#1240);
#1130=AXIS2_PLACEMENT_3D('',#3549,#1241,#1242);
#1131=AXIS2_PLACEMENT_3D('',#3550,#1243,#1244);
#1132=AXIS2_PLACEMENT_3D('',#3571,#1245,#1246);
#1133=AXIS2_PLACEMENT_3D('',#3992,#1247,#1248);
#1134=AXIS2_PLACEMENT_3D('',#4433,#1249,#1250);
#1135=AXIS2_PLACEMENT_3D('',#4434,#1251,#1252);
#1136=AXIS2_PLACEMENT_3D('',#4435,#1253,#1254);
#1137=AXIS2_PLACEMENT_3D('',#4876,#1255,#1256);
#1138=AXIS2_PLACEMENT_3D('',#4877,#1257,#1258);
#1139=AXIS2_PLACEMENT_3D('',#4878,#1259,#1260);
#1140=AXIS2_PLACEMENT_3D('',#5319,#1261,#1262);
#1141=AXIS2_PLACEMENT_3D('',#5320,#1263,#1264);
#1142=AXIS2_PLACEMENT_3D('',#5321,#1265,#1266);
#1143=AXIS2_PLACEMENT_3D('',#5762,#1267,#1268);
#1144=AXIS2_PLACEMENT_3D('',#5763,#1269,#1270);
#1145=DIRECTION('',(0.,0.,1.));
#1146=DIRECTION('',(1.,0.,0.));
#1147=DIRECTION('',(0.,0.,1.));
#1148=DIRECTION('',(1.,0.,0.));
#1149=DIRECTION('',(0.,0.,1.));
#1150=DIRECTION('',(0.,0.,1.));
#1151=DIRECTION('',(-1.,1.78155286558651E-16,0.));
#1152=DIRECTION('',(0.,0.,1.));
#1153=DIRECTION('',(0.,0.,1.));
#1154=DIRECTION('',(-1.,1.78155286558651E-16,0.));
#1155=DIRECTION('',(0.,0.,1.));
#1156=DIRECTION('',(1.,0.,0.));
#1157=DIRECTION('',(0.,0.,1.));
#1158=DIRECTION('',(1.78155286558651E-16,1.,0.));
#1159=DIRECTION('',(0.,0.,1.));
#1160=DIRECTION('',(0.,0.,1.));
#1161=DIRECTION('',(1.78155286558651E-16,1.,0.));
#1162=DIRECTION('',(0.,0.,1.));
#1163=DIRECTION('',(1.,0.,0.));
#1164=DIRECTION('',(0.,0.,1.));
#1165=DIRECTION('',(-1.78155286558651E-16,-1.,0.));
#1166=DIRECTION('',(0.,0.,1.));
#1167=DIRECTION('',(0.,0.,1.));
#1168=DIRECTION('',(-1.78155286558651E-16,-1.,0.));
#1169=DIRECTION('',(0.,0.,1.));
#1170=DIRECTION('',(1.,0.,0.));
#1171=DIRECTION('',(0.,0.,1.));
#1172=DIRECTION('',(1.,-1.78155286558651E-16,0.));
#1173=DIRECTION('',(0.,0.,1.));
#1174=DIRECTION('',(1.,-1.78155286558651E-16,0.));
#1175=DIRECTION('',(0.,0.,1.));
#1176=DIRECTION('',(1.,0.,0.));
#1177=DIRECTION('',(0.,0.,1.));
#1178=DIRECTION('',(0.,0.,1.));
#1179=DIRECTION('',(-1.,4.07212083562631E-16,0.));
#1180=DIRECTION('',(0.,0.,1.));
#1181=DIRECTION('',(0.,0.,1.));
#1182=DIRECTION('',(-1.,4.07212083562631E-16,0.));
#1183=DIRECTION('',(0.,0.,1.));
#1184=DIRECTION('',(1.,0.,0.));
#1185=DIRECTION('',(0.,0.,1.));
#1186=DIRECTION('',(4.07212083562631E-16,1.,0.));
#1187=DIRECTION('',(0.,0.,1.));
#1188=DIRECTION('',(0.,0.,1.));
#1189=DIRECTION('',(4.07212083562631E-16,1.,0.));
#1190=DIRECTION('',(0.,0.,1.));
#1191=DIRECTION('',(1.,0.,0.));
#1192=DIRECTION('',(0.,0.,1.));
#1193=DIRECTION('',(1.,-4.07212083562631E-16,0.));
#1194=DIRECTION('',(0.,0.,1.));
#1195=DIRECTION('',(-4.07212083562631E-16,-1.,0.));
#1196=DIRECTION('',(0.,0.,1.));
#1197=DIRECTION('',(1.,0.,0.));
#1198=DIRECTION('',(0.,0.,1.));
#1199=DIRECTION('',(-4.07212083562631E-16,-1.,0.));
#1200=DIRECTION('',(0.,0.,1.));
#1201=DIRECTION('',(1.,-4.07212083562631E-16,0.));
#1202=DIRECTION('',(0.,0.,1.));
#1203=DIRECTION('',(1.,0.,0.));
#1204=DIRECTION('',(0.,0.,1.));
#1205=DIRECTION('',(0.,0.,1.));
#1206=DIRECTION('',(1.,0.,0.));
#1207=DIRECTION('',(0.,0.,1.));
#1208=DIRECTION('',(1.,0.,0.));
#1209=DIRECTION('',(0.,0.,1.));
#1210=DIRECTION('',(1.,0.,0.));
#1211=DIRECTION('',(0.,0.,1.));
#1212=DIRECTION('',(0.,0.,1.));
#1213=DIRECTION('',(1.78155286558651E-16,1.,0.));
#1214=DIRECTION('',(0.,0.,1.));
#1215=DIRECTION('',(0.,0.,1.));
#1216=DIRECTION('',(1.78155286558651E-16,1.,0.));
#1217=DIRECTION('',(0.,0.,1.));
#1218=DIRECTION('',(1.,0.,0.));
#1219=DIRECTION('',(0.,0.,1.));
#1220=DIRECTION('',(1.,-1.78155286558651E-16,0.));
#1221=DIRECTION('',(0.,0.,1.));
#1222=DIRECTION('',(0.,0.,1.));
#1223=DIRECTION('',(1.,-1.78155286558651E-16,0.));
#1224=DIRECTION('',(0.,0.,1.));
#1225=DIRECTION('',(1.,0.,0.));
#1226=DIRECTION('',(0.,0.,1.));
#1227=DIRECTION('',(0.,0.,1.));
#1228=DIRECTION('',(-1.78155286558651E-16,-1.,0.));
#1229=DIRECTION('',(0.,0.,1.));
#1230=DIRECTION('',(-1.78155286558651E-16,-1.,0.));
#1231=DIRECTION('',(0.,0.,1.));
#1232=DIRECTION('',(1.,0.,0.));
#1233=DIRECTION('',(0.,0.,1.));
#1234=DIRECTION('',(-1.,1.78155286558651E-16,0.));
#1235=DIRECTION('',(0.,0.,1.));
#1236=DIRECTION('',(-1.,1.78155286558651E-16,0.));
#1237=DIRECTION('',(0.,0.,1.));
#1238=DIRECTION('',(1.,0.,0.));
#1239=DIRECTION('',(0.,0.,1.));
#1240=DIRECTION('',(1.,0.,0.));
#1241=DIRECTION('',(0.,0.,1.));
#1242=DIRECTION('',(1.,0.,0.));
#1243=DIRECTION('',(0.,0.,1.));
#1244=DIRECTION('',(1.,0.,0.));
#1245=DIRECTION('',(0.,0.,1.));
#1246=DIRECTION('',(1.,0.,0.));
#1247=DIRECTION('',(0.,0.,1.));
#1248=DIRECTION('',(1.,0.,0.));
#1249=DIRECTION('',(0.,0.,1.));
#1250=DIRECTION('',(0.309016994374948,0.951056516295154,0.));
#1251=DIRECTION('',(0.,0.,1.));
#1252=DIRECTION('',(0.309016994374948,0.951056516295154,0.));
#1253=DIRECTION('',(0.,0.,1.));
#1254=DIRECTION('',(1.,0.,0.));
#1255=DIRECTION('',(0.,0.,1.));
#1256=DIRECTION('',(1.,0.,0.));
#1257=DIRECTION('',(0.,0.,1.));
#1258=DIRECTION('',(1.,0.,0.));
#1259=DIRECTION('',(0.,0.,1.));
#1260=DIRECTION('',(1.,0.,0.));
#1261=DIRECTION('',(0.,0.,1.));
#1262=DIRECTION('',(-0.809016994374947,0.587785252292473,0.));
#1263=DIRECTION('',(0.,0.,1.));
#1264=DIRECTION('',(-0.809016994374947,0.587785252292473,0.));
#1265=DIRECTION('',(0.,0.,1.));
#1266=DIRECTION('',(1.,0.,0.));
#1267=DIRECTION('',(0.,0.,1.));
#1268=DIRECTION('',(1.,0.,0.));
#1269=DIRECTION('',(0.,0.,1.));
#1270=DIRECTION('',(1.,0.,0.));
#1271=CARTESIAN_POINT('',(0.,0.,0.));
#1272=CARTESIAN_POINT('',(4.33680868994202E-19,1.62630325872826E-19,0.002));
#1273=CARTESIAN_POINT('',(-0.0005325,0.,0.005));
#1274=CARTESIAN_POINT('',(-0.0005325,0.,0.));
#1275=CARTESIAN_POINT('',(-0.0005325,0.,0.01));
#1276=CARTESIAN_POINT('',(-1.0842021724855E-19,-9.48676900924816E-20,0.01));
#1277=CARTESIAN_POINT('',(0.,-0.0005325,0.01));
#1278=CARTESIAN_POINT('',(0.,-0.0005325,0.005));
#1279=CARTESIAN_POINT('',(0.,-0.0005325,0.));
#1280=CARTESIAN_POINT('',(-1.0842021724855E-19,-9.48676900924816E-20,0.));
#1281=CARTESIAN_POINT('',(1.62630325872826E-19,-4.33680868994202E-19,0.002));
#1282=CARTESIAN_POINT('',(-9.48676900924816E-20,1.0842021724855E-19,0.));
#1283=CARTESIAN_POINT('',(0.,0.0005325,0.));
#1284=CARTESIAN_POINT('',(0.,0.0005325,0.005));
#1285=CARTESIAN_POINT('',(0.,0.0005325,0.01));
#1286=CARTESIAN_POINT('',(-9.48676900924816E-20,1.0842021724855E-19,0.01));
#1287=CARTESIAN_POINT('',(-1.62630325872826E-19,4.33680868994202E-19,0.002));
#1288=CARTESIAN_POINT('',(9.48676900924816E-20,-1.0842021724855E-19,0.01));
#1289=CARTESIAN_POINT('',(0.0005325,0.,0.01));
#1290=CARTESIAN_POINT('',(0.0005325,0.,0.005));
#1291=CARTESIAN_POINT('',(0.0005325,0.,0.));
#1292=CARTESIAN_POINT('',(9.48676900924816E-20,-1.0842021724855E-19,0.));
#1293=CARTESIAN_POINT('',(-4.33680868994202E-19,-1.62630325872826E-19,0.002));
#1294=CARTESIAN_POINT('',(1.0842021724855E-19,9.48676900924816E-20,0.));
#1295=CARTESIAN_POINT('',(1.0842021724855E-19,9.48676900924816E-20,0.01));
#1296=CARTESIAN_POINT('',(3.46944695195361E-18,1.73472347597681E-18,0.002));
#1297=CARTESIAN_POINT('',(-0.005325,0.,0.005));
#1298=CARTESIAN_POINT('',(-0.005325,0.,0.));
#1299=CARTESIAN_POINT('',(-0.005325,0.,0.01));
#1300=CARTESIAN_POINT('',(-1.73472347597681E-18,-2.16840434497101E-18,0.));
#1301=CARTESIAN_POINT('',(0.,-0.005325,0.));
#1302=CARTESIAN_POINT('',(0.,-0.005325,0.005));
#1303=CARTESIAN_POINT('',(0.,-0.005325,0.01));
#1304=CARTESIAN_POINT('',(-1.73472347597681E-18,-2.16840434497101E-18,0.01));
#1305=CARTESIAN_POINT('',(1.73472347597681E-18,-3.46944695195361E-18,0.002));
#1306=CARTESIAN_POINT('',(-2.16840434497101E-18,1.73472347597681E-18,0.01));
#1307=CARTESIAN_POINT('',(0.,0.005325,0.01));
#1308=CARTESIAN_POINT('',(0.,0.005325,0.005));
#1309=CARTESIAN_POINT('',(0.,0.005325,0.));
#1310=CARTESIAN_POINT('',(-2.16840434497101E-18,1.73472347597681E-18,0.));
#1311=CARTESIAN_POINT('',(-0.005325,-0.005325,0.));
#1312=CARTESIAN_POINT('',(1.73472347597681E-18,2.16840434497101E-18,0.));
#1313=CARTESIAN_POINT('',(0.005325,0.,0.));
#1314=CARTESIAN_POINT('',(2.16840434497101E-18,-1.73472347597681E-18,0.));
#1315=CARTESIAN_POINT('',(-0.005325,-0.005325,0.01));
#1316=CARTESIAN_POINT('',(2.16840434497101E-18,-1.73472347597681E-18,0.01));
#1317=CARTESIAN_POINT('',(0.005325,0.,0.01));
#1318=CARTESIAN_POINT('',(1.73472347597681E-18,2.16840434497101E-18,0.01));
#1319=CARTESIAN_POINT('',(-1.73472347597681E-18,3.46944695195361E-18,0.002));
#1320=CARTESIAN_POINT('',(0.005325,0.,0.005));
#1321=CARTESIAN_POINT('',(-3.46944695195361E-18,-1.73472347597681E-18,0.002));
#1322=CARTESIAN_POINT('',(0.,0.,0.));
#1323=CARTESIAN_POINT('',(-0.000496429270106815,1.87783254541572E-5,-6.01891776292106E-5));
#1324=CARTESIAN_POINT('',(-0.000501848603747885,-0.000124488753949137,-9.1718782436587E-5));
#1325=CARTESIAN_POINT('',(-0.000355158151147884,-0.000130037582807169,-9.17187824365873E-5));
#1326=CARTESIAN_POINT('',(-0.00049667586085722,1.25234566090482E-5,-4.01261184194929E-5));
#1327=CARTESIAN_POINT('',(-0.000500290069689077,-0.000130814787688715,-7.16557232268692E-5));
#1328=CARTESIAN_POINT('',(-0.000353526751706307,-0.000134515358200406,-7.16557232268696E-5));
#1329=CARTESIAN_POINT('',(-0.000496799999999637,6.26265676816103E-6,-2.00630592097565E-5));
#1330=CARTESIAN_POINT('',(-0.000498607372365668,-0.000137111413483962,-5.15926640171329E-5));
#1331=CARTESIAN_POINT('',(-0.000351807372365775,-0.000138961973092589,-5.15926640171332E-5));
#1332=CARTESIAN_POINT('',(-0.000496799999999637,-0.000130061935859542,0.000416666666669627));
#1333=CARTESIAN_POINT('',(-0.000459264756181065,-0.000273436006111664,0.000385137061862251));
#1334=CARTESIAN_POINT('',(-0.000312464756181172,-0.000235003855982476,0.00038513706186225));
#1335=CARTESIAN_POINT('',(-0.000443258325713752,-0.000259322972072688,0.000833333333330373));
#1336=CARTESIAN_POINT('',(-0.000368418973829762,-0.000387245174831884,0.000801803728522996));
#1337=CARTESIAN_POINT('',(-0.000237440064379724,-0.000310617533325703,0.000801803728522997));
#1338=CARTESIAN_POINT('',(-0.000259322972072689,-0.000443258325713752,0.00166666666666963));
#1339=CARTESIAN_POINT('',(-0.000131400769313493,-0.000518097677597742,0.00163513706186225));
#1340=CARTESIAN_POINT('',(-5.47731278073125E-5,-0.000387118768147704,0.00163513706186225));
#1341=CARTESIAN_POINT('',(-0.000130061935859542,-0.000496799999999637,0.00208333333333037));
#1342=CARTESIAN_POINT('',(1.3312134392581E-5,-0.000534335243818209,0.002051803728523));
#1343=CARTESIAN_POINT('',(5.17442845217692E-5,-0.000387535243818316,0.002051803728523));
#1344=CARTESIAN_POINT('',(0.000130061935859542,-0.000496799999999637,0.00291666666666963));
#1345=CARTESIAN_POINT('',(0.000273436006111664,-0.000459264756181065,0.00288513706186225));
#1346=CARTESIAN_POINT('',(0.000235003855982476,-0.000312464756181172,0.00288513706186225));
#1347=CARTESIAN_POINT('',(0.000259322972072688,-0.000443258325713752,0.00333333333333037));
#1348=CARTESIAN_POINT('',(0.000387245174831884,-0.000368418973829762,0.003301803728523));
#1349=CARTESIAN_POINT('',(0.000310617533325703,-0.000237440064379725,0.003301803728523));
#1350=CARTESIAN_POINT('',(0.000443258325713752,-0.000259322972072688,0.00416666666666963));
#1351=CARTESIAN_POINT('',(0.000518097677597742,-0.000131400769313493,0.00413513706186225));
#1352=CARTESIAN_POINT('',(0.000387118768147704,-5.47731278073124E-5,0.00413513706186225));
#1353=CARTESIAN_POINT('',(0.000496799999999637,-0.000130061935859542,0.00458333333333037));
#1354=CARTESIAN_POINT('',(0.000534335243818209,1.33121343925809E-5,0.004551803728523));
#1355=CARTESIAN_POINT('',(0.000387535243818316,5.17442845217692E-5,0.004551803728523));
#1356=CARTESIAN_POINT('',(0.000496799999999637,0.000130061935859542,0.00541666666666963));
#1357=CARTESIAN_POINT('',(0.000459264756181065,0.000273436006111664,0.00538513706186225));
#1358=CARTESIAN_POINT('',(0.000312464756181172,0.000235003855982476,0.00538513706186225));
#1359=CARTESIAN_POINT('',(0.000443258325713752,0.000259322972072688,0.00583333333333037));
#1360=CARTESIAN_POINT('',(0.000368418973829762,0.000387245174831884,0.005801803728523));
#1361=CARTESIAN_POINT('',(0.000237440064379725,0.000310617533325703,0.005801803728523));
#1362=CARTESIAN_POINT('',(0.000259322972072688,0.000443258325713752,0.00666666666666963));
#1363=CARTESIAN_POINT('',(0.000131400769313493,0.000518097677597742,0.00663513706186225));
#1364=CARTESIAN_POINT('',(5.47731278073124E-5,0.000387118768147704,0.00663513706186225));
#1365=CARTESIAN_POINT('',(0.000130061935859542,0.000496799999999637,0.00708333333333037));
#1366=CARTESIAN_POINT('',(-1.33121343925809E-5,0.000534335243818209,0.007051803728523));
#1367=CARTESIAN_POINT('',(-5.17442845217692E-5,0.000387535243818316,0.007051803728523));
#1368=CARTESIAN_POINT('',(-0.000130061935859541,0.000496799999999637,0.00791666666666963));
#1369=CARTESIAN_POINT('',(-0.000273436006111664,0.000459264756181065,0.00788513706186225));
#1370=CARTESIAN_POINT('',(-0.000235003855982476,0.000312464756181172,0.00788513706186225));
#1371=CARTESIAN_POINT('',(-0.000259322972072688,0.000443258325713752,0.00833333333333038));
#1372=CARTESIAN_POINT('',(-0.000387245174831883,0.000368418973829763,0.008301803728523));
#1373=CARTESIAN_POINT('',(-0.000310617533325703,0.000237440064379725,0.008301803728523));
#1374=CARTESIAN_POINT('',(-0.000443258325713752,0.000259322972072689,0.00916666666666963));
#1375=CARTESIAN_POINT('',(-0.000518097677597742,0.000131400769313494,0.00913513706186225));
#1376=CARTESIAN_POINT('',(-0.000387118768147704,5.47731278073127E-5,0.00913513706186225));
#1377=CARTESIAN_POINT('',(-0.000496799999999637,0.000130061935859542,0.00958333333333037));
#1378=CARTESIAN_POINT('',(-0.000534335243818209,-1.33121343925807E-5,0.009551803728523));
#1379=CARTESIAN_POINT('',(-0.000387535243818316,-5.1744284521769E-5,0.009551803728523));
#1380=CARTESIAN_POINT('',(-0.000496799999999637,-9.54329791864655E-6,0.0100305729274789));
#1381=CARTESIAN_POINT('',(-0.000494045850510454,-0.000152917368170769,0.00999904332267151));
#1382=CARTESIAN_POINT('',(-0.000347245850510562,-0.000150097408157771,0.00999904332267151));
#1383=CARTESIAN_POINT('',(-0.000496511737277516,-1.90822838781458E-5,0.0100611458549577));
#1384=CARTESIAN_POINT('',(-0.000491004682709646,-0.000162373162906894,0.0100296162501504));
#1385=CARTESIAN_POINT('',(-0.000344289861791088,-0.000156734517026637,0.0100296162501504));
#1386=CARTESIAN_POINT('',(-0.000495941183179542,-2.86025417733539E-5,0.0100917187824365));
#1387=CARTESIAN_POINT('',(-0.000487686628361496,-0.000171728761656922,0.0100601891776292));
#1388=CARTESIAN_POINT('',(-0.000341140401125674,-0.000163276963886534,0.0100601891776292));
#1389=CARTESIAN_POINT('',(0.0004968,0.,-0.005));
#1390=CARTESIAN_POINT('',(0.0004968,0.000130061935858617,-0.00458333333333333));
#1391=CARTESIAN_POINT('',(0.000443258325713752,0.000259322972072688,-0.00416666666666963));
#1392=CARTESIAN_POINT('',(0.000259322972072689,0.000443258325713752,-0.00333333333333037));
#1393=CARTESIAN_POINT('',(0.000130061935859542,0.000496799999999637,-0.00291666666666963));
#1394=CARTESIAN_POINT('',(-0.000130061935859542,0.000496799999999637,-0.00208333333333037));
#1395=CARTESIAN_POINT('',(-0.000259322972072689,0.000443258325713752,-0.00166666666666963));
#1396=CARTESIAN_POINT('',(-0.000443258325713752,0.000259322972072689,-0.000833333333330373));
#1397=CARTESIAN_POINT('',(-0.000496799999999637,0.000130061935859542,-0.000416666666669626));
#1398=CARTESIAN_POINT('',(-0.000496799999999637,-0.000130061935859542,0.000416666666669627));
#1399=CARTESIAN_POINT('',(-0.000443258325713752,-0.000259322972072688,0.000833333333330373));
#1400=CARTESIAN_POINT('',(-0.000259322972072689,-0.000443258325713752,0.00166666666666963));
#1401=CARTESIAN_POINT('',(-0.000130061935859542,-0.000496799999999637,0.00208333333333037));
#1402=CARTESIAN_POINT('',(0.000130061935859542,-0.000496799999999637,0.00291666666666963));
#1403=CARTESIAN_POINT('',(0.000259322972072688,-0.000443258325713752,0.00333333333333037));
#1404=CARTESIAN_POINT('',(0.000443258325713752,-0.000259322972072688,0.00416666666666963));
#1405=CARTESIAN_POINT('',(0.000496799999999637,-0.000130061935859542,0.00458333333333037));
#1406=CARTESIAN_POINT('',(0.000496799999999637,0.000130061935859542,0.00541666666666963));
#1407=CARTESIAN_POINT('',(0.000443258325713752,0.000259322972072688,0.00583333333333037));
#1408=CARTESIAN_POINT('',(0.000259322972072688,0.000443258325713752,0.00666666666666963));
#1409=CARTESIAN_POINT('',(0.000130061935859542,0.000496799999999637,0.00708333333333037));
#1410=CARTESIAN_POINT('',(-0.000130061935859541,0.000496799999999637,0.00791666666666963));
#1411=CARTESIAN_POINT('',(-0.000259322972072688,0.000443258325713752,0.00833333333333038));
#1412=CARTESIAN_POINT('',(-0.000443258325713752,0.000259322972072689,0.00916666666666963));
#1413=CARTESIAN_POINT('',(-0.000496799999999637,0.000130061935859542,0.00958333333333037));
#1414=CARTESIAN_POINT('',(-0.000496799999999637,-0.000130061935859542,0.0104166666666696));
#1415=CARTESIAN_POINT('',(-0.000443258325713752,-0.000259322972072689,0.0108333333333304));
#1416=CARTESIAN_POINT('',(-0.000259322972072688,-0.000443258325713752,0.0116666666666696));
#1417=CARTESIAN_POINT('',(-0.000130061935859542,-0.000496799999999637,0.0120833333333304));
#1418=CARTESIAN_POINT('',(0.000130061935859541,-0.000496799999999637,0.0129166666666696));
#1419=CARTESIAN_POINT('',(0.000259322972072688,-0.000443258325713752,0.0133333333333304));
#1420=CARTESIAN_POINT('',(0.000443258325713752,-0.000259322972072689,0.0141666666666696));
#1421=CARTESIAN_POINT('',(0.0004968,-0.000130061935858618,0.0145833333333333));
#1422=CARTESIAN_POINT('',(0.0004968,-2.43361811926562E-19,0.015));
#1423=CARTESIAN_POINT('',(-0.000496799999999637,9.12644154985491E-20,4.17208756564796E-19));
#1424=CARTESIAN_POINT('',(-0.000496799999999637,1.56453283711798E-19,0.01));
#1425=CARTESIAN_POINT('',(-0.000496799999999637,0.,0.01));
#1426=CARTESIAN_POINT('',(-0.000496799947337067,-7.87529170891868E-5,0.01));
#1427=CARTESIAN_POINT('',(-0.000425825766381954,-0.000151836633209157,0.01));
#1428=CARTESIAN_POINT('',(-0.00034708845233148,-0.000150276879921933,0.01));
#1429=CARTESIAN_POINT('',(-0.00034708845233148,-0.000150276879921933,0.01));
#1430=CARTESIAN_POINT('',(0.00035,0.000143374070252227,-0.00503152960480738));
#1431=CARTESIAN_POINT('',(0.000312464756181695,0.00023500385598193,-0.00461486293814071));
#1432=CARTESIAN_POINT('',(0.000237440064379724,0.000310617533325703,-0.004198196271477));
#1433=CARTESIAN_POINT('',(5.47731278073124E-5,0.000387118768147704,-0.00336486293813775));
#1434=CARTESIAN_POINT('',(-5.17442845217694E-5,0.000387535243818316,-0.002948196271477));
#1435=CARTESIAN_POINT('',(-0.000235003855982476,0.000312464756181172,-0.00211486293813775));
#1436=CARTESIAN_POINT('',(-0.000310617533325703,0.000237440064379724,-0.001698196271477));
#1437=CARTESIAN_POINT('',(-0.000387118768147704,5.47731278073125E-5,-0.000864862938137749));
#1438=CARTESIAN_POINT('',(-0.000387535243818316,-5.17442845217693E-5,-0.000448196271477003));
#1439=CARTESIAN_POINT('',(-0.000312464756181172,-0.000235003855982476,0.00038513706186225));
#1440=CARTESIAN_POINT('',(-0.000237440064379724,-0.000310617533325703,0.000801803728522997));
#1441=CARTESIAN_POINT('',(-5.47731278073125E-5,-0.000387118768147704,0.00163513706186225));
#1442=CARTESIAN_POINT('',(5.17442845217692E-5,-0.000387535243818316,0.002051803728523));
#1443=CARTESIAN_POINT('',(0.000235003855982476,-0.000312464756181172,0.00288513706186225));
#1444=CARTESIAN_POINT('',(0.000310617533325703,-0.000237440064379725,0.003301803728523));
#1445=CARTESIAN_POINT('',(0.000387118768147704,-5.47731278073124E-5,0.00413513706186225));
#1446=CARTESIAN_POINT('',(0.000387535243818316,5.17442845217692E-5,0.004551803728523));
#1447=CARTESIAN_POINT('',(0.000312464756181172,0.000235003855982476,0.00538513706186225));
#1448=CARTESIAN_POINT('',(0.000237440064379725,0.000310617533325703,0.005801803728523));
#1449=CARTESIAN_POINT('',(5.47731278073124E-5,0.000387118768147704,0.00663513706186225));
#1450=CARTESIAN_POINT('',(-5.17442845217692E-5,0.000387535243818316,0.007051803728523));
#1451=CARTESIAN_POINT('',(-0.000235003855982476,0.000312464756181172,0.00788513706186225));
#1452=CARTESIAN_POINT('',(-0.000310617533325703,0.000237440064379725,0.008301803728523));
#1453=CARTESIAN_POINT('',(-0.000387118768147704,5.47731278073127E-5,0.00913513706186225));
#1454=CARTESIAN_POINT('',(-0.000387535243818316,-5.1744284521769E-5,0.009551803728523));
#1455=CARTESIAN_POINT('',(-0.000312464756181172,-0.000235003855982476,0.0103851370618623));
#1456=CARTESIAN_POINT('',(-0.000237440064379724,-0.000310617533325703,0.010801803728523));
#1457=CARTESIAN_POINT('',(-5.47731278073122E-5,-0.000387118768147704,0.0116351370618623));
#1458=CARTESIAN_POINT('',(5.17442845217692E-5,-0.000387535243818316,0.012051803728523));
#1459=CARTESIAN_POINT('',(0.000235003855982476,-0.000312464756181172,0.0128851370618623));
#1460=CARTESIAN_POINT('',(0.000310617533325703,-0.000237440064379725,0.013301803728523));
#1461=CARTESIAN_POINT('',(0.000387118768147704,-5.47731278073127E-5,0.0141351370618623));
#1462=CARTESIAN_POINT('',(0.000387535243818305,5.17442845225249E-5,0.014551803728526));
#1463=CARTESIAN_POINT('',(0.00035,0.000143374070252227,0.0149684703951926));
#1464=CARTESIAN_POINT('',(-0.00034708845233148,-0.000150276879921933,-2.31694224474728E-20));
#1465=CARTESIAN_POINT('',(-0.000496799999999637,0.,0.));
#1466=CARTESIAN_POINT('',(-0.000496799947337062,-7.8752917089191E-5,0.));
#1467=CARTESIAN_POINT('',(-0.000425825766381954,-0.000151836633209129,0.));
#1468=CARTESIAN_POINT('',(-0.00034708845233148,-0.000150276879921933,0.));
#1469=CARTESIAN_POINT('',(-0.000341140401125674,0.000163276963886534,-6.01891776291524E-5));
#1470=CARTESIAN_POINT('',(-0.000487686628361497,0.000171728761656921,-6.01891776291518E-5));
#1471=CARTESIAN_POINT('',(-0.000495941183179542,2.86025417733533E-5,-9.17187824365291E-5));
#1472=CARTESIAN_POINT('',(-0.000344289861791088,0.000156734517026637,-2.96162501503524E-5));
#1473=CARTESIAN_POINT('',(-0.000491004682709646,0.000162373162906894,-2.96162501503517E-5));
#1474=CARTESIAN_POINT('',(-0.000496511737277516,1.90822838781455E-5,-6.11458549577291E-5));
#1475=CARTESIAN_POINT('',(-0.000347245850510562,0.000150097408157771,9.56677328488472E-7));
#1476=CARTESIAN_POINT('',(-0.000494045850510455,0.000152917368170769,9.56677328489149E-7));
#1477=CARTESIAN_POINT('',(-0.000496799999999637,9.54329791864661E-6,-3.05729274788883E-5));
#1478=CARTESIAN_POINT('',(-0.000387535243818316,5.17442845217694E-5,0.000448196271477004));
#1479=CARTESIAN_POINT('',(-0.000534335243818209,1.33121343925813E-5,0.000448196271477004));
#1480=CARTESIAN_POINT('',(-0.000496799999999637,-0.000130061935859542,0.000416666666669627));
#1481=CARTESIAN_POINT('',(-0.000387118768147704,-5.47731278073124E-5,0.00086486293813775));
#1482=CARTESIAN_POINT('',(-0.000518097677597742,-0.000131400769313493,0.00086486293813775));
#1483=CARTESIAN_POINT('',(-0.000443258325713752,-0.000259322972072688,0.000833333333330373));
#1484=CARTESIAN_POINT('',(-0.000310617533325703,-0.000237440064379724,0.001698196271477));
#1485=CARTESIAN_POINT('',(-0.000387245174831884,-0.000368418973829762,0.001698196271477));
#1486=CARTESIAN_POINT('',(-0.000259322972072689,-0.000443258325713752,0.00166666666666963));
#1487=CARTESIAN_POINT('',(-0.000235003855982476,-0.000312464756181172,0.00211486293813775));
#1488=CARTESIAN_POINT('',(-0.000273436006111665,-0.000459264756181065,0.00211486293813775));
#1489=CARTESIAN_POINT('',(-0.000130061935859542,-0.000496799999999637,0.00208333333333037));
#1490=CARTESIAN_POINT('',(-5.17442845217694E-5,-0.000387535243818316,0.00294819627147701));
#1491=CARTESIAN_POINT('',(-1.33121343925811E-5,-0.000534335243818209,0.00294819627147701));
#1492=CARTESIAN_POINT('',(0.000130061935859542,-0.000496799999999637,0.00291666666666963));
#1493=CARTESIAN_POINT('',(5.47731278073123E-5,-0.000387118768147704,0.00336486293813775));
#1494=CARTESIAN_POINT('',(0.000131400769313493,-0.000518097677597742,0.00336486293813775));
#1495=CARTESIAN_POINT('',(0.000259322972072688,-0.000443258325713752,0.00333333333333037));
#1496=CARTESIAN_POINT('',(0.000237440064379724,-0.000310617533325703,0.004198196271477));
#1497=CARTESIAN_POINT('',(0.000368418973829762,-0.000387245174831884,0.004198196271477));
#1498=CARTESIAN_POINT('',(0.000443258325713752,-0.000259322972072688,0.00416666666666963));
#1499=CARTESIAN_POINT('',(0.000312464756181172,-0.000235003855982476,0.00461486293813775));
#1500=CARTESIAN_POINT('',(0.000459264756181065,-0.000273436006111665,0.00461486293813775));
#1501=CARTESIAN_POINT('',(0.000496799999999637,-0.000130061935859542,0.00458333333333037));
#1502=CARTESIAN_POINT('',(0.000387535243818316,-5.17442845217694E-5,0.00544819627147701));
#1503=CARTESIAN_POINT('',(0.000534335243818209,-1.33121343925812E-5,0.00544819627147701));
#1504=CARTESIAN_POINT('',(0.000496799999999637,0.000130061935859542,0.00541666666666963));
#1505=CARTESIAN_POINT('',(0.000387118768147704,5.47731278073122E-5,0.00586486293813775));
#1506=CARTESIAN_POINT('',(0.000518097677597742,0.000131400769313493,0.00586486293813775));
#1507=CARTESIAN_POINT('',(0.000443258325713752,0.000259322972072688,0.00583333333333037));
#1508=CARTESIAN_POINT('',(0.000310617533325703,0.000237440064379724,0.006698196271477));
#1509=CARTESIAN_POINT('',(0.000387245174831884,0.000368418973829762,0.00669819627147701));
#1510=CARTESIAN_POINT('',(0.000259322972072688,0.000443258325713752,0.00666666666666963));
#1511=CARTESIAN_POINT('',(0.000235003855982476,0.000312464756181172,0.00711486293813775));
#1512=CARTESIAN_POINT('',(0.000273436006111665,0.000459264756181065,0.00711486293813775));
#1513=CARTESIAN_POINT('',(0.000130061935859542,0.000496799999999637,0.00708333333333037));
#1514=CARTESIAN_POINT('',(5.17442845217695E-5,0.000387535243818316,0.00794819627147701));
#1515=CARTESIAN_POINT('',(1.33121343925814E-5,0.000534335243818209,0.00794819627147701));
#1516=CARTESIAN_POINT('',(-0.000130061935859541,0.000496799999999637,0.00791666666666963));
#1517=CARTESIAN_POINT('',(-5.4773127807312E-5,0.000387118768147704,0.00836486293813775));
#1518=CARTESIAN_POINT('',(-0.000131400769313493,0.000518097677597742,0.00836486293813775));
#1519=CARTESIAN_POINT('',(-0.000259322972072688,0.000443258325713752,0.00833333333333038));
#1520=CARTESIAN_POINT('',(-0.000237440064379724,0.000310617533325703,0.009198196271477));
#1521=CARTESIAN_POINT('',(-0.000368418973829762,0.000387245174831884,0.009198196271477));
#1522=CARTESIAN_POINT('',(-0.000443258325713752,0.000259322972072689,0.00916666666666963));
#1523=CARTESIAN_POINT('',(-0.000312464756181172,0.000235003855982476,0.00961486293813775));
#1524=CARTESIAN_POINT('',(-0.000459264756181065,0.000273436006111665,0.00961486293813775));
#1525=CARTESIAN_POINT('',(-0.000496799999999637,0.000130061935859542,0.00958333333333037));
#1526=CARTESIAN_POINT('',(-0.000351807372365775,0.000138961973092589,0.0100515926640171));
#1527=CARTESIAN_POINT('',(-0.000498607372365667,0.000137111413483962,0.0100515926640171));
#1528=CARTESIAN_POINT('',(-0.000496799999999637,-6.2626567681608E-6,0.0100200630592098));
#1529=CARTESIAN_POINT('',(-0.000353526751706307,0.000134515358200406,0.0100716557232269));
#1530=CARTESIAN_POINT('',(-0.000500290069689077,0.000130814787688715,0.0100716557232269));
#1531=CARTESIAN_POINT('',(-0.00049667586085722,-1.25234566090481E-5,0.0100401261184195));
#1532=CARTESIAN_POINT('',(-0.000355158151147884,0.000130037582807169,0.0100917187824366));
#1533=CARTESIAN_POINT('',(-0.000501848603747885,0.000124488753949137,0.0100917187824366));
#1534=CARTESIAN_POINT('',(-0.000496429270106815,-1.87783254541573E-5,0.0100601891776292));
#1535=CARTESIAN_POINT('',(-0.000496799999999637,0.,0.));
#1536=CARTESIAN_POINT('',(-0.000496799947337059,7.87529170891911E-5,0.));
#1537=CARTESIAN_POINT('',(-0.000425825766381952,0.000151836633209128,0.));
#1538=CARTESIAN_POINT('',(-0.000347088452331479,0.000150276879921934,0.));
#1539=CARTESIAN_POINT('',(-0.000347088452331479,0.000150276879921934,-1.19947517512379E-18));
#1540=CARTESIAN_POINT('',(0.00035,-0.000143374070252227,-0.00496847039519263));
#1541=CARTESIAN_POINT('',(0.000387535243818305,-5.17442845225252E-5,-0.00455180372852596));
#1542=CARTESIAN_POINT('',(0.000387118768147704,5.47731278073124E-5,-0.00413513706186225));
#1543=CARTESIAN_POINT('',(0.000310617533325703,0.000237440064379724,-0.003301803728523));
#1544=CARTESIAN_POINT('',(0.000235003855982476,0.000312464756181172,-0.00288513706186225));
#1545=CARTESIAN_POINT('',(5.17442845217694E-5,0.000387535243818316,-0.002051803728523));
#1546=CARTESIAN_POINT('',(-5.47731278073124E-5,0.000387118768147704,-0.00163513706186225));
#1547=CARTESIAN_POINT('',(-0.000237440064379724,0.000310617533325703,-0.000801803728522996));
#1548=CARTESIAN_POINT('',(-0.000312464756181172,0.000235003855982476,-0.00038513706186225));
#1549=CARTESIAN_POINT('',(-0.000387535243818316,5.17442845217694E-5,0.000448196271477004));
#1550=CARTESIAN_POINT('',(-0.000387118768147704,-5.47731278073124E-5,0.00086486293813775));
#1551=CARTESIAN_POINT('',(-0.000310617533325703,-0.000237440064379724,0.001698196271477));
#1552=CARTESIAN_POINT('',(-0.000235003855982476,-0.000312464756181172,0.00211486293813775));
#1553=CARTESIAN_POINT('',(-5.17442845217694E-5,-0.000387535243818316,0.00294819627147701));
#1554=CARTESIAN_POINT('',(5.47731278073123E-5,-0.000387118768147704,0.00336486293813775));
#1555=CARTESIAN_POINT('',(0.000237440064379724,-0.000310617533325703,0.004198196271477));
#1556=CARTESIAN_POINT('',(0.000312464756181172,-0.000235003855982476,0.00461486293813775));
#1557=CARTESIAN_POINT('',(0.000387535243818316,-5.17442845217694E-5,0.00544819627147701));
#1558=CARTESIAN_POINT('',(0.000387118768147704,5.47731278073122E-5,0.00586486293813775));
#1559=CARTESIAN_POINT('',(0.000310617533325703,0.000237440064379724,0.006698196271477));
#1560=CARTESIAN_POINT('',(0.000235003855982476,0.000312464756181172,0.00711486293813775));
#1561=CARTESIAN_POINT('',(5.17442845217695E-5,0.000387535243818316,0.00794819627147701));
#1562=CARTESIAN_POINT('',(-5.4773127807312E-5,0.000387118768147704,0.00836486293813775));
#1563=CARTESIAN_POINT('',(-0.000237440064379724,0.000310617533325703,0.009198196271477));
#1564=CARTESIAN_POINT('',(-0.000312464756181172,0.000235003855982476,0.00961486293813775));
#1565=CARTESIAN_POINT('',(-0.000387535243818316,5.17442845217693E-5,0.010448196271477));
#1566=CARTESIAN_POINT('',(-0.000387118768147704,-5.47731278073124E-5,0.0108648629381377));
#1567=CARTESIAN_POINT('',(-0.000310617533325703,-0.000237440064379725,0.011698196271477));
#1568=CARTESIAN_POINT('',(-0.000235003855982476,-0.000312464756181172,0.0121148629381378));
#1569=CARTESIAN_POINT('',(-5.17442845217695E-5,-0.000387535243818316,0.012948196271477));
#1570=CARTESIAN_POINT('',(5.47731278073119E-5,-0.000387118768147704,0.0133648629381377));
#1571=CARTESIAN_POINT('',(0.000237440064379724,-0.000310617533325703,0.014198196271477));
#1572=CARTESIAN_POINT('',(0.000312464756181694,-0.00023500385598193,0.0146148629381407));
#1573=CARTESIAN_POINT('',(0.00035,-0.000143374070252228,0.0150315296048074));
#1574=CARTESIAN_POINT('',(-0.000347088452331479,0.000150276879921933,0.01));
#1575=CARTESIAN_POINT('',(-0.000496799999999637,0.,0.01));
#1576=CARTESIAN_POINT('',(-0.000496799947337059,7.87529170891911E-5,0.01));
#1577=CARTESIAN_POINT('',(-0.000425825766381954,0.000151836633209086,0.01));
#1578=CARTESIAN_POINT('',(-0.000347088452331479,0.000150276879921933,0.01));
#1579=CARTESIAN_POINT('',(-0.000355158151147884,-0.000130037582807169,-9.17187824365869E-5));
#1580=CARTESIAN_POINT('',(-0.000208467698547883,-0.000135586411665201,-9.17187824365866E-5));
#1581=CARTESIAN_POINT('',(-0.000203048364906813,7.6806677380932E-6,-6.01891776292102E-5));
#1582=CARTESIAN_POINT('',(-0.000353526751706307,-0.000134515358200406,-7.16557232268693E-5));
#1583=CARTESIAN_POINT('',(-0.000206763433723538,-0.000138215928712098,-7.16557232268689E-5));
#1584=CARTESIAN_POINT('',(-0.000203149224891681,5.12231558566539E-6,-4.01261184194926E-5));
#1585=CARTESIAN_POINT('',(-0.000351807372365775,-0.000138961973092589,-5.1592664017133E-5));
#1586=CARTESIAN_POINT('',(-0.000205007372365882,-0.000140812532701216,-5.15926640171327E-5));
#1587=CARTESIAN_POINT('',(-0.000203199999999852,2.56153755090641E-6,-2.00630592097564E-5));
#1588=CARTESIAN_POINT('',(-0.000312464756181172,-0.000235003855982476,0.00038513706186225));
#1589=CARTESIAN_POINT('',(-0.00016566475618128,-0.000196571705853288,0.000385137061862251));
#1590=CARTESIAN_POINT('',(-0.000203199999999852,-5.31976356011651E-5,0.000416666666669627));
#1591=CARTESIAN_POINT('',(-0.000237440064379724,-0.000310617533325703,0.000801803728522997));
#1592=CARTESIAN_POINT('',(-0.000106461154929687,-0.000233989891819522,0.000801803728522996));
#1593=CARTESIAN_POINT('',(-0.000181300506813676,-0.000106067689060327,0.000833333333330373));
#1594=CARTESIAN_POINT('',(-5.47731278073125E-5,-0.000387118768147704,0.00163513706186225));
#1595=CARTESIAN_POINT('',(2.18545136988685E-5,-0.000256139858697666,0.00163513706186225));
#1596=CARTESIAN_POINT('',(-0.000106067689060327,-0.000181300506813676,0.00166666666666963));
#1597=CARTESIAN_POINT('',(5.17442845217692E-5,-0.000387535243818316,0.002051803728523));
#1598=CARTESIAN_POINT('',(9.01764346509575E-5,-0.000240735243818424,0.002051803728523));
#1599=CARTESIAN_POINT('',(-5.31976356011653E-5,-0.000203199999999852,0.00208333333333037));
#1600=CARTESIAN_POINT('',(0.000235003855982476,-0.000312464756181172,0.00288513706186225));
#1601=CARTESIAN_POINT('',(0.000196571705853288,-0.000165664756181279,0.00288513706186225));
#1602=CARTESIAN_POINT('',(5.31976356011652E-5,-0.000203199999999852,0.00291666666666963));
#1603=CARTESIAN_POINT('',(0.000310617533325703,-0.000237440064379725,0.003301803728523));
#1604=CARTESIAN_POINT('',(0.000233989891819522,-0.000106461154929687,0.003301803728523));
#1605=CARTESIAN_POINT('',(0.000106067689060327,-0.000181300506813676,0.00333333333333037));
#1606=CARTESIAN_POINT('',(0.000387118768147704,-5.47731278073124E-5,0.00413513706186225));
#1607=CARTESIAN_POINT('',(0.000256139858697666,2.18545136988685E-5,0.00413513706186225));
#1608=CARTESIAN_POINT('',(0.000181300506813676,-0.000106067689060327,0.00416666666666963));
#1609=CARTESIAN_POINT('',(0.000387535243818316,5.17442845217692E-5,0.004551803728523));
#1610=CARTESIAN_POINT('',(0.000240735243818424,9.01764346509575E-5,0.004551803728523));
#1611=CARTESIAN_POINT('',(0.000203199999999852,-5.31976356011653E-5,0.00458333333333037));
#1612=CARTESIAN_POINT('',(0.000312464756181172,0.000235003855982476,0.00538513706186225));
#1613=CARTESIAN_POINT('',(0.000165664756181279,0.000196571705853288,0.00538513706186225));
#1614=CARTESIAN_POINT('',(0.000203199999999852,5.31976356011652E-5,0.00541666666666963));
#1615=CARTESIAN_POINT('',(0.000237440064379725,0.000310617533325703,0.005801803728523));
#1616=CARTESIAN_POINT('',(0.000106461154929687,0.000233989891819522,0.005801803728523));
#1617=CARTESIAN_POINT('',(0.000181300506813676,0.000106067689060327,0.00583333333333037));
#1618=CARTESIAN_POINT('',(5.47731278073124E-5,0.000387118768147704,0.00663513706186225));
#1619=CARTESIAN_POINT('',(-2.18545136988685E-5,0.000256139858697666,0.00663513706186225));
#1620=CARTESIAN_POINT('',(0.000106067689060327,0.000181300506813676,0.00666666666666963));
#1621=CARTESIAN_POINT('',(-5.17442845217692E-5,0.000387535243818316,0.007051803728523));
#1622=CARTESIAN_POINT('',(-9.01764346509575E-5,0.000240735243818424,0.007051803728523));
#1623=CARTESIAN_POINT('',(5.31976356011653E-5,0.000203199999999852,0.00708333333333037));
#1624=CARTESIAN_POINT('',(-0.000235003855982476,0.000312464756181172,0.00788513706186225));
#1625=CARTESIAN_POINT('',(-0.000196571705853288,0.00016566475618128,0.00788513706186225));
#1626=CARTESIAN_POINT('',(-5.31976356011651E-5,0.000203199999999852,0.00791666666666963));
#1627=CARTESIAN_POINT('',(-0.000310617533325703,0.000237440064379725,0.008301803728523));
#1628=CARTESIAN_POINT('',(-0.000233989891819522,0.000106461154929687,0.008301803728523));
#1629=CARTESIAN_POINT('',(-0.000106067689060326,0.000181300506813676,0.00833333333333038));
#1630=CARTESIAN_POINT('',(-0.000387118768147704,5.47731278073127E-5,0.00913513706186225));
#1631=CARTESIAN_POINT('',(-0.000256139858697666,-2.18545136988683E-5,0.00913513706186225));
#1632=CARTESIAN_POINT('',(-0.000181300506813676,0.000106067689060327,0.00916666666666963));
#1633=CARTESIAN_POINT('',(-0.000387535243818316,-5.1744284521769E-5,0.009551803728523));
#1634=CARTESIAN_POINT('',(-0.000240735243818424,-9.01764346509574E-5,0.009551803728523));
#1635=CARTESIAN_POINT('',(-0.000203199999999852,5.31976356011653E-5,0.00958333333333037));
#1636=CARTESIAN_POINT('',(-0.000347245850510562,-0.000150097408157771,0.00999904332267151));
#1637=CARTESIAN_POINT('',(-0.000200445850510669,-0.000147277448144774,0.00999904332267151));
#1638=CARTESIAN_POINT('',(-0.000203199999999852,-3.9033778926508E-6,0.0100305729274789));
#1639=CARTESIAN_POINT('',(-0.000344289861791088,-0.000156734517026636,0.0100296162501504));
#1640=CARTESIAN_POINT('',(-0.000197575040872531,-0.000151095871146379,0.0100296162501504));
#1641=CARTESIAN_POINT('',(-0.000203082095440401,-7.80499211763099E-6,0.0100611458549577));
#1642=CARTESIAN_POINT('',(-0.000341140401125674,-0.000163276963886534,0.0100601891776292));
#1643=CARTESIAN_POINT('',(-0.000194594173889851,-0.000154825166116147,0.0100601891776292));
#1644=CARTESIAN_POINT('',(-0.000202848728707896,-1.16989462325791E-5,0.0100917187824365));
#1645=CARTESIAN_POINT('',(-0.00034708845233148,-0.000150276879921933,0.01));
#1646=CARTESIAN_POINT('',(-0.000270275036021419,-0.000148755094601774,0.01));
#1647=CARTESIAN_POINT('',(-0.000203200058817607,-7.68285562759992E-5,0.01));
#1648=CARTESIAN_POINT('',(-0.000203199999999852,2.16840434497101E-19,0.01));
#1649=CARTESIAN_POINT('',(-0.000203199999999852,7.49671984452368E-20,0.01));
#1650=CARTESIAN_POINT('',(0.0002032,0.,-0.005));
#1651=CARTESIAN_POINT('',(0.0002032,5.31976356007872E-5,-0.00458333333333333));
#1652=CARTESIAN_POINT('',(0.000181300506813676,0.000106067689060327,-0.00416666666666963));
#1653=CARTESIAN_POINT('',(0.000106067689060327,0.000181300506813676,-0.00333333333333037));
#1654=CARTESIAN_POINT('',(5.31976356011652E-5,0.000203199999999852,-0.00291666666666963));
#1655=CARTESIAN_POINT('',(-5.31976356011651E-5,0.000203199999999852,-0.00208333333333037));
#1656=CARTESIAN_POINT('',(-0.000106067689060327,0.000181300506813676,-0.00166666666666963));
#1657=CARTESIAN_POINT('',(-0.000181300506813676,0.000106067689060327,-0.000833333333330373));
#1658=CARTESIAN_POINT('',(-0.000203199999999852,5.31976356011652E-5,-0.000416666666669626));
#1659=CARTESIAN_POINT('',(-0.000203199999999852,-5.31976356011651E-5,0.000416666666669627));
#1660=CARTESIAN_POINT('',(-0.000181300506813676,-0.000106067689060327,0.000833333333330373));
#1661=CARTESIAN_POINT('',(-0.000106067689060327,-0.000181300506813676,0.00166666666666963));
#1662=CARTESIAN_POINT('',(-5.31976356011653E-5,-0.000203199999999852,0.00208333333333037));
#1663=CARTESIAN_POINT('',(5.31976356011652E-5,-0.000203199999999852,0.00291666666666963));
#1664=CARTESIAN_POINT('',(0.000106067689060327,-0.000181300506813676,0.00333333333333037));
#1665=CARTESIAN_POINT('',(0.000181300506813676,-0.000106067689060327,0.00416666666666963));
#1666=CARTESIAN_POINT('',(0.000203199999999852,-5.31976356011653E-5,0.00458333333333037));
#1667=CARTESIAN_POINT('',(0.000203199999999852,5.31976356011652E-5,0.00541666666666963));
#1668=CARTESIAN_POINT('',(0.000181300506813676,0.000106067689060327,0.00583333333333037));
#1669=CARTESIAN_POINT('',(0.000106067689060327,0.000181300506813676,0.00666666666666963));
#1670=CARTESIAN_POINT('',(5.31976356011653E-5,0.000203199999999852,0.00708333333333037));
#1671=CARTESIAN_POINT('',(-5.31976356011651E-5,0.000203199999999852,0.00791666666666963));
#1672=CARTESIAN_POINT('',(-0.000106067689060326,0.000181300506813676,0.00833333333333038));
#1673=CARTESIAN_POINT('',(-0.000181300506813676,0.000106067689060327,0.00916666666666963));
#1674=CARTESIAN_POINT('',(-0.000203199999999852,5.31976356011653E-5,0.00958333333333037));
#1675=CARTESIAN_POINT('',(-0.000203199999999852,-5.31976356011652E-5,0.0104166666666696));
#1676=CARTESIAN_POINT('',(-0.000181300506813676,-0.000106067689060327,0.0108333333333304));
#1677=CARTESIAN_POINT('',(-0.000106067689060327,-0.000181300506813676,0.0116666666666696));
#1678=CARTESIAN_POINT('',(-5.31976356011652E-5,-0.000203199999999852,0.0120833333333304));
#1679=CARTESIAN_POINT('',(5.31976356011651E-5,-0.000203199999999852,0.0129166666666696));
#1680=CARTESIAN_POINT('',(0.000106067689060326,-0.000181300506813676,0.0133333333333304));
#1681=CARTESIAN_POINT('',(0.000181300506813676,-0.000106067689060327,0.0141666666666696));
#1682=CARTESIAN_POINT('',(0.0002032,-5.31976356007873E-5,0.0145833333333333));
#1683=CARTESIAN_POINT('',(0.0002032,-9.95392918346969E-20,0.015));
#1684=CARTESIAN_POINT('',(-0.000203199999999852,2.93349906959622E-20,4.17208756564796E-19));
#1685=CARTESIAN_POINT('',(-0.00034708845233148,-0.000150276879921933,0.));
#1686=CARTESIAN_POINT('',(-0.000270275036021415,-0.000148755094601831,0.));
#1687=CARTESIAN_POINT('',(-0.000203200058817602,-7.68285562759985E-5,0.));
#1688=CARTESIAN_POINT('',(-0.000203199999999852,-1.0842021724855E-19,0.));
#1689=CARTESIAN_POINT('',(-0.000202848728707896,1.16989462325792E-5,-9.17187824365283E-5));
#1690=CARTESIAN_POINT('',(-0.000194594173889851,0.000154825166116147,-6.01891776291509E-5));
#1691=CARTESIAN_POINT('',(-0.000341140401125674,0.000163276963886534,-6.01891776291516E-5));
#1692=CARTESIAN_POINT('',(-0.000203082095440401,7.8049921176311E-6,-6.11458549577285E-5));
#1693=CARTESIAN_POINT('',(-0.000197575040872531,0.000151095871146379,-2.96162501503511E-5));
#1694=CARTESIAN_POINT('',(-0.000344289861791088,0.000156734517026637,-2.96162501503518E-5));
#1695=CARTESIAN_POINT('',(-0.000203199999999852,3.90337789265091E-6,-3.05729274788879E-5));
#1696=CARTESIAN_POINT('',(-0.000200445850510669,0.000147277448144774,9.56677328489417E-7));
#1697=CARTESIAN_POINT('',(-0.000347245850510562,0.000150097408157771,9.56677328488743E-7));
#1698=CARTESIAN_POINT('',(-0.000203199999999852,-5.31976356011651E-5,0.000416666666669627));
#1699=CARTESIAN_POINT('',(-0.000240735243818424,9.01764346509576E-5,0.000448196271477004));
#1700=CARTESIAN_POINT('',(-0.000387535243818316,5.17442845217694E-5,0.000448196271477004));
#1701=CARTESIAN_POINT('',(-0.000181300506813676,-0.000106067689060327,0.000833333333330373));
#1702=CARTESIAN_POINT('',(-0.000256139858697666,2.18545136988685E-5,0.00086486293813775));
#1703=CARTESIAN_POINT('',(-0.000387118768147704,-5.47731278073124E-5,0.00086486293813775));
#1704=CARTESIAN_POINT('',(-0.000106067689060327,-0.000181300506813676,0.00166666666666963));
#1705=CARTESIAN_POINT('',(-0.000233989891819522,-0.000106461154929687,0.001698196271477));
#1706=CARTESIAN_POINT('',(-0.000310617533325703,-0.000237440064379724,0.001698196271477));
#1707=CARTESIAN_POINT('',(-5.31976356011653E-5,-0.000203199999999852,0.00208333333333037));
#1708=CARTESIAN_POINT('',(-0.000196571705853288,-0.000165664756181279,0.00211486293813775));
#1709=CARTESIAN_POINT('',(-0.000235003855982476,-0.000312464756181172,0.00211486293813775));
#1710=CARTESIAN_POINT('',(5.31976356011652E-5,-0.000203199999999852,0.00291666666666963));
#1711=CARTESIAN_POINT('',(-9.01764346509576E-5,-0.000240735243818424,0.00294819627147701));
#1712=CARTESIAN_POINT('',(-5.17442845217694E-5,-0.000387535243818316,0.00294819627147701));
#1713=CARTESIAN_POINT('',(0.000106067689060327,-0.000181300506813676,0.00333333333333037));
#1714=CARTESIAN_POINT('',(-2.18545136988686E-5,-0.000256139858697666,0.00336486293813775));
#1715=CARTESIAN_POINT('',(5.47731278073123E-5,-0.000387118768147704,0.00336486293813775));
#1716=CARTESIAN_POINT('',(0.000181300506813676,-0.000106067689060327,0.00416666666666963));
#1717=CARTESIAN_POINT('',(0.000106461154929687,-0.000233989891819522,0.004198196271477));
#1718=CARTESIAN_POINT('',(0.000237440064379724,-0.000310617533325703,0.004198196271477));
#1719=CARTESIAN_POINT('',(0.000203199999999852,-5.31976356011653E-5,0.00458333333333037));
#1720=CARTESIAN_POINT('',(0.000165664756181279,-0.000196571705853288,0.00461486293813775));
#1721=CARTESIAN_POINT('',(0.000312464756181172,-0.000235003855982476,0.00461486293813775));
#1722=CARTESIAN_POINT('',(0.000203199999999852,5.31976356011652E-5,0.00541666666666963));
#1723=CARTESIAN_POINT('',(0.000240735243818424,-9.01764346509576E-5,0.00544819627147701));
#1724=CARTESIAN_POINT('',(0.000387535243818316,-5.17442845217694E-5,0.00544819627147701));
#1725=CARTESIAN_POINT('',(0.000181300506813676,0.000106067689060327,0.00583333333333037));
#1726=CARTESIAN_POINT('',(0.000256139858697666,-2.18545136988686E-5,0.00586486293813775));
#1727=CARTESIAN_POINT('',(0.000387118768147704,5.47731278073122E-5,0.00586486293813775));
#1728=CARTESIAN_POINT('',(0.000106067689060327,0.000181300506813676,0.00666666666666963));
#1729=CARTESIAN_POINT('',(0.000233989891819522,0.000106461154929687,0.00669819627147701));
#1730=CARTESIAN_POINT('',(0.000310617533325703,0.000237440064379724,0.006698196271477));
#1731=CARTESIAN_POINT('',(5.31976356011653E-5,0.000203199999999852,0.00708333333333037));
#1732=CARTESIAN_POINT('',(0.000196571705853288,0.000165664756181279,0.00711486293813775));
#1733=CARTESIAN_POINT('',(0.000235003855982476,0.000312464756181172,0.00711486293813775));
#1734=CARTESIAN_POINT('',(-5.31976356011651E-5,0.000203199999999852,0.00791666666666963));
#1735=CARTESIAN_POINT('',(9.01764346509577E-5,0.000240735243818424,0.00794819627147701));
#1736=CARTESIAN_POINT('',(5.17442845217695E-5,0.000387535243818316,0.00794819627147701));
#1737=CARTESIAN_POINT('',(-0.000106067689060326,0.000181300506813676,0.00833333333333038));
#1738=CARTESIAN_POINT('',(2.18545136988689E-5,0.000256139858697666,0.00836486293813775));
#1739=CARTESIAN_POINT('',(-5.4773127807312E-5,0.000387118768147704,0.00836486293813775));
#1740=CARTESIAN_POINT('',(-0.000181300506813676,0.000106067689060327,0.00916666666666963));
#1741=CARTESIAN_POINT('',(-0.000106461154929686,0.000233989891819522,0.009198196271477));
#1742=CARTESIAN_POINT('',(-0.000237440064379724,0.000310617533325703,0.009198196271477));
#1743=CARTESIAN_POINT('',(-0.000203199999999852,5.31976356011653E-5,0.00958333333333037));
#1744=CARTESIAN_POINT('',(-0.000165664756181279,0.000196571705853288,0.00961486293813775));
#1745=CARTESIAN_POINT('',(-0.000312464756181172,0.000235003855982476,0.00961486293813775));
#1746=CARTESIAN_POINT('',(-0.000203199999999852,-2.56153755090641E-6,0.0100200630592098));
#1747=CARTESIAN_POINT('',(-0.000205007372365882,0.000140812532701216,0.0100515926640171));
#1748=CARTESIAN_POINT('',(-0.000351807372365775,0.000138961973092589,0.0100515926640171));
#1749=CARTESIAN_POINT('',(-0.000203149224891681,-5.1223155856655E-6,0.0100401261184195));
#1750=CARTESIAN_POINT('',(-0.000206763433723538,0.000138215928712098,0.0100716557232269));
#1751=CARTESIAN_POINT('',(-0.000353526751706307,0.000134515358200406,0.0100716557232269));
#1752=CARTESIAN_POINT('',(-0.000203048364906813,-7.68066773809341E-6,0.0100601891776292));
#1753=CARTESIAN_POINT('',(-0.000208467698547883,0.000135586411665201,0.0100917187824366));
#1754=CARTESIAN_POINT('',(-0.000355158151147884,0.000130037582807169,0.0100917187824366));
#1755=CARTESIAN_POINT('',(-0.000347088452331479,0.000150276879921934,0.));
#1756=CARTESIAN_POINT('',(-0.000270275036021417,0.000148755094601819,0.));
#1757=CARTESIAN_POINT('',(-0.000203200058817602,7.68285562759965E-5,0.));
#1758=CARTESIAN_POINT('',(-0.000203199999999852,-1.0842021724855E-19,0.));
#1759=CARTESIAN_POINT('',(-0.000347088452331479,0.000150276879921933,0.01));
#1760=CARTESIAN_POINT('',(-0.000270275036021416,0.000148755094601843,0.01));
#1761=CARTESIAN_POINT('',(-0.000203200058817607,7.68285562759968E-5,0.01));
#1762=CARTESIAN_POINT('',(-0.000203199999999852,2.16840434497101E-19,0.01));
#1763=CARTESIAN_POINT('',(-0.000260703801880896,-0.000273988444831231,-6.01891776291524E-5));
#1764=CARTESIAN_POINT('',(-0.000314027213902234,-0.000410750440038261,-6.01891776291518E-5));
#1765=CARTESIAN_POINT('',(-0.000180456887549049,-0.000462829422471746,-9.17187824365291E-5));
#1766=CARTESIAN_POINT('',(-0.000255454802031005,-0.000279005487184392,-2.96162501503524E-5));
#1767=CARTESIAN_POINT('',(-0.000306154845929015,-0.000416797136253801,-2.96162501503517E-5));
#1768=CARTESIAN_POINT('',(-0.000171578895153486,-0.000466313973144975,-6.11458549577291E-5));
#1769=CARTESIAN_POINT('',(-0.000250055987141408,-0.000283867778952138,9.56677328488472E-7));
#1770=CARTESIAN_POINT('',(-0.000298101623261671,-0.000422611459976691,9.56677328489149E-7));
#1771=CARTESIAN_POINT('',(-0.000162595858477837,-0.000469535836055842,-3.05729274788883E-5));
#1772=CARTESIAN_POINT('',(-0.000168966715234558,-0.000352578055648442,0.000448196271477004));
#1773=CARTESIAN_POINT('',(-0.000177779263193169,-0.000504069339760757,0.000448196271477004));
#1774=CARTESIAN_POINT('',(-2.98233911841825E-5,-0.00051267622579699,0.000416666666669627));
#1775=CARTESIAN_POINT('',(-6.75339380801238E-5,-0.000385097654354557,0.00086486293813775));
#1776=CARTESIAN_POINT('',(-3.51314292221006E-5,-0.000533345243148529,0.00086486293813775));
#1777=CARTESIAN_POINT('',(0.000109656446871021,-0.000501698924474424,0.000833333333330373));
#1778=CARTESIAN_POINT('',(0.000129832823909409,-0.000368787844183753,0.001698196271477));
#1779=CARTESIAN_POINT('',(0.000230721925774819,-0.000482139770891295,0.001698196271477));
#1780=CARTESIAN_POINT('',(0.000341428513669863,-0.000383605157958492,0.00166666666666963));
#1781=CARTESIAN_POINT('',(0.000224551457236452,-0.000320058868389828,0.00211486293813775));
#1782=CARTESIAN_POINT('',(0.00035229036630819,-0.000401973709979636,0.00211486293813775));
#1783=CARTESIAN_POINT('',(0.000432293528793184,-0.000277215894426541,0.00208333333333037));
#1784=CARTESIAN_POINT('',(0.000352578055648442,-0.000168966715234558,0.00294819627147701));
#1785=CARTESIAN_POINT('',(0.000504069339760757,-0.000177779263193169,0.00294819627147701));
#1786=CARTESIAN_POINT('',(0.00051267622579699,-2.98233911841824E-5,0.00291666666666963));
#1787=CARTESIAN_POINT('',(0.000385097654354557,-6.7533938080124E-5,0.00336486293813775));
#1788=CARTESIAN_POINT('',(0.000533345243148529,-3.51314292221008E-5,0.00336486293813775));
#1789=CARTESIAN_POINT('',(0.000501698924474424,0.000109656446871021,0.00333333333333037));
#1790=CARTESIAN_POINT('',(0.000368787844183753,0.000129832823909409,0.004198196271477));
#1791=CARTESIAN_POINT('',(0.000482139770891295,0.000230721925774819,0.004198196271477));
#1792=CARTESIAN_POINT('',(0.000383605157958492,0.000341428513669863,0.00416666666666963));
#1793=CARTESIAN_POINT('',(0.000320058868389828,0.000224551457236452,0.00461486293813775));
#1794=CARTESIAN_POINT('',(0.000401973709979636,0.00035229036630819,0.00461486293813775));
#1795=CARTESIAN_POINT('',(0.000277215894426541,0.000432293528793184,0.00458333333333037));
#1796=CARTESIAN_POINT('',(0.000168966715234558,0.000352578055648442,0.00544819627147701));
#1797=CARTESIAN_POINT('',(0.000177779263193169,0.000504069339760757,0.00544819627147701));
#1798=CARTESIAN_POINT('',(2.98233911841824E-5,0.00051267622579699,0.00541666666666963));
#1799=CARTESIAN_POINT('',(6.7533938080124E-5,0.000385097654354557,0.00586486293813775));
#1800=CARTESIAN_POINT('',(3.51314292221008E-5,0.000533345243148529,0.00586486293813775));
#1801=CARTESIAN_POINT('',(-0.000109656446871021,0.000501698924474424,0.00583333333333037));
#1802=CARTESIAN_POINT('',(-0.000129832823909409,0.000368787844183753,0.006698196271477));
#1803=CARTESIAN_POINT('',(-0.000230721925774819,0.000482139770891295,0.00669819627147701));
#1804=CARTESIAN_POINT('',(-0.000341428513669863,0.000383605157958492,0.00666666666666963));
#1805=CARTESIAN_POINT('',(-0.000224551457236452,0.000320058868389828,0.00711486293813775));
#1806=CARTESIAN_POINT('',(-0.00035229036630819,0.000401973709979636,0.00711486293813775));
#1807=CARTESIAN_POINT('',(-0.000432293528793184,0.000277215894426541,0.00708333333333037));
#1808=CARTESIAN_POINT('',(-0.000352578055648442,0.000168966715234558,0.00794819627147701));
#1809=CARTESIAN_POINT('',(-0.000504069339760757,0.000177779263193169,0.00794819627147701));
#1810=CARTESIAN_POINT('',(-0.00051267622579699,2.98233911841826E-5,0.00791666666666963));
#1811=CARTESIAN_POINT('',(-0.000385097654354557,6.75339380801242E-5,0.00836486293813775));
#1812=CARTESIAN_POINT('',(-0.000533345243148529,3.51314292221012E-5,0.00836486293813775));
#1813=CARTESIAN_POINT('',(-0.000501698924474424,-0.000109656446871021,0.00833333333333038));
#1814=CARTESIAN_POINT('',(-0.000368787844183753,-0.000129832823909409,0.009198196271477));
#1815=CARTESIAN_POINT('',(-0.000482139770891295,-0.000230721925774819,0.009198196271477));
#1816=CARTESIAN_POINT('',(-0.000383605157958492,-0.000341428513669862,0.00916666666666963));
#1817=CARTESIAN_POINT('',(-0.000320058868389829,-0.000224551457236452,0.00961486293813775));
#1818=CARTESIAN_POINT('',(-0.000401973709979636,-0.00035229036630819,0.00961486293813775));
#1819=CARTESIAN_POINT('',(-0.000277215894426541,-0.000432293528793184,0.00958333333333037));
#1820=CARTESIAN_POINT('',(-0.000240875146834358,-0.000291647082711661,0.0100515926640171));
#1821=CARTESIAN_POINT('',(-0.00028447885483399,-0.000431834033671857,0.0100515926640171));
#1822=CARTESIAN_POINT('',(-0.000147563502276682,-0.000474420144666386,0.0100200630592098));
#1823=CARTESIAN_POINT('',(-0.000237177482201694,-0.000294656389206583,0.0100716557232269));
#1824=CARTESIAN_POINT('',(-0.000279010389910071,-0.000435380138304189,0.0100716557232269));
#1825=CARTESIAN_POINT('',(-0.000141570766686113,-0.000476236774875277,0.0100401261184195));
#1826=CARTESIAN_POINT('',(-0.000233422994887511,-0.00029759165096968,0.0100917187824366));
#1827=CARTESIAN_POINT('',(-0.000273475587810226,-0.000438817244209206,0.0100917187824366));
#1828=CARTESIAN_POINT('',(-0.00013554583217987,-0.000477935113905972,0.0100601891776292));
#1829=CARTESIAN_POINT('',(0.000244512791812372,0.000288564756442658,-0.00496847039519263));
#1830=CARTESIAN_POINT('',(0.000168966715235273,0.000352578055648198,-0.00455180372852596));
#1831=CARTESIAN_POINT('',(6.75339380801238E-5,0.000385097654354557,-0.00413513706186225));
#1832=CARTESIAN_POINT('',(-0.000129832823909409,0.000368787844183753,-0.003301803728523));
#1833=CARTESIAN_POINT('',(-0.000224551457236452,0.000320058868389828,-0.00288513706186225));
#1834=CARTESIAN_POINT('',(-0.000352578055648442,0.000168966715234558,-0.002051803728523));
#1835=CARTESIAN_POINT('',(-0.000385097654354557,6.75339380801238E-5,-0.00163513706186225));
#1836=CARTESIAN_POINT('',(-0.000368787844183753,-0.000129832823909409,-0.000801803728522996));
#1837=CARTESIAN_POINT('',(-0.000320058868389828,-0.000224551457236452,-0.00038513706186225));
#1838=CARTESIAN_POINT('',(-0.000168966715234558,-0.000352578055648442,0.000448196271477004));
#1839=CARTESIAN_POINT('',(-6.75339380801238E-5,-0.000385097654354557,0.00086486293813775));
#1840=CARTESIAN_POINT('',(0.000129832823909409,-0.000368787844183753,0.001698196271477));
#1841=CARTESIAN_POINT('',(0.000224551457236452,-0.000320058868389828,0.00211486293813775));
#1842=CARTESIAN_POINT('',(0.000352578055648442,-0.000168966715234558,0.00294819627147701));
#1843=CARTESIAN_POINT('',(0.000385097654354557,-6.7533938080124E-5,0.00336486293813775));
#1844=CARTESIAN_POINT('',(0.000368787844183753,0.000129832823909409,0.004198196271477));
#1845=CARTESIAN_POINT('',(0.000320058868389828,0.000224551457236452,0.00461486293813775));
#1846=CARTESIAN_POINT('',(0.000168966715234558,0.000352578055648442,0.00544819627147701));
#1847=CARTESIAN_POINT('',(6.7533938080124E-5,0.000385097654354557,0.00586486293813775));
#1848=CARTESIAN_POINT('',(-0.000129832823909409,0.000368787844183753,0.006698196271477));
#1849=CARTESIAN_POINT('',(-0.000224551457236452,0.000320058868389828,0.00711486293813775));
#1850=CARTESIAN_POINT('',(-0.000352578055648442,0.000168966715234558,0.00794819627147701));
#1851=CARTESIAN_POINT('',(-0.000385097654354557,6.75339380801242E-5,0.00836486293813775));
#1852=CARTESIAN_POINT('',(-0.000368787844183753,-0.000129832823909409,0.009198196271477));
#1853=CARTESIAN_POINT('',(-0.000320058868389829,-0.000224551457236452,0.00961486293813775));
#1854=CARTESIAN_POINT('',(-0.000168966715234558,-0.000352578055648442,0.010448196271477));
#1855=CARTESIAN_POINT('',(-6.75339380801238E-5,-0.000385097654354557,0.0108648629381377));
#1856=CARTESIAN_POINT('',(0.000129832823909409,-0.000368787844183753,0.011698196271477));
#1857=CARTESIAN_POINT('',(0.000224551457236452,-0.000320058868389828,0.0121148629381378));
#1858=CARTESIAN_POINT('',(0.000352578055648442,-0.000168966715234558,0.012948196271477));
#1859=CARTESIAN_POINT('',(0.000385097654354557,-6.75339380801243E-5,0.0133648629381377));
#1860=CARTESIAN_POINT('',(0.000368787844183753,0.000129832823909409,0.014198196271477));
#1861=CARTESIAN_POINT('',(0.00032005886838947,0.000224551457237118,0.0146148629381407));
#1862=CARTESIAN_POINT('',(0.000244512791812372,0.000288564756442658,0.0150315296048074));
#1863=CARTESIAN_POINT('',(-0.000250178036219985,-0.000283662624563132,-1.19947517512379E-18));
#1864=CARTESIAN_POINT('',(-0.000250178036219985,-0.000283662624563133,0.01));
#1865=CARTESIAN_POINT('',(-0.000153519642805362,-0.000472484877295087,0.01));
#1866=CARTESIAN_POINT('',(-0.000228412419665715,-0.00044815068361907,0.01));
#1867=CARTESIAN_POINT('',(-0.00027599071054696,-0.000358058772661039,0.01));
#1868=CARTESIAN_POINT('',(-0.000250178036219985,-0.000283662624563132,0.01));
#1869=CARTESIAN_POINT('',(-0.000153519642805362,-0.000472484877295087,0.01));
#1870=CARTESIAN_POINT('',(0.000153519642805474,0.000472484877295432,-0.005));
#1871=CARTESIAN_POINT('',(2.98233911851735E-5,0.000512676225797049,-0.00458333333333333));
#1872=CARTESIAN_POINT('',(-0.000109656446871021,0.000501698924474424,-0.00416666666666963));
#1873=CARTESIAN_POINT('',(-0.000341428513669863,0.000383605157958492,-0.00333333333333037));
#1874=CARTESIAN_POINT('',(-0.000432293528793184,0.000277215894426541,-0.00291666666666963));
#1875=CARTESIAN_POINT('',(-0.00051267622579699,2.98233911841825E-5,-0.00208333333333037));
#1876=CARTESIAN_POINT('',(-0.000501698924474424,-0.000109656446871021,-0.00166666666666963));
#1877=CARTESIAN_POINT('',(-0.000383605157958492,-0.000341428513669863,-0.000833333333330373));
#1878=CARTESIAN_POINT('',(-0.000277215894426541,-0.000432293528793184,-0.000416666666669626));
#1879=CARTESIAN_POINT('',(-2.98233911841825E-5,-0.00051267622579699,0.000416666666669627));
#1880=CARTESIAN_POINT('',(0.000109656446871021,-0.000501698924474424,0.000833333333330373));
#1881=CARTESIAN_POINT('',(0.000341428513669863,-0.000383605157958492,0.00166666666666963));
#1882=CARTESIAN_POINT('',(0.000432293528793184,-0.000277215894426541,0.00208333333333037));
#1883=CARTESIAN_POINT('',(0.00051267622579699,-2.98233911841824E-5,0.00291666666666963));
#1884=CARTESIAN_POINT('',(0.000501698924474424,0.000109656446871021,0.00333333333333037));
#1885=CARTESIAN_POINT('',(0.000383605157958492,0.000341428513669863,0.00416666666666963));
#1886=CARTESIAN_POINT('',(0.000277215894426541,0.000432293528793184,0.00458333333333037));
#1887=CARTESIAN_POINT('',(2.98233911841824E-5,0.00051267622579699,0.00541666666666963));
#1888=CARTESIAN_POINT('',(-0.000109656446871021,0.000501698924474424,0.00583333333333037));
#1889=CARTESIAN_POINT('',(-0.000341428513669863,0.000383605157958492,0.00666666666666963));
#1890=CARTESIAN_POINT('',(-0.000432293528793184,0.000277215894426541,0.00708333333333037));
#1891=CARTESIAN_POINT('',(-0.00051267622579699,2.98233911841826E-5,0.00791666666666963));
#1892=CARTESIAN_POINT('',(-0.000501698924474424,-0.000109656446871021,0.00833333333333038));
#1893=CARTESIAN_POINT('',(-0.000383605157958492,-0.000341428513669862,0.00916666666666963));
#1894=CARTESIAN_POINT('',(-0.000277215894426541,-0.000432293528793184,0.00958333333333037));
#1895=CARTESIAN_POINT('',(-2.98233911841823E-5,-0.00051267622579699,0.0104166666666696));
#1896=CARTESIAN_POINT('',(0.000109656446871021,-0.000501698924474424,0.0108333333333304));
#1897=CARTESIAN_POINT('',(0.000341428513669863,-0.000383605157958491,0.0116666666666696));
#1898=CARTESIAN_POINT('',(0.000432293528793184,-0.000277215894426541,0.0120833333333304));
#1899=CARTESIAN_POINT('',(0.00051267622579699,-2.98233911841827E-5,0.0129166666666696));
#1900=CARTESIAN_POINT('',(0.000501698924474424,0.000109656446871021,0.0133333333333304));
#1901=CARTESIAN_POINT('',(0.000383605157958492,0.000341428513669862,0.0141666666666696));
#1902=CARTESIAN_POINT('',(0.000277215894425775,0.000432293528793815,0.0145833333333333));
#1903=CARTESIAN_POINT('',(0.000153519642805474,0.000472484877295432,0.015));
#1904=CARTESIAN_POINT('',(-0.000153519642805362,-0.000472484877295087,4.17208756564796E-19));
#1905=CARTESIAN_POINT('',(-0.000153519642805362,-0.000472484877295087,0.));
#1906=CARTESIAN_POINT('',(-0.000228412419665715,-0.00044815068361907,0.));
#1907=CARTESIAN_POINT('',(-0.000275990710546996,-0.000358058772661028,0.));
#1908=CARTESIAN_POINT('',(-0.000250178036219985,-0.000283662624563132,0.));
#1909=CARTESIAN_POINT('',(-7.38100635063743E-5,-0.000189305432057687,-9.17187824365283E-5));
#1910=CARTESIAN_POINT('',(-0.000207380389859559,-0.000137226449624201,-6.01891776291509E-5));
#1911=CARTESIAN_POINT('',(-0.000260703801880896,-0.000273988444831231,-6.01891776291516E-5));
#1912=CARTESIAN_POINT('',(-7.01788073574644E-5,-0.000190730675006157,-6.11458549577285E-5));
#1913=CARTESIAN_POINT('',(-0.000204754758132994,-0.000141213838114983,-2.96162501503511E-5));
#1914=CARTESIAN_POINT('',(-0.000255454802031005,-0.000279005487184392,-2.96162501503518E-5));
#1915=CARTESIAN_POINT('',(-6.65045862373116E-5,-0.000192048474006737,-3.05729274788879E-5));
#1916=CARTESIAN_POINT('',(-0.000202010351021146,-0.000145124097927586,9.56677328489417E-7));
#1917=CARTESIAN_POINT('',(-0.000250055987141408,-0.000283867778952138,9.56677328488743E-7));
#1918=CARTESIAN_POINT('',(-1.21982952669603E-5,-0.00020969365757236,0.000416666666669627));
#1919=CARTESIAN_POINT('',(-0.000160154167275947,-0.000201086771536127,0.000448196271477004));
#1920=CARTESIAN_POINT('',(-0.000168966715234558,-0.000352578055648442,0.000448196271477004));
#1921=CARTESIAN_POINT('',(4.4851429154975E-5,-0.000205203746886479,0.000833333333330373));
#1922=CARTESIAN_POINT('',(-9.99364469381471E-5,-0.000236850065560585,0.00086486293813775));
#1923=CARTESIAN_POINT('',(-6.75339380801238E-5,-0.000385097654354557,0.00086486293813775));
#1924=CARTESIAN_POINT('',(0.000139650309939042,-0.000156901304543409,0.00166666666666963));
#1925=CARTESIAN_POINT('',(2.89437220439986E-5,-0.000255435917476212,0.001698196271477));
#1926=CARTESIAN_POINT('',(0.000129832823909409,-0.000368787844183753,0.001698196271477));
#1927=CARTESIAN_POINT('',(0.000176815710649708,-0.000113386211246927,0.00208333333333037));
#1928=CARTESIAN_POINT('',(9.68125481647142E-5,-0.000238144026800021,0.00211486293813775));
#1929=CARTESIAN_POINT('',(0.000224551457236452,-0.000320058868389828,0.00211486293813775));
#1930=CARTESIAN_POINT('',(0.00020969365757236,-1.21982952669603E-5,0.00291666666666963));
#1931=CARTESIAN_POINT('',(0.000201086771536127,-0.000160154167275947,0.00294819627147701));
#1932=CARTESIAN_POINT('',(0.000352578055648442,-0.000168966715234558,0.00294819627147701));
#1933=CARTESIAN_POINT('',(0.000205203746886479,4.48514291549749E-5,0.00333333333333037));
#1934=CARTESIAN_POINT('',(0.000236850065560585,-9.99364469381472E-5,0.00336486293813775));
#1935=CARTESIAN_POINT('',(0.000385097654354557,-6.7533938080124E-5,0.00336486293813775));
#1936=CARTESIAN_POINT('',(0.000156901304543409,0.000139650309939042,0.00416666666666963));
#1937=CARTESIAN_POINT('',(0.000255435917476212,2.89437220439986E-5,0.004198196271477));
#1938=CARTESIAN_POINT('',(0.000368787844183753,0.000129832823909409,0.004198196271477));
#1939=CARTESIAN_POINT('',(0.000113386211246927,0.000176815710649708,0.00458333333333037));
#1940=CARTESIAN_POINT('',(0.000238144026800021,9.68125481647142E-5,0.00461486293813775));
#1941=CARTESIAN_POINT('',(0.000320058868389828,0.000224551457236452,0.00461486293813775));
#1942=CARTESIAN_POINT('',(1.21982952669603E-5,0.00020969365757236,0.00541666666666963));
#1943=CARTESIAN_POINT('',(0.000160154167275947,0.000201086771536127,0.00544819627147701));
#1944=CARTESIAN_POINT('',(0.000168966715234558,0.000352578055648442,0.00544819627147701));
#1945=CARTESIAN_POINT('',(-4.48514291549749E-5,0.000205203746886479,0.00583333333333037));
#1946=CARTESIAN_POINT('',(9.99364469381472E-5,0.000236850065560585,0.00586486293813775));
#1947=CARTESIAN_POINT('',(6.7533938080124E-5,0.000385097654354557,0.00586486293813775));
#1948=CARTESIAN_POINT('',(-0.000139650309939042,0.000156901304543409,0.00666666666666963));
#1949=CARTESIAN_POINT('',(-2.89437220439986E-5,0.000255435917476212,0.00669819627147701));
#1950=CARTESIAN_POINT('',(-0.000129832823909409,0.000368787844183753,0.006698196271477));
#1951=CARTESIAN_POINT('',(-0.000176815710649708,0.000113386211246927,0.00708333333333037));
#1952=CARTESIAN_POINT('',(-9.68125481647142E-5,0.000238144026800021,0.00711486293813775));
#1953=CARTESIAN_POINT('',(-0.000224551457236452,0.000320058868389828,0.00711486293813775));
#1954=CARTESIAN_POINT('',(-0.00020969365757236,1.21982952669604E-5,0.00791666666666963));
#1955=CARTESIAN_POINT('',(-0.000201086771536127,0.000160154167275947,0.00794819627147701));
#1956=CARTESIAN_POINT('',(-0.000352578055648442,0.000168966715234558,0.00794819627147701));
#1957=CARTESIAN_POINT('',(-0.000205203746886479,-4.48514291549747E-5,0.00833333333333038));
#1958=CARTESIAN_POINT('',(-0.000236850065560584,9.99364469381474E-5,0.00836486293813775));
#1959=CARTESIAN_POINT('',(-0.000385097654354557,6.75339380801242E-5,0.00836486293813775));
#1960=CARTESIAN_POINT('',(-0.000156901304543409,-0.000139650309939042,0.00916666666666963));
#1961=CARTESIAN_POINT('',(-0.000255435917476212,-2.89437220439984E-5,0.009198196271477));
#1962=CARTESIAN_POINT('',(-0.000368787844183753,-0.000129832823909409,0.009198196271477));
#1963=CARTESIAN_POINT('',(-0.000113386211246927,-0.000176815710649708,0.00958333333333037));
#1964=CARTESIAN_POINT('',(-0.000238144026800021,-9.68125481647141E-5,0.00961486293813775));
#1965=CARTESIAN_POINT('',(-0.000320058868389829,-0.000224551457236452,0.00961486293813775));
#1966=CARTESIAN_POINT('',(-6.03560862774192E-5,-0.000194046242745994,0.0100200630592098));
#1967=CARTESIAN_POINT('',(-0.000197271438834727,-0.000151460131751465,0.0100515926640171));
#1968=CARTESIAN_POINT('',(-0.000240875146834358,-0.000291647082711661,0.0100515926640171));
#1969=CARTESIAN_POINT('',(-5.79049512693602E-5,-0.000194789276680065,0.0100401261184195));
#1970=CARTESIAN_POINT('',(-0.000195344574493318,-0.000153932640108977,0.0100716557232269));
#1971=CARTESIAN_POINT('',(-0.000237177482201694,-0.000294656389206583,0.0100716557232269));
#1972=CARTESIAN_POINT('',(-5.54406463344393E-5,-0.000195483927426919,0.0100601891776292));
#1973=CARTESIAN_POINT('',(-0.000193370401964796,-0.000156366057730153,0.0100917187824366));
#1974=CARTESIAN_POINT('',(-0.000233422994887511,-0.00029759165096968,0.0100917187824366));
#1975=CARTESIAN_POINT('',(-0.000250178036219985,-0.000283662624563132,0.));
#1976=CARTESIAN_POINT('',(-0.000224996183994532,-0.000211085042112186,0.));
#1977=CARTESIAN_POINT('',(-0.000135854406137112,-0.000169515413430509,0.));
#1978=CARTESIAN_POINT('',(-6.27922532569439E-5,-0.000193254684111034,0.));
#1979=CARTESIAN_POINT('',(-6.27922532569435E-5,-0.000193254684111034,4.17208756564796E-19));
#1980=CARTESIAN_POINT('',(6.27922532569893E-5,0.000193254684111175,-0.005));
#1981=CARTESIAN_POINT('',(1.21982952673656E-5,0.000209693657572384,-0.00458333333333333));
#1982=CARTESIAN_POINT('',(-4.4851429154975E-5,0.000205203746886479,-0.00416666666666963));
#1983=CARTESIAN_POINT('',(-0.000139650309939042,0.000156901304543409,-0.00333333333333037));
#1984=CARTESIAN_POINT('',(-0.000176815710649708,0.000113386211246927,-0.00291666666666963));
#1985=CARTESIAN_POINT('',(-0.00020969365757236,1.21982952669603E-5,-0.00208333333333037));
#1986=CARTESIAN_POINT('',(-0.000205203746886479,-4.4851429154975E-5,-0.00166666666666963));
#1987=CARTESIAN_POINT('',(-0.000156901304543409,-0.000139650309939042,-0.000833333333330373));
#1988=CARTESIAN_POINT('',(-0.000113386211246927,-0.000176815710649708,-0.000416666666669626));
#1989=CARTESIAN_POINT('',(-1.21982952669603E-5,-0.00020969365757236,0.000416666666669627));
#1990=CARTESIAN_POINT('',(4.4851429154975E-5,-0.000205203746886479,0.000833333333330373));
#1991=CARTESIAN_POINT('',(0.000139650309939042,-0.000156901304543409,0.00166666666666963));
#1992=CARTESIAN_POINT('',(0.000176815710649708,-0.000113386211246927,0.00208333333333037));
#1993=CARTESIAN_POINT('',(0.00020969365757236,-1.21982952669603E-5,0.00291666666666963));
#1994=CARTESIAN_POINT('',(0.000205203746886479,4.48514291549749E-5,0.00333333333333037));
#1995=CARTESIAN_POINT('',(0.000156901304543409,0.000139650309939042,0.00416666666666963));
#1996=CARTESIAN_POINT('',(0.000113386211246927,0.000176815710649708,0.00458333333333037));
#1997=CARTESIAN_POINT('',(1.21982952669603E-5,0.00020969365757236,0.00541666666666963));
#1998=CARTESIAN_POINT('',(-4.48514291549749E-5,0.000205203746886479,0.00583333333333037));
#1999=CARTESIAN_POINT('',(-0.000139650309939042,0.000156901304543409,0.00666666666666963));
#2000=CARTESIAN_POINT('',(-0.000176815710649708,0.000113386211246927,0.00708333333333037));
#2001=CARTESIAN_POINT('',(-0.00020969365757236,1.21982952669604E-5,0.00791666666666963));
#2002=CARTESIAN_POINT('',(-0.000205203746886479,-4.48514291549747E-5,0.00833333333333038));
#2003=CARTESIAN_POINT('',(-0.000156901304543409,-0.000139650309939042,0.00916666666666963));
#2004=CARTESIAN_POINT('',(-0.000113386211246927,-0.000176815710649708,0.00958333333333037));
#2005=CARTESIAN_POINT('',(-1.21982952669603E-5,-0.00020969365757236,0.0104166666666696));
#2006=CARTESIAN_POINT('',(4.4851429154975E-5,-0.000205203746886479,0.0108333333333304));
#2007=CARTESIAN_POINT('',(0.000139650309939042,-0.000156901304543409,0.0116666666666696));
#2008=CARTESIAN_POINT('',(0.000176815710649708,-0.000113386211246927,0.0120833333333304));
#2009=CARTESIAN_POINT('',(0.00020969365757236,-1.21982952669604E-5,0.0129166666666696));
#2010=CARTESIAN_POINT('',(0.000205203746886479,4.48514291549747E-5,0.0133333333333304));
#2011=CARTESIAN_POINT('',(0.000156901304543409,0.000139650309939042,0.0141666666666696));
#2012=CARTESIAN_POINT('',(0.000113386211246613,0.000176815710649966,0.0145833333333333));
#2013=CARTESIAN_POINT('',(6.27922532569894E-5,0.000193254684111175,0.015));
#2014=CARTESIAN_POINT('',(-6.27922532569435E-5,-0.000193254684111034,0.01));
#2015=CARTESIAN_POINT('',(-0.000250178036219985,-0.000283662624563132,0.01));
#2016=CARTESIAN_POINT('',(-0.000224996183994547,-0.000211085042112181,0.01));
#2017=CARTESIAN_POINT('',(-0.000135854406137115,-0.000169515413430517,0.01));
#2018=CARTESIAN_POINT('',(-6.27922532569439E-5,-0.000193254684111033,0.01));
#2019=CARTESIAN_POINT('',(-0.00013554583217987,0.000477935113905972,-6.01891776292106E-5));
#2020=CARTESIAN_POINT('',(-0.000273475587810226,0.000438817244209206,-9.1718782436587E-5));
#2021=CARTESIAN_POINT('',(-0.000233422994887511,0.00029759165096968,-9.17187824365873E-5));
#2022=CARTESIAN_POINT('',(-0.000141570766686113,0.000476236774875277,-4.01261184194929E-5));
#2023=CARTESIAN_POINT('',(-0.000279010389910071,0.00043538013830419,-7.16557232268692E-5));
#2024=CARTESIAN_POINT('',(-0.000237177482201694,0.000294656389206584,-7.16557232268696E-5));
#2025=CARTESIAN_POINT('',(-0.000147563502276682,0.000474420144666386,-2.00630592097565E-5));
#2026=CARTESIAN_POINT('',(-0.00028447885483399,0.000431834033671858,-5.15926640171329E-5));
#2027=CARTESIAN_POINT('',(-0.000240875146834358,0.000291647082711662,-5.15926640171332E-5));
#2028=CARTESIAN_POINT('',(-0.000277215894426541,0.000432293528793185,0.000416666666669627));
#2029=CARTESIAN_POINT('',(-0.000401973709979635,0.000352290366308191,0.000385137061862251));
#2030=CARTESIAN_POINT('',(-0.000320058868389828,0.000224551457236453,0.00038513706186225));
#2031=CARTESIAN_POINT('',(-0.000383605157958491,0.000341428513669863,0.000833333333330373));
#2032=CARTESIAN_POINT('',(-0.000482139770891295,0.000230721925774819,0.000801803728522996));
#2033=CARTESIAN_POINT('',(-0.000368787844183753,0.000129832823909409,0.000801803728522997));
#2034=CARTESIAN_POINT('',(-0.000501698924474424,0.000109656446871022,0.00166666666666963));
#2035=CARTESIAN_POINT('',(-0.000533345243148529,-3.51314292221004E-5,0.00163513706186225));
#2036=CARTESIAN_POINT('',(-0.000385097654354557,-6.75339380801237E-5,0.00163513706186225));
#2037=CARTESIAN_POINT('',(-0.00051267622579699,-2.98233911841821E-5,0.00208333333333037));
#2038=CARTESIAN_POINT('',(-0.000504069339760757,-0.000177779263193169,0.002051803728523));
#2039=CARTESIAN_POINT('',(-0.000352578055648442,-0.000168966715234558,0.002051803728523));
#2040=CARTESIAN_POINT('',(-0.000432293528793184,-0.000277215894426541,0.00291666666666963));
#2041=CARTESIAN_POINT('',(-0.000352290366308191,-0.000401973709979636,0.00288513706186225));
#2042=CARTESIAN_POINT('',(-0.000224551457236452,-0.000320058868389828,0.00288513706186225));
#2043=CARTESIAN_POINT('',(-0.000341428513669863,-0.000383605157958491,0.00333333333333037));
#2044=CARTESIAN_POINT('',(-0.000230721925774819,-0.000482139770891294,0.003301803728523));
#2045=CARTESIAN_POINT('',(-0.000129832823909409,-0.000368787844183753,0.003301803728523));
#2046=CARTESIAN_POINT('',(-0.000109656446871021,-0.000501698924474424,0.00416666666666963));
#2047=CARTESIAN_POINT('',(3.51314292221005E-5,-0.000533345243148529,0.00413513706186225));
#2048=CARTESIAN_POINT('',(6.75339380801237E-5,-0.000385097654354557,0.00413513706186225));
#2049=CARTESIAN_POINT('',(2.98233911841821E-5,-0.00051267622579699,0.00458333333333037));
#2050=CARTESIAN_POINT('',(0.000177779263193169,-0.000504069339760757,0.004551803728523));
#2051=CARTESIAN_POINT('',(0.000168966715234558,-0.000352578055648442,0.004551803728523));
#2052=CARTESIAN_POINT('',(0.000277215894426541,-0.000432293528793184,0.00541666666666963));
#2053=CARTESIAN_POINT('',(0.000401973709979636,-0.000352290366308191,0.00538513706186225));
#2054=CARTESIAN_POINT('',(0.000320058868389828,-0.000224551457236452,0.00538513706186225));
#2055=CARTESIAN_POINT('',(0.000383605157958491,-0.000341428513669863,0.00583333333333037));
#2056=CARTESIAN_POINT('',(0.000482139770891294,-0.00023072192577482,0.005801803728523));
#2057=CARTESIAN_POINT('',(0.000368787844183753,-0.000129832823909409,0.005801803728523));
#2058=CARTESIAN_POINT('',(0.000501698924474424,-0.000109656446871021,0.00666666666666963));
#2059=CARTESIAN_POINT('',(0.000533345243148529,3.51314292221005E-5,0.00663513706186225));
#2060=CARTESIAN_POINT('',(0.000385097654354557,6.75339380801237E-5,0.00663513706186225));
#2061=CARTESIAN_POINT('',(0.00051267622579699,2.9823391184182E-5,0.00708333333333037));
#2062=CARTESIAN_POINT('',(0.000504069339760757,0.000177779263193169,0.007051803728523));
#2063=CARTESIAN_POINT('',(0.000352578055648442,0.000168966715234558,0.007051803728523));
#2064=CARTESIAN_POINT('',(0.000432293528793184,0.000277215894426541,0.00791666666666963));
#2065=CARTESIAN_POINT('',(0.000352290366308191,0.000401973709979635,0.00788513706186225));
#2066=CARTESIAN_POINT('',(0.000224551457236453,0.000320058868389828,0.00788513706186225));
#2067=CARTESIAN_POINT('',(0.000341428513669863,0.000383605157958491,0.00833333333333038));
#2068=CARTESIAN_POINT('',(0.00023072192577482,0.000482139770891294,0.008301803728523));
#2069=CARTESIAN_POINT('',(0.000129832823909409,0.000368787844183753,0.008301803728523));
#2070=CARTESIAN_POINT('',(0.000109656446871022,0.000501698924474424,0.00916666666666963));
#2071=CARTESIAN_POINT('',(-3.51314292221001E-5,0.000533345243148529,0.00913513706186225));
#2072=CARTESIAN_POINT('',(-6.75339380801234E-5,0.000385097654354557,0.00913513706186225));
#2073=CARTESIAN_POINT('',(-2.98233911841819E-5,0.00051267622579699,0.00958333333333037));
#2074=CARTESIAN_POINT('',(-0.000177779263193168,0.000504069339760757,0.009551803728523));
#2075=CARTESIAN_POINT('',(-0.000168966715234557,0.000352578055648442,0.009551803728523));
#2076=CARTESIAN_POINT('',(-0.000162595858477837,0.000469535836055842,0.0100305729274789));
#2077=CARTESIAN_POINT('',(-0.000298101623261671,0.000422611459976691,0.00999904332267152));
#2078=CARTESIAN_POINT('',(-0.000250055987141408,0.000283867778952138,0.00999904332267152));
#2079=CARTESIAN_POINT('',(-0.000171578895153487,0.000466313973144975,0.0100611458549577));
#2080=CARTESIAN_POINT('',(-0.000306154845929016,0.0004167971362538,0.0100296162501504));
#2081=CARTESIAN_POINT('',(-0.000255454802031005,0.000279005487184391,0.0100296162501504));
#2082=CARTESIAN_POINT('',(-0.000180456887549051,0.000462829422471746,0.0100917187824365));
#2083=CARTESIAN_POINT('',(-0.000314027213902235,0.00041075044003826,0.0100601891776292));
#2084=CARTESIAN_POINT('',(-0.000260703801880897,0.00027398844483123,0.0100601891776292));
#2085=CARTESIAN_POINT('',(0.000244512791812372,-0.000288564756442658,-0.00503152960480738));
#2086=CARTESIAN_POINT('',(0.00032005886838947,-0.000224551457237118,-0.00461486293814071));
#2087=CARTESIAN_POINT('',(0.000368787844183753,-0.000129832823909409,-0.004198196271477));
#2088=CARTESIAN_POINT('',(0.000385097654354557,6.75339380801237E-5,-0.00336486293813775));
#2089=CARTESIAN_POINT('',(0.000352578055648442,0.000168966715234558,-0.002948196271477));
#2090=CARTESIAN_POINT('',(0.000224551457236453,0.000320058868389828,-0.00211486293813775));
#2091=CARTESIAN_POINT('',(0.000129832823909409,0.000368787844183753,-0.001698196271477));
#2092=CARTESIAN_POINT('',(-6.75339380801237E-5,0.000385097654354557,-0.000864862938137749));
#2093=CARTESIAN_POINT('',(-0.000168966715234558,0.000352578055648442,-0.000448196271477003));
#2094=CARTESIAN_POINT('',(-0.000320058868389828,0.000224551457236453,0.00038513706186225));
#2095=CARTESIAN_POINT('',(-0.000368787844183753,0.000129832823909409,0.000801803728522997));
#2096=CARTESIAN_POINT('',(-0.000385097654354557,-6.75339380801237E-5,0.00163513706186225));
#2097=CARTESIAN_POINT('',(-0.000352578055648442,-0.000168966715234558,0.002051803728523));
#2098=CARTESIAN_POINT('',(-0.000224551457236452,-0.000320058868389828,0.00288513706186225));
#2099=CARTESIAN_POINT('',(-0.000129832823909409,-0.000368787844183753,0.003301803728523));
#2100=CARTESIAN_POINT('',(6.75339380801237E-5,-0.000385097654354557,0.00413513706186225));
#2101=CARTESIAN_POINT('',(0.000168966715234558,-0.000352578055648442,0.004551803728523));
#2102=CARTESIAN_POINT('',(0.000320058868389828,-0.000224551457236452,0.00538513706186225));
#2103=CARTESIAN_POINT('',(0.000368787844183753,-0.000129832823909409,0.005801803728523));
#2104=CARTESIAN_POINT('',(0.000385097654354557,6.75339380801237E-5,0.00663513706186225));
#2105=CARTESIAN_POINT('',(0.000352578055648442,0.000168966715234558,0.007051803728523));
#2106=CARTESIAN_POINT('',(0.000224551457236453,0.000320058868389828,0.00788513706186225));
#2107=CARTESIAN_POINT('',(0.000129832823909409,0.000368787844183753,0.008301803728523));
#2108=CARTESIAN_POINT('',(-6.75339380801234E-5,0.000385097654354557,0.00913513706186225));
#2109=CARTESIAN_POINT('',(-0.000168966715234557,0.000352578055648442,0.009551803728523));
#2110=CARTESIAN_POINT('',(-0.000320058868389828,0.000224551457236453,0.0103851370618623));
#2111=CARTESIAN_POINT('',(-0.000368787844183753,0.000129832823909409,0.010801803728523));
#2112=CARTESIAN_POINT('',(-0.000385097654354557,-6.75339380801239E-5,0.0116351370618623));
#2113=CARTESIAN_POINT('',(-0.000352578055648442,-0.000168966715234558,0.012051803728523));
#2114=CARTESIAN_POINT('',(-0.000224551457236453,-0.000320058868389828,0.0128851370618623));
#2115=CARTESIAN_POINT('',(-0.000129832823909409,-0.000368787844183753,0.013301803728523));
#2116=CARTESIAN_POINT('',(6.75339380801234E-5,-0.000385097654354557,0.0141351370618623));
#2117=CARTESIAN_POINT('',(0.000168966715235273,-0.000352578055648198,0.014551803728526));
#2118=CARTESIAN_POINT('',(0.000244512791812372,-0.000288564756442658,0.0149684703951926));
#2119=CARTESIAN_POINT('',(-0.000250178036219985,0.000283662624563133,-2.31694224474728E-20));
#2120=CARTESIAN_POINT('',(-0.000250178036219985,0.000283662624563133,0.01));
#2121=CARTESIAN_POINT('',(-0.000153519642805362,0.000472484877295087,0.));
#2122=CARTESIAN_POINT('',(-0.000228418101506658,0.000448148837472841,0.));
#2123=CARTESIAN_POINT('',(-0.00027599261788062,0.000358064269893639,0.));
#2124=CARTESIAN_POINT('',(-0.000250178036219985,0.000283662624563133,0.));
#2125=CARTESIAN_POINT('',(-0.000153519642805362,0.000472484877295087,4.17208756564796E-19));
#2126=CARTESIAN_POINT('',(0.000153519642805474,-0.000472484877295432,-0.005));
#2127=CARTESIAN_POINT('',(0.000277215894425774,-0.000432293528793815,-0.00458333333333333));
#2128=CARTESIAN_POINT('',(0.000383605157958491,-0.000341428513669863,-0.00416666666666963));
#2129=CARTESIAN_POINT('',(0.000501698924474424,-0.000109656446871022,-0.00333333333333037));
#2130=CARTESIAN_POINT('',(0.00051267622579699,2.98233911841822E-5,-0.00291666666666963));
#2131=CARTESIAN_POINT('',(0.000432293528793185,0.000277215894426541,-0.00208333333333037));
#2132=CARTESIAN_POINT('',(0.000341428513669863,0.000383605157958492,-0.00166666666666963));
#2133=CARTESIAN_POINT('',(0.000109656446871022,0.000501698924474424,-0.000833333333330373));
#2134=CARTESIAN_POINT('',(-2.98233911841822E-5,0.00051267622579699,-0.000416666666669626));
#2135=CARTESIAN_POINT('',(-0.000277215894426541,0.000432293528793185,0.000416666666669627));
#2136=CARTESIAN_POINT('',(-0.000383605157958491,0.000341428513669863,0.000833333333330373));
#2137=CARTESIAN_POINT('',(-0.000501698924474424,0.000109656446871022,0.00166666666666963));
#2138=CARTESIAN_POINT('',(-0.00051267622579699,-2.98233911841821E-5,0.00208333333333037));
#2139=CARTESIAN_POINT('',(-0.000432293528793184,-0.000277215894426541,0.00291666666666963));
#2140=CARTESIAN_POINT('',(-0.000341428513669863,-0.000383605157958491,0.00333333333333037));
#2141=CARTESIAN_POINT('',(-0.000109656446871021,-0.000501698924474424,0.00416666666666963));
#2142=CARTESIAN_POINT('',(2.98233911841821E-5,-0.00051267622579699,0.00458333333333037));
#2143=CARTESIAN_POINT('',(0.000277215894426541,-0.000432293528793184,0.00541666666666963));
#2144=CARTESIAN_POINT('',(0.000383605157958491,-0.000341428513669863,0.00583333333333037));
#2145=CARTESIAN_POINT('',(0.000501698924474424,-0.000109656446871021,0.00666666666666963));
#2146=CARTESIAN_POINT('',(0.00051267622579699,2.9823391184182E-5,0.00708333333333037));
#2147=CARTESIAN_POINT('',(0.000432293528793184,0.000277215894426541,0.00791666666666963));
#2148=CARTESIAN_POINT('',(0.000341428513669863,0.000383605157958491,0.00833333333333038));
#2149=CARTESIAN_POINT('',(0.000109656446871022,0.000501698924474424,0.00916666666666963));
#2150=CARTESIAN_POINT('',(-2.98233911841819E-5,0.00051267622579699,0.00958333333333037));
#2151=CARTESIAN_POINT('',(-0.000277215894426541,0.000432293528793184,0.0104166666666696));
#2152=CARTESIAN_POINT('',(-0.000383605157958492,0.000341428513669863,0.0108333333333304));
#2153=CARTESIAN_POINT('',(-0.000501698924474424,0.000109656446871021,0.0116666666666696));
#2154=CARTESIAN_POINT('',(-0.00051267622579699,-2.98233911841821E-5,0.0120833333333304));
#2155=CARTESIAN_POINT('',(-0.000432293528793184,-0.000277215894426541,0.0129166666666696));
#2156=CARTESIAN_POINT('',(-0.000341428513669863,-0.000383605157958491,0.0133333333333304));
#2157=CARTESIAN_POINT('',(-0.000109656446871022,-0.000501698924474424,0.0141666666666696));
#2158=CARTESIAN_POINT('',(2.98233911851729E-5,-0.00051267622579705,0.0145833333333333));
#2159=CARTESIAN_POINT('',(0.000153519642805474,-0.000472484877295432,0.015));
#2160=CARTESIAN_POINT('',(-0.000153519642805362,0.000472484877295087,0.01));
#2161=CARTESIAN_POINT('',(-0.000153519642805362,0.000472484877295087,0.01));
#2162=CARTESIAN_POINT('',(-0.000228418101506656,0.000448148837472847,0.01));
#2163=CARTESIAN_POINT('',(-0.000275992617880645,0.00035806426989363,0.01));
#2164=CARTESIAN_POINT('',(-0.000250178036219985,0.000283662624563133,0.01));
#2165=CARTESIAN_POINT('',(-0.000233422994887511,0.00029759165096968,-9.17187824365869E-5));
#2166=CARTESIAN_POINT('',(-0.000193370401964796,0.000156366057730153,-9.17187824365866E-5));
#2167=CARTESIAN_POINT('',(-5.54406463344395E-5,0.000195483927426919,-6.01891776292102E-5));
#2168=CARTESIAN_POINT('',(-0.000237177482201694,0.000294656389206583,-7.16557232268693E-5));
#2169=CARTESIAN_POINT('',(-0.000195344574493318,0.000153932640108977,-7.16557232268689E-5));
#2170=CARTESIAN_POINT('',(-5.79049512693602E-5,0.000194789276680065,-4.01261184194926E-5));
#2171=CARTESIAN_POINT('',(-0.000240875146834358,0.000291647082711661,-5.1592664017133E-5));
#2172=CARTESIAN_POINT('',(-0.000197271438834727,0.000151460131751465,-5.15926640171327E-5));
#2173=CARTESIAN_POINT('',(-6.03560862774191E-5,0.000194046242745994,-2.00630592097564E-5));
#2174=CARTESIAN_POINT('',(-0.000320058868389828,0.000224551457236453,0.00038513706186225));
#2175=CARTESIAN_POINT('',(-0.000238144026800021,9.68125481647145E-5,0.000385137061862251));
#2176=CARTESIAN_POINT('',(-0.000113386211246927,0.000176815710649708,0.000416666666669627));
#2177=CARTESIAN_POINT('',(-0.000368787844183753,0.000129832823909409,0.000801803728522997));
#2178=CARTESIAN_POINT('',(-0.000255435917476212,2.89437220439987E-5,0.000801803728522996));
#2179=CARTESIAN_POINT('',(-0.000156901304543409,0.000139650309939042,0.000833333333330373));
#2180=CARTESIAN_POINT('',(-0.000385097654354557,-6.75339380801237E-5,0.00163513706186225));
#2181=CARTESIAN_POINT('',(-0.000236850065560585,-9.9936446938147E-5,0.00163513706186225));
#2182=CARTESIAN_POINT('',(-0.000205203746886479,4.4851429154975E-5,0.00166666666666963));
#2183=CARTESIAN_POINT('',(-0.000352578055648442,-0.000168966715234558,0.002051803728523));
#2184=CARTESIAN_POINT('',(-0.000201086771536127,-0.000160154167275947,0.002051803728523));
#2185=CARTESIAN_POINT('',(-0.00020969365757236,-1.21982952669601E-5,0.00208333333333037));
#2186=CARTESIAN_POINT('',(-0.000224551457236452,-0.000320058868389828,0.00288513706186225));
#2187=CARTESIAN_POINT('',(-9.68125481647144E-5,-0.000238144026800021,0.00288513706186225));
#2188=CARTESIAN_POINT('',(-0.000176815710649708,-0.000113386211246927,0.00291666666666963));
#2189=CARTESIAN_POINT('',(-0.000129832823909409,-0.000368787844183753,0.003301803728523));
#2190=CARTESIAN_POINT('',(-2.89437220439987E-5,-0.000255435917476212,0.003301803728523));
#2191=CARTESIAN_POINT('',(-0.000139650309939042,-0.000156901304543409,0.00333333333333037));
#2192=CARTESIAN_POINT('',(6.75339380801237E-5,-0.000385097654354557,0.00413513706186225));
#2193=CARTESIAN_POINT('',(9.9936446938147E-5,-0.000236850065560585,0.00413513706186225));
#2194=CARTESIAN_POINT('',(-4.4851429154975E-5,-0.000205203746886479,0.00416666666666963));
#2195=CARTESIAN_POINT('',(0.000168966715234558,-0.000352578055648442,0.004551803728523));
#2196=CARTESIAN_POINT('',(0.000160154167275947,-0.000201086771536127,0.004551803728523));
#2197=CARTESIAN_POINT('',(1.21982952669601E-5,-0.00020969365757236,0.00458333333333037));
#2198=CARTESIAN_POINT('',(0.000320058868389828,-0.000224551457236452,0.00538513706186225));
#2199=CARTESIAN_POINT('',(0.000238144026800021,-9.68125481647144E-5,0.00538513706186225));
#2200=CARTESIAN_POINT('',(0.000113386211246927,-0.000176815710649708,0.00541666666666963));
#2201=CARTESIAN_POINT('',(0.000368787844183753,-0.000129832823909409,0.005801803728523));
#2202=CARTESIAN_POINT('',(0.000255435917476212,-2.89437220439988E-5,0.005801803728523));
#2203=CARTESIAN_POINT('',(0.000156901304543409,-0.000139650309939042,0.00583333333333037));
#2204=CARTESIAN_POINT('',(0.000385097654354557,6.75339380801237E-5,0.00663513706186225));
#2205=CARTESIAN_POINT('',(0.000236850065560585,9.9936446938147E-5,0.00663513706186225));
#2206=CARTESIAN_POINT('',(0.000205203746886479,-4.4851429154975E-5,0.00666666666666963));
#2207=CARTESIAN_POINT('',(0.000352578055648442,0.000168966715234558,0.007051803728523));
#2208=CARTESIAN_POINT('',(0.000201086771536127,0.000160154167275947,0.007051803728523));
#2209=CARTESIAN_POINT('',(0.00020969365757236,1.21982952669601E-5,0.00708333333333037));
#2210=CARTESIAN_POINT('',(0.000224551457236453,0.000320058868389828,0.00788513706186225));
#2211=CARTESIAN_POINT('',(9.68125481647146E-5,0.000238144026800021,0.00788513706186225));
#2212=CARTESIAN_POINT('',(0.000176815710649708,0.000113386211246927,0.00791666666666963));
#2213=CARTESIAN_POINT('',(0.000129832823909409,0.000368787844183753,0.008301803728523));
#2214=CARTESIAN_POINT('',(2.89437220439989E-5,0.000255435917476212,0.008301803728523));
#2215=CARTESIAN_POINT('',(0.000139650309939042,0.000156901304543409,0.00833333333333038));
#2216=CARTESIAN_POINT('',(-6.75339380801234E-5,0.000385097654354557,0.00913513706186225));
#2217=CARTESIAN_POINT('',(-9.99364469381469E-5,0.000236850065560585,0.00913513706186225));
#2218=CARTESIAN_POINT('',(4.48514291549752E-5,0.000205203746886479,0.00916666666666963));
#2219=CARTESIAN_POINT('',(-0.000168966715234557,0.000352578055648442,0.009551803728523));
#2220=CARTESIAN_POINT('',(-0.000160154167275947,0.000201086771536127,0.009551803728523));
#2221=CARTESIAN_POINT('',(-1.219829526696E-5,0.00020969365757236,0.00958333333333037));
#2222=CARTESIAN_POINT('',(-0.000250055987141408,0.000283867778952138,0.00999904332267151));
#2223=CARTESIAN_POINT('',(-0.000202010351021145,0.000145124097927586,0.00999904332267151));
#2224=CARTESIAN_POINT('',(-6.65045862373114E-5,0.000192048474006738,0.0100305729274789));
#2225=CARTESIAN_POINT('',(-0.000255454802031004,0.000279005487184392,0.0100296162501504));
#2226=CARTESIAN_POINT('',(-0.000204754758132994,0.000141213838114983,0.0100296162501504));
#2227=CARTESIAN_POINT('',(-7.01788073574642E-5,0.000190730675006157,0.0100611458549577));
#2228=CARTESIAN_POINT('',(-0.000260703801880896,0.000273988444831231,0.0100601891776292));
#2229=CARTESIAN_POINT('',(-0.000207380389859559,0.000137226449624201,0.0100601891776292));
#2230=CARTESIAN_POINT('',(-7.38100635063742E-5,0.000189305432057687,0.0100917187824365));
#2231=CARTESIAN_POINT('',(-0.000250178036219985,0.000283662624563133,0.01));
#2232=CARTESIAN_POINT('',(-0.000224994081339039,0.000211078981968277,0.01));
#2233=CARTESIAN_POINT('',(-0.000135860570516467,0.000169513410507468,0.01));
#2234=CARTESIAN_POINT('',(-6.27922532569432E-5,0.000193254684111034,0.01));
#2235=CARTESIAN_POINT('',(-6.27922532569433E-5,0.000193254684111034,0.01));
#2236=CARTESIAN_POINT('',(6.27922532569893E-5,-0.000193254684111175,-0.005));
#2237=CARTESIAN_POINT('',(0.000113386211246613,-0.000176815710649966,-0.00458333333333333));
#2238=CARTESIAN_POINT('',(0.000156901304543409,-0.000139650309939042,-0.00416666666666963));
#2239=CARTESIAN_POINT('',(0.000205203746886479,-4.48514291549751E-5,-0.00333333333333037));
#2240=CARTESIAN_POINT('',(0.00020969365757236,1.21982952669602E-5,-0.00291666666666963));
#2241=CARTESIAN_POINT('',(0.000176815710649708,0.000113386211246927,-0.00208333333333037));
#2242=CARTESIAN_POINT('',(0.000139650309939042,0.000156901304543409,-0.00166666666666963));
#2243=CARTESIAN_POINT('',(4.4851429154975E-5,0.000205203746886479,-0.000833333333330373));
#2244=CARTESIAN_POINT('',(-1.21982952669602E-5,0.00020969365757236,-0.000416666666669626));
#2245=CARTESIAN_POINT('',(-0.000113386211246927,0.000176815710649708,0.000416666666669627));
#2246=CARTESIAN_POINT('',(-0.000156901304543409,0.000139650309939042,0.000833333333330373));
#2247=CARTESIAN_POINT('',(-0.000205203746886479,4.4851429154975E-5,0.00166666666666963));
#2248=CARTESIAN_POINT('',(-0.00020969365757236,-1.21982952669601E-5,0.00208333333333037));
#2249=CARTESIAN_POINT('',(-0.000176815710649708,-0.000113386211246927,0.00291666666666963));
#2250=CARTESIAN_POINT('',(-0.000139650309939042,-0.000156901304543409,0.00333333333333037));
#2251=CARTESIAN_POINT('',(-4.4851429154975E-5,-0.000205203746886479,0.00416666666666963));
#2252=CARTESIAN_POINT('',(1.21982952669601E-5,-0.00020969365757236,0.00458333333333037));
#2253=CARTESIAN_POINT('',(0.000113386211246927,-0.000176815710649708,0.00541666666666963));
#2254=CARTESIAN_POINT('',(0.000156901304543409,-0.000139650309939042,0.00583333333333037));
#2255=CARTESIAN_POINT('',(0.000205203746886479,-4.4851429154975E-5,0.00666666666666963));
#2256=CARTESIAN_POINT('',(0.00020969365757236,1.21982952669601E-5,0.00708333333333037));
#2257=CARTESIAN_POINT('',(0.000176815710649708,0.000113386211246927,0.00791666666666963));
#2258=CARTESIAN_POINT('',(0.000139650309939042,0.000156901304543409,0.00833333333333038));
#2259=CARTESIAN_POINT('',(4.48514291549752E-5,0.000205203746886479,0.00916666666666963));
#2260=CARTESIAN_POINT('',(-1.219829526696E-5,0.00020969365757236,0.00958333333333037));
#2261=CARTESIAN_POINT('',(-0.000113386211246927,0.000176815710649708,0.0104166666666696));
#2262=CARTESIAN_POINT('',(-0.000156901304543409,0.000139650309939042,0.0108333333333304));
#2263=CARTESIAN_POINT('',(-0.000205203746886479,4.48514291549749E-5,0.0116666666666696));
#2264=CARTESIAN_POINT('',(-0.00020969365757236,-1.21982952669601E-5,0.0120833333333304));
#2265=CARTESIAN_POINT('',(-0.000176815710649708,-0.000113386211246927,0.0129166666666696));
#2266=CARTESIAN_POINT('',(-0.000139650309939042,-0.000156901304543409,0.0133333333333304));
#2267=CARTESIAN_POINT('',(-4.48514291549752E-5,-0.000205203746886479,0.0141666666666696));
#2268=CARTESIAN_POINT('',(1.21982952673654E-5,-0.000209693657572384,0.0145833333333333));
#2269=CARTESIAN_POINT('',(6.27922532569892E-5,-0.000193254684111175,0.015));
#2270=CARTESIAN_POINT('',(-6.27922532569434E-5,0.000193254684111034,4.17208756564796E-19));
#2271=CARTESIAN_POINT('',(-0.000250178036219985,0.000283662624563133,0.));
#2272=CARTESIAN_POINT('',(-0.000224994081339091,0.000211078981968256,0.));
#2273=CARTESIAN_POINT('',(-0.000135860570516465,0.000169513410507463,0.));
#2274=CARTESIAN_POINT('',(-6.27922532569435E-5,0.000193254684111034,0.));
#2275=CARTESIAN_POINT('',(-0.000171264329756444,-0.000466329470523495,-6.01891776292106E-5));
#2276=CARTESIAN_POINT('',(-3.66839065126446E-5,-0.000515755525366895,-9.1718782436587E-5));
#2277=CARTESIAN_POINT('',(1.39231860965462E-5,-0.000377959296959389,-9.17187824365873E-5));
#2278=CARTESIAN_POINT('',(-0.000165391796715263,-0.000468496853034251,-4.01261184194929E-5));
#2279=CARTESIAN_POINT('',(-3.01858773918322E-5,-0.000516228123326917,-7.16557232268692E-5));
#2280=CARTESIAN_POINT('',(1.86859337148516E-5,-0.000377791452583301,-7.16557232268696E-5));
#2281=CARTESIAN_POINT('',(-0.000159475783334041,-0.000470549609923788,-2.00630592097565E-5));
#2282=CARTESIAN_POINT('',(-2.36774483292678E-5,-0.000516573547450487,-5.15926640171329E-5));
#2283=CARTESIAN_POINT('',(2.34462332195189E-5,-0.00037753030522663,-5.15926640171332E-5));
#2284=CARTESIAN_POINT('',(-2.98233911841825E-5,-0.00051267622579699,0.000416666666669627));
#2285=CARTESIAN_POINT('',(0.000118132480824804,-0.000521283111833223,0.000385137061862251));
#2286=CARTESIAN_POINT('',(0.000126945028783415,-0.000369791827720908,0.00038513706186225));
#2287=CARTESIAN_POINT('',(0.000109656446871021,-0.000501698924474424,0.000833333333330373));
#2288=CARTESIAN_POINT('',(0.000254444322964143,-0.000470052605800319,0.000801803728522996));
#2289=CARTESIAN_POINT('',(0.00022204181410612,-0.000321805017006347,0.000801803728522997));
#2290=CARTESIAN_POINT('',(0.000341428513669863,-0.000383605157958492,0.00166666666666963));
#2291=CARTESIAN_POINT('',(0.000452135101564906,-0.000285070545025689,0.00163513706186225));
#2292=CARTESIAN_POINT('',(0.000351245999699496,-0.000171718618318147,0.00163513706186225));
#2293=CARTESIAN_POINT('',(0.000432293528793184,-0.000277215894426541,0.00208333333333037));
#2294=CARTESIAN_POINT('',(0.000512296691278178,-0.000152458078873447,0.002051803728523));
#2295=CARTESIAN_POINT('',(0.00038455778220644,-7.05432372836395E-5,0.002051803728523));
#2296=CARTESIAN_POINT('',(0.00051267622579699,-2.98233911841824E-5,0.00291666666666963));
#2297=CARTESIAN_POINT('',(0.000521283111833223,0.000118132480824804,0.00288513706186225));
#2298=CARTESIAN_POINT('',(0.000369791827720908,0.000126945028783415,0.00288513706186225));
#2299=CARTESIAN_POINT('',(0.000501698924474424,0.000109656446871021,0.00333333333333037));
#2300=CARTESIAN_POINT('',(0.000470052605800319,0.000254444322964143,0.003301803728523));
#2301=CARTESIAN_POINT('',(0.000321805017006347,0.00022204181410612,0.003301803728523));
#2302=CARTESIAN_POINT('',(0.000383605157958492,0.000341428513669863,0.00416666666666963));
#2303=CARTESIAN_POINT('',(0.000285070545025689,0.000452135101564906,0.00413513706186225));
#2304=CARTESIAN_POINT('',(0.000171718618318147,0.000351245999699496,0.00413513706186225));
#2305=CARTESIAN_POINT('',(0.000277215894426541,0.000432293528793184,0.00458333333333037));
#2306=CARTESIAN_POINT('',(0.000152458078873447,0.000512296691278178,0.004551803728523));
#2307=CARTESIAN_POINT('',(7.05432372836396E-5,0.00038455778220644,0.004551803728523));
#2308=CARTESIAN_POINT('',(2.98233911841824E-5,0.00051267622579699,0.00541666666666963));
#2309=CARTESIAN_POINT('',(-0.000118132480824804,0.000521283111833223,0.00538513706186225));
#2310=CARTESIAN_POINT('',(-0.000126945028783415,0.000369791827720908,0.00538513706186225));
#2311=CARTESIAN_POINT('',(-0.000109656446871021,0.000501698924474424,0.00583333333333037));
#2312=CARTESIAN_POINT('',(-0.000254444322964143,0.000470052605800319,0.005801803728523));
#2313=CARTESIAN_POINT('',(-0.00022204181410612,0.000321805017006347,0.005801803728523));
#2314=CARTESIAN_POINT('',(-0.000341428513669863,0.000383605157958492,0.00666666666666963));
#2315=CARTESIAN_POINT('',(-0.000452135101564906,0.000285070545025689,0.00663513706186225));
#2316=CARTESIAN_POINT('',(-0.000351245999699496,0.000171718618318147,0.00663513706186225));
#2317=CARTESIAN_POINT('',(-0.000432293528793184,0.000277215894426541,0.00708333333333037));
#2318=CARTESIAN_POINT('',(-0.000512296691278178,0.000152458078873447,0.007051803728523));
#2319=CARTESIAN_POINT('',(-0.00038455778220644,7.05432372836396E-5,0.007051803728523));
#2320=CARTESIAN_POINT('',(-0.00051267622579699,2.98233911841826E-5,0.00791666666666963));
#2321=CARTESIAN_POINT('',(-0.000521283111833223,-0.000118132480824804,0.00788513706186225));
#2322=CARTESIAN_POINT('',(-0.000369791827720908,-0.000126945028783415,0.00788513706186225));
#2323=CARTESIAN_POINT('',(-0.000501698924474424,-0.000109656446871021,0.00833333333333038));
#2324=CARTESIAN_POINT('',(-0.000470052605800319,-0.000254444322964143,0.008301803728523));
#2325=CARTESIAN_POINT('',(-0.000321805017006347,-0.00022204181410612,0.008301803728523));
#2326=CARTESIAN_POINT('',(-0.000383605157958492,-0.000341428513669862,0.00916666666666963));
#2327=CARTESIAN_POINT('',(-0.000285070545025689,-0.000452135101564906,0.00913513706186225));
#2328=CARTESIAN_POINT('',(-0.000171718618318148,-0.000351245999699496,0.00913513706186225));
#2329=CARTESIAN_POINT('',(-0.000277215894426541,-0.000432293528793184,0.00958333333333037));
#2330=CARTESIAN_POINT('',(-0.000152458078873447,-0.000512296691278178,0.009551803728523));
#2331=CARTESIAN_POINT('',(-7.05432372836397E-5,-0.00038455778220644,0.009551803728523));
#2332=CARTESIAN_POINT('',(-0.000144443427132887,-0.000475433918534332,0.0100305729274789));
#2333=CARTESIAN_POINT('',(-7.23550435464037E-6,-0.000517119590976407,0.00999904332267151));
#2334=CARTESIAN_POINT('',(3.54462490735155E-5,-0.000376633078816907,0.00999904332267151));
#2335=CARTESIAN_POINT('',(-0.000135282234297278,-0.000478107473164643,0.0100611458549577));
#2336=CARTESIAN_POINT('',(2.69726337909599E-6,-0.000517149269791085,0.0100296162501504));
#2337=CARTESIAN_POINT('',(4.2671965462108E-5,-0.000375872745917152,0.0100296162501504));
#2338=CARTESIAN_POINT('',(-0.000126051620076746,-0.000480506765452317,0.0100917187824365));
#2339=CARTESIAN_POINT('',(1.262030171599E-5,-0.000516884651588168,0.0100601891776292));
#2340=CARTESIAN_POINT('',(4.98674390494567E-5,-0.000374899158092998,0.0100601891776292));
#2341=CARTESIAN_POINT('',(-0.000153519642805362,-0.000472484877295087,0.01));
#2342=CARTESIAN_POINT('',(-7.8626833400217E-5,-0.000496818970808534,0.01));
#2343=CARTESIAN_POINT('',(1.28195090980562E-5,-0.000451898901497057,0.01));
#2344=CARTESIAN_POINT('',(3.56655755765324E-5,-0.000376538844078174,0.01));
#2345=CARTESIAN_POINT('',(3.56655755765328E-5,-0.000376538844078174,0.01));
#2346=CARTESIAN_POINT('',(-2.82008957499085E-5,0.00037717480496395,-0.00503152960480738));
#2347=CARTESIAN_POINT('',(-0.000126945028782734,0.000369791827721236,-0.00461486293814071));
#2348=CARTESIAN_POINT('',(-0.00022204181410612,0.000321805017006347,-0.004198196271477));
#2349=CARTESIAN_POINT('',(-0.000351245999699496,0.000171718618318147,-0.00336486293813775));
#2350=CARTESIAN_POINT('',(-0.00038455778220644,7.05432372836394E-5,-0.002948196271477));
#2351=CARTESIAN_POINT('',(-0.000369791827720908,-0.000126945028783415,-0.00211486293813775));
#2352=CARTESIAN_POINT('',(-0.000321805017006346,-0.00022204181410612,-0.001698196271477));
#2353=CARTESIAN_POINT('',(-0.000171718618318147,-0.000351245999699496,-0.000864862938137749));
#2354=CARTESIAN_POINT('',(-7.05432372836394E-5,-0.00038455778220644,-0.000448196271477003));
#2355=CARTESIAN_POINT('',(0.000126945028783415,-0.000369791827720908,0.00038513706186225));
#2356=CARTESIAN_POINT('',(0.00022204181410612,-0.000321805017006347,0.000801803728522997));
#2357=CARTESIAN_POINT('',(0.000351245999699496,-0.000171718618318147,0.00163513706186225));
#2358=CARTESIAN_POINT('',(0.00038455778220644,-7.05432372836395E-5,0.002051803728523));
#2359=CARTESIAN_POINT('',(0.000369791827720908,0.000126945028783415,0.00288513706186225));
#2360=CARTESIAN_POINT('',(0.000321805017006347,0.00022204181410612,0.003301803728523));
#2361=CARTESIAN_POINT('',(0.000171718618318147,0.000351245999699496,0.00413513706186225));
#2362=CARTESIAN_POINT('',(7.05432372836396E-5,0.00038455778220644,0.004551803728523));
#2363=CARTESIAN_POINT('',(-0.000126945028783415,0.000369791827720908,0.00538513706186225));
#2364=CARTESIAN_POINT('',(-0.00022204181410612,0.000321805017006347,0.005801803728523));
#2365=CARTESIAN_POINT('',(-0.000351245999699496,0.000171718618318147,0.00663513706186225));
#2366=CARTESIAN_POINT('',(-0.00038455778220644,7.05432372836396E-5,0.007051803728523));
#2367=CARTESIAN_POINT('',(-0.000369791827720908,-0.000126945028783415,0.00788513706186225));
#2368=CARTESIAN_POINT('',(-0.000321805017006347,-0.00022204181410612,0.008301803728523));
#2369=CARTESIAN_POINT('',(-0.000171718618318148,-0.000351245999699496,0.00913513706186225));
#2370=CARTESIAN_POINT('',(-7.05432372836397E-5,-0.00038455778220644,0.009551803728523));
#2371=CARTESIAN_POINT('',(0.000126945028783415,-0.000369791827720908,0.0103851370618623));
#2372=CARTESIAN_POINT('',(0.00022204181410612,-0.000321805017006347,0.010801803728523));
#2373=CARTESIAN_POINT('',(0.000351245999699496,-0.000171718618318147,0.0116351370618623));
#2374=CARTESIAN_POINT('',(0.00038455778220644,-7.05432372836395E-5,0.012051803728523));
#2375=CARTESIAN_POINT('',(0.000369791827720908,0.000126945028783415,0.0128851370618623));
#2376=CARTESIAN_POINT('',(0.000321805017006347,0.00022204181410612,0.013301803728523));
#2377=CARTESIAN_POINT('',(0.000171718618318148,0.000351245999699496,0.0141351370618623));
#2378=CARTESIAN_POINT('',(7.05432372829174E-5,0.000384557782206663,0.014551803728526));
#2379=CARTESIAN_POINT('',(-2.82008957499083E-5,0.00037717480496395,0.0149684703951926));
#2380=CARTESIAN_POINT('',(3.56655755765329E-5,-0.000376538844078174,-2.31694224474728E-20));
#2381=CARTESIAN_POINT('',(-0.000153519642805362,-0.000472484877295087,0.));
#2382=CARTESIAN_POINT('',(-7.8626833400217E-5,-0.000496818970808528,0.));
#2383=CARTESIAN_POINT('',(1.28195090980324E-5,-0.000451898901497052,0.));
#2384=CARTESIAN_POINT('',(3.56655755765324E-5,-0.000376538844078174,0.));
#2385=CARTESIAN_POINT('',(4.98674390494571E-5,0.000374899158092998,-6.01891776291524E-5));
#2386=CARTESIAN_POINT('',(1.26203017159905E-5,0.000516884651588168,-6.01891776291518E-5));
#2387=CARTESIAN_POINT('',(-0.000126051620076745,0.000480506765452317,-9.17187824365291E-5));
#2388=CARTESIAN_POINT('',(4.26719654621084E-5,0.000375872745917152,-2.96162501503524E-5));
#2389=CARTESIAN_POINT('',(2.69726337909652E-6,0.000517149269791085,-2.96162501503517E-5));
#2390=CARTESIAN_POINT('',(-0.000135282234297277,0.000478107473164643,-6.11458549577291E-5));
#2391=CARTESIAN_POINT('',(3.5446249073516E-5,0.000376633078816907,9.56677328488472E-7));
#2392=CARTESIAN_POINT('',(-7.23550435463983E-6,0.000517119590976407,9.56677328489149E-7));
#2393=CARTESIAN_POINT('',(-0.000144443427132887,0.000475433918534332,-3.05729274788883E-5));
#2394=CARTESIAN_POINT('',(-7.05432372836392E-5,0.00038455778220644,0.000448196271477004));
#2395=CARTESIAN_POINT('',(-0.000152458078873446,0.000512296691278179,0.000448196271477004));
#2396=CARTESIAN_POINT('',(-0.000277215894426541,0.000432293528793185,0.000416666666669627));
#2397=CARTESIAN_POINT('',(-0.000171718618318147,0.000351245999699496,0.00086486293813775));
#2398=CARTESIAN_POINT('',(-0.000285070545025689,0.000452135101564906,0.00086486293813775));
#2399=CARTESIAN_POINT('',(-0.000383605157958491,0.000341428513669863,0.000833333333330373));
#2400=CARTESIAN_POINT('',(-0.000321805017006346,0.00022204181410612,0.001698196271477));
#2401=CARTESIAN_POINT('',(-0.000470052605800319,0.000254444322964144,0.001698196271477));
#2402=CARTESIAN_POINT('',(-0.000501698924474424,0.000109656446871022,0.00166666666666963));
#2403=CARTESIAN_POINT('',(-0.000369791827720908,0.000126945028783415,0.00211486293813775));
#2404=CARTESIAN_POINT('',(-0.000521283111833223,0.000118132480824804,0.00211486293813775));
#2405=CARTESIAN_POINT('',(-0.00051267622579699,-2.98233911841821E-5,0.00208333333333037));
#2406=CARTESIAN_POINT('',(-0.00038455778220644,-7.05432372836393E-5,0.00294819627147701));
#2407=CARTESIAN_POINT('',(-0.000512296691278178,-0.000152458078873446,0.00294819627147701));
#2408=CARTESIAN_POINT('',(-0.000432293528793184,-0.000277215894426541,0.00291666666666963));
#2409=CARTESIAN_POINT('',(-0.000351245999699496,-0.000171718618318147,0.00336486293813775));
#2410=CARTESIAN_POINT('',(-0.000452135101564906,-0.000285070545025688,0.00336486293813775));
#2411=CARTESIAN_POINT('',(-0.000341428513669863,-0.000383605157958491,0.00333333333333037));
#2412=CARTESIAN_POINT('',(-0.00022204181410612,-0.000321805017006346,0.004198196271477));
#2413=CARTESIAN_POINT('',(-0.000254444322964144,-0.000470052605800319,0.004198196271477));
#2414=CARTESIAN_POINT('',(-0.000109656446871021,-0.000501698924474424,0.00416666666666963));
#2415=CARTESIAN_POINT('',(-0.000126945028783415,-0.000369791827720908,0.00461486293813775));
#2416=CARTESIAN_POINT('',(-0.000118132480824804,-0.000521283111833223,0.00461486293813775));
#2417=CARTESIAN_POINT('',(2.98233911841821E-5,-0.00051267622579699,0.00458333333333037));
#2418=CARTESIAN_POINT('',(7.05432372836393E-5,-0.00038455778220644,0.00544819627147701));
#2419=CARTESIAN_POINT('',(0.000152458078873446,-0.000512296691278178,0.00544819627147701));
#2420=CARTESIAN_POINT('',(0.000277215894426541,-0.000432293528793184,0.00541666666666963));
#2421=CARTESIAN_POINT('',(0.000171718618318147,-0.000351245999699496,0.00586486293813775));
#2422=CARTESIAN_POINT('',(0.000285070545025688,-0.000452135101564906,0.00586486293813775));
#2423=CARTESIAN_POINT('',(0.000383605157958491,-0.000341428513669863,0.00583333333333037));
#2424=CARTESIAN_POINT('',(0.000321805017006346,-0.00022204181410612,0.006698196271477));
#2425=CARTESIAN_POINT('',(0.000470052605800319,-0.000254444322964144,0.00669819627147701));
#2426=CARTESIAN_POINT('',(0.000501698924474424,-0.000109656446871021,0.00666666666666963));
#2427=CARTESIAN_POINT('',(0.000369791827720908,-0.000126945028783415,0.00711486293813775));
#2428=CARTESIAN_POINT('',(0.000521283111833223,-0.000118132480824804,0.00711486293813775));
#2429=CARTESIAN_POINT('',(0.00051267622579699,2.9823391184182E-5,0.00708333333333037));
#2430=CARTESIAN_POINT('',(0.00038455778220644,7.05432372836392E-5,0.00794819627147701));
#2431=CARTESIAN_POINT('',(0.000512296691278178,0.000152458078873446,0.00794819627147701));
#2432=CARTESIAN_POINT('',(0.000432293528793184,0.000277215894426541,0.00791666666666963));
#2433=CARTESIAN_POINT('',(0.000351245999699496,0.000171718618318147,0.00836486293813775));
#2434=CARTESIAN_POINT('',(0.000452135101564906,0.000285070545025688,0.00836486293813775));
#2435=CARTESIAN_POINT('',(0.000341428513669863,0.000383605157958491,0.00833333333333038));
#2436=CARTESIAN_POINT('',(0.000222041814106121,0.000321805017006346,0.009198196271477));
#2437=CARTESIAN_POINT('',(0.000254444322964144,0.000470052605800319,0.009198196271477));
#2438=CARTESIAN_POINT('',(0.000109656446871022,0.000501698924474424,0.00916666666666963));
#2439=CARTESIAN_POINT('',(0.000126945028783416,0.000369791827720908,0.00961486293813775));
#2440=CARTESIAN_POINT('',(0.000118132480824805,0.000521283111833223,0.00961486293813775));
#2441=CARTESIAN_POINT('',(-2.98233911841819E-5,0.00051267622579699,0.00958333333333037));
#2442=CARTESIAN_POINT('',(2.34462332195192E-5,0.00037753030522663,0.0100515926640171));
#2443=CARTESIAN_POINT('',(-2.36774483292674E-5,0.000516573547450487,0.0100515926640171));
#2444=CARTESIAN_POINT('',(-0.000159475783334041,0.000470549609923788,0.0100200630592098));
#2445=CARTESIAN_POINT('',(1.86859337148518E-5,0.000377791452583301,0.0100716557232269));
#2446=CARTESIAN_POINT('',(-3.01858773918321E-5,0.000516228123326917,0.0100716557232269));
#2447=CARTESIAN_POINT('',(-0.000165391796715263,0.000468496853034251,0.0100401261184195));
#2448=CARTESIAN_POINT('',(1.39231860965462E-5,0.000377959296959389,0.0100917187824366));
#2449=CARTESIAN_POINT('',(-3.66839065126446E-5,0.000515755525366895,0.0100917187824366));
#2450=CARTESIAN_POINT('',(-0.000171264329756444,0.000466329470523495,0.0100601891776292));
#2451=CARTESIAN_POINT('',(-0.000153519642805362,0.000472484877295087,0.));
#2452=CARTESIAN_POINT('',(-7.86211515568027E-5,0.00049682081694716,0.));
#2453=CARTESIAN_POINT('',(1.28178209710989E-5,0.000451904469954229,0.));
#2454=CARTESIAN_POINT('',(3.56655755765336E-5,0.000376538844078174,0.));
#2455=CARTESIAN_POINT('',(3.56655755765336E-5,0.000376538844078174,-1.19947517512379E-18));
#2456=CARTESIAN_POINT('',(-2.82008957499086E-5,-0.00037717480496395,-0.00496847039519263));
#2457=CARTESIAN_POINT('',(7.05432372829171E-5,-0.000384557782206663,-0.00455180372852596));
#2458=CARTESIAN_POINT('',(0.000171718618318147,-0.000351245999699496,-0.00413513706186225));
#2459=CARTESIAN_POINT('',(0.000321805017006346,-0.00022204181410612,-0.003301803728523));
#2460=CARTESIAN_POINT('',(0.000369791827720908,-0.000126945028783415,-0.00288513706186225));
#2461=CARTESIAN_POINT('',(0.00038455778220644,7.05432372836393E-5,-0.002051803728523));
#2462=CARTESIAN_POINT('',(0.000351245999699496,0.000171718618318147,-0.00163513706186225));
#2463=CARTESIAN_POINT('',(0.00022204181410612,0.000321805017006346,-0.000801803728522996));
#2464=CARTESIAN_POINT('',(0.000126945028783415,0.000369791827720908,-0.00038513706186225));
#2465=CARTESIAN_POINT('',(-7.05432372836392E-5,0.00038455778220644,0.000448196271477004));
#2466=CARTESIAN_POINT('',(-0.000171718618318147,0.000351245999699496,0.00086486293813775));
#2467=CARTESIAN_POINT('',(-0.000321805017006346,0.00022204181410612,0.001698196271477));
#2468=CARTESIAN_POINT('',(-0.000369791827720908,0.000126945028783415,0.00211486293813775));
#2469=CARTESIAN_POINT('',(-0.00038455778220644,-7.05432372836393E-5,0.00294819627147701));
#2470=CARTESIAN_POINT('',(-0.000351245999699496,-0.000171718618318147,0.00336486293813775));
#2471=CARTESIAN_POINT('',(-0.00022204181410612,-0.000321805017006346,0.004198196271477));
#2472=CARTESIAN_POINT('',(-0.000126945028783415,-0.000369791827720908,0.00461486293813775));
#2473=CARTESIAN_POINT('',(7.05432372836393E-5,-0.00038455778220644,0.00544819627147701));
#2474=CARTESIAN_POINT('',(0.000171718618318147,-0.000351245999699496,0.00586486293813775));
#2475=CARTESIAN_POINT('',(0.000321805017006346,-0.00022204181410612,0.006698196271477));
#2476=CARTESIAN_POINT('',(0.000369791827720908,-0.000126945028783415,0.00711486293813775));
#2477=CARTESIAN_POINT('',(0.00038455778220644,7.05432372836392E-5,0.00794819627147701));
#2478=CARTESIAN_POINT('',(0.000351245999699496,0.000171718618318147,0.00836486293813775));
#2479=CARTESIAN_POINT('',(0.000222041814106121,0.000321805017006346,0.009198196271477));
#2480=CARTESIAN_POINT('',(0.000126945028783416,0.000369791827720908,0.00961486293813775));
#2481=CARTESIAN_POINT('',(-7.05432372836393E-5,0.00038455778220644,0.010448196271477));
#2482=CARTESIAN_POINT('',(-0.000171718618318147,0.000351245999699496,0.0108648629381377));
#2483=CARTESIAN_POINT('',(-0.000321805017006347,0.00022204181410612,0.011698196271477));
#2484=CARTESIAN_POINT('',(-0.000369791827720908,0.000126945028783415,0.0121148629381378));
#2485=CARTESIAN_POINT('',(-0.00038455778220644,-7.05432372836391E-5,0.012948196271477));
#2486=CARTESIAN_POINT('',(-0.000351245999699496,-0.000171718618318147,0.0133648629381377));
#2487=CARTESIAN_POINT('',(-0.000222041814106121,-0.000321805017006346,0.014198196271477));
#2488=CARTESIAN_POINT('',(-0.000126945028782734,-0.000369791827721236,0.0146148629381407));
#2489=CARTESIAN_POINT('',(-2.82008957499087E-5,-0.00037717480496395,0.0150315296048074));
#2490=CARTESIAN_POINT('',(3.56655755765332E-5,0.000376538844078174,0.01));
#2491=CARTESIAN_POINT('',(-0.000153519642805362,0.000472484877295087,0.01));
#2492=CARTESIAN_POINT('',(-7.86211515568028E-5,0.00049682081694716,0.01));
#2493=CARTESIAN_POINT('',(1.28178209710584E-5,0.000451904469954218,0.01));
#2494=CARTESIAN_POINT('',(3.56655755765331E-5,0.000376538844078174,0.01));
#2495=CARTESIAN_POINT('',(1.39231860965461E-5,-0.000377959296959389,-9.17187824365877E-5));
#2496=CARTESIAN_POINT('',(6.4530278705737E-5,-0.000240163068551883,-9.17187824365874E-5));
#2497=CARTESIAN_POINT('',(-7.00501445380626E-5,-0.000190737013708483,-6.01891776292111E-5));
#2498=CARTESIAN_POINT('',(1.86859337148515E-5,-0.000377791452583301,-7.16557232268699E-5));
#2499=CARTESIAN_POINT('',(6.75577448215355E-5,-0.000239354781839686,-7.16557232268696E-5));
#2500=CARTESIAN_POINT('',(-6.76481745018949E-5,-0.000191623511547021,-4.01261184194932E-5));
#2501=CARTESIAN_POINT('',(2.34462332195189E-5,-0.00037753030522663,-5.15926640171334E-5));
#2502=CARTESIAN_POINT('',(7.05699147683057E-5,-0.000238487063002773,-5.15926640171331E-5));
#2503=CARTESIAN_POINT('',(-6.52284202364678E-5,-0.000192463125476074,-2.00630592097567E-5));
#2504=CARTESIAN_POINT('',(0.000126945028783415,-0.000369791827720908,0.00038513706186225));
#2505=CARTESIAN_POINT('',(0.000135757576742026,-0.000218300543608593,0.000385137061862251));
#2506=CARTESIAN_POINT('',(-1.21982952669603E-5,-0.00020969365757236,0.000416666666669627));
#2507=CARTESIAN_POINT('',(0.00022204181410612,-0.000321805017006347,0.000801803728522997));
#2508=CARTESIAN_POINT('',(0.000189639305248097,-0.000173557428212374,0.000801803728522996));
#2509=CARTESIAN_POINT('',(4.4851429154975E-5,-0.000205203746886479,0.000833333333330373));
#2510=CARTESIAN_POINT('',(0.000351245999699496,-0.000171718618318147,0.00163513706186225));
#2511=CARTESIAN_POINT('',(0.000250356897834086,-5.83666916106059E-5,0.00163513706186225));
#2512=CARTESIAN_POINT('',(0.000139650309939042,-0.000156901304543409,0.00166666666666963));
#2513=CARTESIAN_POINT('',(0.00038455778220644,-7.05432372836395E-5,0.002051803728523));
#2514=CARTESIAN_POINT('',(0.000256818873134702,1.13716043061678E-5,0.002051803728523));
#2515=CARTESIAN_POINT('',(0.000176815710649708,-0.000113386211246927,0.00208333333333037));
#2516=CARTESIAN_POINT('',(0.000369791827720908,0.000126945028783415,0.00288513706186225));
#2517=CARTESIAN_POINT('',(0.000218300543608593,0.000135757576742026,0.00288513706186225));
#2518=CARTESIAN_POINT('',(0.00020969365757236,-1.21982952669603E-5,0.00291666666666963));
#2519=CARTESIAN_POINT('',(0.000321805017006347,0.00022204181410612,0.003301803728523));
#2520=CARTESIAN_POINT('',(0.000173557428212374,0.000189639305248097,0.003301803728523));
#2521=CARTESIAN_POINT('',(0.000205203746886479,4.48514291549749E-5,0.00333333333333037));
#2522=CARTESIAN_POINT('',(0.000171718618318147,0.000351245999699496,0.00413513706186225));
#2523=CARTESIAN_POINT('',(5.83666916106058E-5,0.000250356897834086,0.00413513706186225));
#2524=CARTESIAN_POINT('',(0.000156901304543409,0.000139650309939042,0.00416666666666963));
#2525=CARTESIAN_POINT('',(7.05432372836396E-5,0.00038455778220644,0.004551803728523));
#2526=CARTESIAN_POINT('',(-1.13716043061678E-5,0.000256818873134702,0.004551803728523));
#2527=CARTESIAN_POINT('',(0.000113386211246927,0.000176815710649708,0.00458333333333037));
#2528=CARTESIAN_POINT('',(-0.000126945028783415,0.000369791827720908,0.00538513706186225));
#2529=CARTESIAN_POINT('',(-0.000135757576742026,0.000218300543608593,0.00538513706186225));
#2530=CARTESIAN_POINT('',(1.21982952669603E-5,0.00020969365757236,0.00541666666666963));
#2531=CARTESIAN_POINT('',(-0.00022204181410612,0.000321805017006347,0.005801803728523));
#2532=CARTESIAN_POINT('',(-0.000189639305248097,0.000173557428212374,0.005801803728523));
#2533=CARTESIAN_POINT('',(-4.48514291549749E-5,0.000205203746886479,0.00583333333333037));
#2534=CARTESIAN_POINT('',(-0.000351245999699496,0.000171718618318147,0.00663513706186225));
#2535=CARTESIAN_POINT('',(-0.000250356897834086,5.83666916106058E-5,0.00663513706186225));
#2536=CARTESIAN_POINT('',(-0.000139650309939042,0.000156901304543409,0.00666666666666963));
#2537=CARTESIAN_POINT('',(-0.00038455778220644,7.05432372836396E-5,0.007051803728523));
#2538=CARTESIAN_POINT('',(-0.000256818873134702,-1.13716043061677E-5,0.007051803728523));
#2539=CARTESIAN_POINT('',(-0.000176815710649708,0.000113386211246927,0.00708333333333037));
#2540=CARTESIAN_POINT('',(-0.000369791827720908,-0.000126945028783415,0.00788513706186225));
#2541=CARTESIAN_POINT('',(-0.000218300543608593,-0.000135757576742026,0.00788513706186225));
#2542=CARTESIAN_POINT('',(-0.00020969365757236,1.21982952669604E-5,0.00791666666666963));
#2543=CARTESIAN_POINT('',(-0.000321805017006347,-0.00022204181410612,0.008301803728523));
#2544=CARTESIAN_POINT('',(-0.000173557428212374,-0.000189639305248097,0.008301803728523));
#2545=CARTESIAN_POINT('',(-0.000205203746886479,-4.48514291549747E-5,0.00833333333333038));
#2546=CARTESIAN_POINT('',(-0.000171718618318148,-0.000351245999699496,0.00913513706186225));
#2547=CARTESIAN_POINT('',(-5.83666916106061E-5,-0.000250356897834086,0.00913513706186225));
#2548=CARTESIAN_POINT('',(-0.000156901304543409,-0.000139650309939042,0.00916666666666963));
#2549=CARTESIAN_POINT('',(-7.05432372836397E-5,-0.00038455778220644,0.009551803728523));
#2550=CARTESIAN_POINT('',(1.13716043061677E-5,-0.000256818873134702,0.009551803728523));
#2551=CARTESIAN_POINT('',(-0.000113386211246927,-0.000176815710649708,0.00958333333333037));
#2552=CARTESIAN_POINT('',(3.54462490735156E-5,-0.000376633078816907,0.00999904332267151));
#2553=CARTESIAN_POINT('',(7.81280025016715E-5,-0.000236146566657406,0.00999904332267151));
#2554=CARTESIAN_POINT('',(-5.90799202765755E-5,-0.000194460894215331,0.0100305729274789));
#2555=CARTESIAN_POINT('',(4.2671965462108E-5,-0.000375872745917152,0.0100296162501504));
#2556=CARTESIAN_POINT('',(8.26466675451201E-5,-0.00023459622204322,0.0100296162501504));
#2557=CARTESIAN_POINT('',(-5.53328301312538E-5,-0.000195554425416778,0.0100611458549577));
#2558=CARTESIAN_POINT('',(4.98674390494566E-5,-0.000374899158092998,0.0100601891776292));
#2559=CARTESIAN_POINT('',(8.71145763829235E-5,-0.000232913664597829,0.0100601891776292));
#2560=CARTESIAN_POINT('',(-5.15573454098123E-5,-0.000196535778461978,0.0100917187824365));
#2561=CARTESIAN_POINT('',(3.56655755765324E-5,-0.000376538844078174,0.));
#2562=CARTESIAN_POINT('',(5.79530617880149E-5,-0.000303020825101183,0.));
#2563=CARTESIAN_POINT('',(1.02698632749264E-5,-0.000216994066660124,0.));
#2564=CARTESIAN_POINT('',(-6.27922532569439E-5,-0.000193254684111034,0.));
#2565=CARTESIAN_POINT('',(3.56655755765324E-5,-0.000376538844078174,0.01));
#2566=CARTESIAN_POINT('',(5.79530617879562E-5,-0.000303020825101163,0.01));
#2567=CARTESIAN_POINT('',(1.02698632749226E-5,-0.000216994066660132,0.01));
#2568=CARTESIAN_POINT('',(-6.27922532569439E-5,-0.000193254684111033,0.01));
#2569=CARTESIAN_POINT('',(-5.15573454098122E-5,0.000196535778461979,-9.17187824365283E-5));
#2570=CARTESIAN_POINT('',(8.71145763829236E-5,0.000232913664597829,-6.01891776291509E-5));
#2571=CARTESIAN_POINT('',(4.98674390494569E-5,0.000374899158092998,-6.01891776291516E-5));
#2572=CARTESIAN_POINT('',(-5.53328301312536E-5,0.000195554425416779,-6.11458549577285E-5));
#2573=CARTESIAN_POINT('',(8.26466675451203E-5,0.00023459622204322,-2.96162501503511E-5));
#2574=CARTESIAN_POINT('',(4.26719654621083E-5,0.000375872745917152,-2.96162501503518E-5));
#2575=CARTESIAN_POINT('',(-5.90799202765753E-5,0.000194460894215331,-3.05729274788879E-5));
#2576=CARTESIAN_POINT('',(7.81280025016717E-5,0.000236146566657406,9.56677328489417E-7));
#2577=CARTESIAN_POINT('',(3.54462490735159E-5,0.000376633078816907,9.56677328488743E-7));
#2578=CARTESIAN_POINT('',(-0.000113386211246927,0.000176815710649708,0.000416666666669627));
#2579=CARTESIAN_POINT('',(1.13716043061679E-5,0.000256818873134702,0.000448196271477004));
#2580=CARTESIAN_POINT('',(-7.05432372836392E-5,0.00038455778220644,0.000448196271477004));
#2581=CARTESIAN_POINT('',(-0.000156901304543409,0.000139650309939042,0.000833333333330373));
#2582=CARTESIAN_POINT('',(-5.83666916106058E-5,0.000250356897834086,0.00086486293813775));
#2583=CARTESIAN_POINT('',(-0.000171718618318147,0.000351245999699496,0.00086486293813775));
#2584=CARTESIAN_POINT('',(-0.000205203746886479,4.4851429154975E-5,0.00166666666666963));
#2585=CARTESIAN_POINT('',(-0.000173557428212374,0.000189639305248097,0.001698196271477));
#2586=CARTESIAN_POINT('',(-0.000321805017006346,0.00022204181410612,0.001698196271477));
#2587=CARTESIAN_POINT('',(-0.00020969365757236,-1.21982952669601E-5,0.00208333333333037));
#2588=CARTESIAN_POINT('',(-0.000218300543608593,0.000135757576742026,0.00211486293813775));
#2589=CARTESIAN_POINT('',(-0.000369791827720908,0.000126945028783415,0.00211486293813775));
#2590=CARTESIAN_POINT('',(-0.000176815710649708,-0.000113386211246927,0.00291666666666963));
#2591=CARTESIAN_POINT('',(-0.000256818873134702,1.13716043061679E-5,0.00294819627147701));
#2592=CARTESIAN_POINT('',(-0.00038455778220644,-7.05432372836393E-5,0.00294819627147701));
#2593=CARTESIAN_POINT('',(-0.000139650309939042,-0.000156901304543409,0.00333333333333037));
#2594=CARTESIAN_POINT('',(-0.000250356897834086,-5.83666916106057E-5,0.00336486293813775));
#2595=CARTESIAN_POINT('',(-0.000351245999699496,-0.000171718618318147,0.00336486293813775));
#2596=CARTESIAN_POINT('',(-4.4851429154975E-5,-0.000205203746886479,0.00416666666666963));
#2597=CARTESIAN_POINT('',(-0.000189639305248097,-0.000173557428212374,0.004198196271477));
#2598=CARTESIAN_POINT('',(-0.00022204181410612,-0.000321805017006346,0.004198196271477));
#2599=CARTESIAN_POINT('',(1.21982952669601E-5,-0.00020969365757236,0.00458333333333037));
#2600=CARTESIAN_POINT('',(-0.000135757576742026,-0.000218300543608593,0.00461486293813775));
#2601=CARTESIAN_POINT('',(-0.000126945028783415,-0.000369791827720908,0.00461486293813775));
#2602=CARTESIAN_POINT('',(0.000113386211246927,-0.000176815710649708,0.00541666666666963));
#2603=CARTESIAN_POINT('',(-1.1371604306168E-5,-0.000256818873134702,0.00544819627147701));
#2604=CARTESIAN_POINT('',(7.05432372836393E-5,-0.00038455778220644,0.00544819627147701));
#2605=CARTESIAN_POINT('',(0.000156901304543409,-0.000139650309939042,0.00583333333333037));
#2606=CARTESIAN_POINT('',(5.83666916106057E-5,-0.000250356897834086,0.00586486293813775));
#2607=CARTESIAN_POINT('',(0.000171718618318147,-0.000351245999699496,0.00586486293813775));
#2608=CARTESIAN_POINT('',(0.000205203746886479,-4.4851429154975E-5,0.00666666666666963));
#2609=CARTESIAN_POINT('',(0.000173557428212374,-0.000189639305248097,0.00669819627147701));
#2610=CARTESIAN_POINT('',(0.000321805017006346,-0.00022204181410612,0.006698196271477));
#2611=CARTESIAN_POINT('',(0.00020969365757236,1.21982952669601E-5,0.00708333333333037));
#2612=CARTESIAN_POINT('',(0.000218300543608593,-0.000135757576742026,0.00711486293813775));
#2613=CARTESIAN_POINT('',(0.000369791827720908,-0.000126945028783415,0.00711486293813775));
#2614=CARTESIAN_POINT('',(0.000176815710649708,0.000113386211246927,0.00791666666666963));
#2615=CARTESIAN_POINT('',(0.000256818873134702,-1.1371604306168E-5,0.00794819627147701));
#2616=CARTESIAN_POINT('',(0.00038455778220644,7.05432372836392E-5,0.00794819627147701));
#2617=CARTESIAN_POINT('',(0.000139650309939042,0.000156901304543409,0.00833333333333038));
#2618=CARTESIAN_POINT('',(0.000250356897834086,5.83666916106055E-5,0.00836486293813775));
#2619=CARTESIAN_POINT('',(0.000351245999699496,0.000171718618318147,0.00836486293813775));
#2620=CARTESIAN_POINT('',(4.48514291549752E-5,0.000205203746886479,0.00916666666666963));
#2621=CARTESIAN_POINT('',(0.000189639305248097,0.000173557428212374,0.009198196271477));
#2622=CARTESIAN_POINT('',(0.000222041814106121,0.000321805017006346,0.009198196271477));
#2623=CARTESIAN_POINT('',(-1.219829526696E-5,0.00020969365757236,0.00958333333333037));
#2624=CARTESIAN_POINT('',(0.000135757576742026,0.000218300543608593,0.00961486293813775));
#2625=CARTESIAN_POINT('',(0.000126945028783416,0.000369791827720908,0.00961486293813775));
#2626=CARTESIAN_POINT('',(-6.52284202364675E-5,0.000192463125476074,0.0100200630592098));
#2627=CARTESIAN_POINT('',(7.05699147683059E-5,0.000238487063002773,0.0100515926640171));
#2628=CARTESIAN_POINT('',(2.34462332195193E-5,0.00037753030522663,0.0100515926640171));
#2629=CARTESIAN_POINT('',(-6.76481745018946E-5,0.000191623511547021,0.0100401261184195));
#2630=CARTESIAN_POINT('',(6.75577448215358E-5,0.000239354781839686,0.0100716557232269));
#2631=CARTESIAN_POINT('',(1.86859337148521E-5,0.000377791452583301,0.0100716557232269));
#2632=CARTESIAN_POINT('',(-7.00501445380622E-5,0.000190737013708483,0.0100601891776292));
#2633=CARTESIAN_POINT('',(6.45302787057374E-5,0.000240163068551883,0.0100917187824366));
#2634=CARTESIAN_POINT('',(1.39231860965468E-5,0.000377959296959389,0.0100917187824366));
#2635=CARTESIAN_POINT('',(3.56655755765332E-5,0.000376538844078174,0.01));
#2636=CARTESIAN_POINT('',(5.79549227672663E-5,0.000303014686431898,0.01));
#2637=CARTESIAN_POINT('',(1.02760276512062E-5,0.000216996069592619,0.01));
#2638=CARTESIAN_POINT('',(-6.27922532569432E-5,0.000193254684111034,0.01));
#2639=CARTESIAN_POINT('',(3.56655755765336E-5,0.000376538844078174,0.));
#2640=CARTESIAN_POINT('',(5.79549227672426E-5,0.000303014686431891,0.));
#2641=CARTESIAN_POINT('',(1.02760276512077E-5,0.000216996069592613,0.));
#2642=CARTESIAN_POINT('',(-6.27922532569435E-5,0.000193254684111034,0.));
#2643=CARTESIAN_POINT('',(0.000157231600749169,-0.000128696137499214,-9.17187824365283E-5));
#2644=CARTESIAN_POINT('',(6.64260443564396E-5,-0.000239635776139379,-6.01891776291509E-5));
#2645=CARTESIAN_POINT('',(0.000180016590566961,-0.00033261113531696,-6.01891776291516E-5));
#2646=CARTESIAN_POINT('',(0.000159709207203557,-0.000125683031968646,-6.11458549577285E-5));
#2647=CARTESIAN_POINT('',(7.10296409880764E-5,-0.000238370822783264,-2.96162501503511E-5));
#2648=CARTESIAN_POINT('',(0.000186410111546552,-0.000329169391154314,-2.96162501503518E-5));
#2649=CARTESIAN_POINT('',(0.000162097905297445,-0.000122595862316365,-3.05729274788879E-5));
#2650=CARTESIAN_POINT('',(7.55965875003039E-5,-0.00023696907325069,9.56677328489417E-7));
#2651=CARTESIAN_POINT('',(0.000192702751366765,-0.000325537343861135,9.56677328488743E-7));
#2652=CARTESIAN_POINT('',(0.000195661038920063,-7.6400172003835E-5,0.000416666666669627));
#2653=CARTESIAN_POINT('',(0.000141754525001952,-0.000214454894148269,0.000448196271477004));
#2654=CARTESIAN_POINT('',(0.000283108070835935,-0.000269649506599858,0.000448196271477004));
#2655=CARTESIAN_POINT('',(0.000209020214475459,-2.0755201134348E-5,0.000833333333330373));
#2656=CARTESIAN_POINT('',(0.000194375737774991,-0.000168235904452951,0.00086486293813775));
#2657=CARTESIAN_POINT('',(0.000345380499020056,-0.000183230311571663,0.00086486293813775));
#2658=CARTESIAN_POINT('',(0.000192376327142112,8.43301677266513E-5,0.00166666666666963));
#2659=CARTESIAN_POINT('',(0.000251878095803643,-5.14069240181255E-5,0.001698196271477));
#2660=CARTESIAN_POINT('',(0.000390858631357098,9.51664203636463E-6,0.001698196271477));
#2661=CARTESIAN_POINT('',(0.000162475754527652,0.000133123467593675,0.00208333333333037));
#2662=CARTESIAN_POINT('',(0.000256405151156568,1.84836534011004E-5,0.00211486293813775));
#2663=CARTESIAN_POINT('',(0.000373784288777922,0.000114657497115429,0.00211486293813775));
#2664=CARTESIAN_POINT('',(7.6400172003835E-5,0.000195661038920063,0.00291666666666963));
#2665=CARTESIAN_POINT('',(0.000214454894148269,0.000141754525001952,0.00294819627147701));
#2666=CARTESIAN_POINT('',(0.000269649506599858,0.000283108070835935,0.00294819627147701));
#2667=CARTESIAN_POINT('',(2.0755201134348E-5,0.000209020214475459,0.00333333333333037));
#2668=CARTESIAN_POINT('',(0.000168235904452951,0.000194375737774991,0.00336486293813775));
#2669=CARTESIAN_POINT('',(0.000183230311571663,0.000345380499020056,0.00336486293813775));
#2670=CARTESIAN_POINT('',(-8.43301677266513E-5,0.000192376327142112,0.00416666666666963));
#2671=CARTESIAN_POINT('',(5.14069240181256E-5,0.000251878095803643,0.004198196271477));
#2672=CARTESIAN_POINT('',(-9.51664203636461E-6,0.000390858631357098,0.004198196271477));
#2673=CARTESIAN_POINT('',(-0.000133123467593675,0.000162475754527652,0.00458333333333037));
#2674=CARTESIAN_POINT('',(-1.84836534011004E-5,0.000256405151156568,0.00461486293813775));
#2675=CARTESIAN_POINT('',(-0.000114657497115429,0.000373784288777922,0.00461486293813775));
#2676=CARTESIAN_POINT('',(-0.000195661038920063,7.6400172003835E-5,0.00541666666666963));
#2677=CARTESIAN_POINT('',(-0.000141754525001952,0.000214454894148269,0.00544819627147701));
#2678=CARTESIAN_POINT('',(-0.000283108070835935,0.000269649506599858,0.00544819627147701));
#2679=CARTESIAN_POINT('',(-0.000209020214475459,2.07552011343481E-5,0.00583333333333037));
#2680=CARTESIAN_POINT('',(-0.000194375737774991,0.000168235904452951,0.00586486293813775));
#2681=CARTESIAN_POINT('',(-0.000345380499020056,0.000183230311571663,0.00586486293813775));
#2682=CARTESIAN_POINT('',(-0.000192376327142112,-8.43301677266513E-5,0.00666666666666963));
#2683=CARTESIAN_POINT('',(-0.000251878095803643,5.14069240181256E-5,0.00669819627147701));
#2684=CARTESIAN_POINT('',(-0.000390858631357098,-9.51664203636461E-6,0.006698196271477));
#2685=CARTESIAN_POINT('',(-0.000162475754527652,-0.000133123467593675,0.00708333333333037));
#2686=CARTESIAN_POINT('',(-0.000256405151156568,-1.84836534011004E-5,0.00711486293813775));
#2687=CARTESIAN_POINT('',(-0.000373784288777922,-0.000114657497115429,0.00711486293813775));
#2688=CARTESIAN_POINT('',(-7.6400172003835E-5,-0.000195661038920063,0.00791666666666963));
#2689=CARTESIAN_POINT('',(-0.000214454894148269,-0.000141754525001952,0.00794819627147701));
#2690=CARTESIAN_POINT('',(-0.000269649506599858,-0.000283108070835935,0.00794819627147701));
#2691=CARTESIAN_POINT('',(-2.07552011343482E-5,-0.000209020214475459,0.00833333333333038));
#2692=CARTESIAN_POINT('',(-0.000168235904452951,-0.00019437573777499,0.00836486293813775));
#2693=CARTESIAN_POINT('',(-0.000183230311571663,-0.000345380499020056,0.00836486293813775));
#2694=CARTESIAN_POINT('',(8.43301677266512E-5,-0.000192376327142112,0.00916666666666963));
#2695=CARTESIAN_POINT('',(-5.14069240181257E-5,-0.000251878095803643,0.009198196271477));
#2696=CARTESIAN_POINT('',(9.51664203636434E-6,-0.000390858631357098,0.009198196271477));
#2697=CARTESIAN_POINT('',(0.000133123467593675,-0.000162475754527652,0.00958333333333037));
#2698=CARTESIAN_POINT('',(1.84836534011002E-5,-0.000256405151156568,0.00961486293813775));
#2699=CARTESIAN_POINT('',(0.000114657497115429,-0.000373784288777922,0.00961486293813775));
#2700=CARTESIAN_POINT('',(0.000165897887252485,-0.000117365635855331,0.0100200630592098));
#2701=CARTESIAN_POINT('',(8.30869181564247E-5,-0.000234420042064159,0.0100515926640171));
#2702=CARTESIAN_POINT('',(0.000202938344577019,-0.000319209782928148,0.0100515926640171));
#2703=CARTESIAN_POINT('',(0.00016736199689031,-0.000115264078046622,0.0100401261184195));
#2704=CARTESIAN_POINT('',(8.60338471687811E-5,-0.000233351532277451,0.0100716557232269));
#2705=CARTESIAN_POINT('',(0.000206943006339537,-0.000316623021732393,0.0100716557232269));
#2706=CARTESIAN_POINT('',(0.000168784161113867,-0.000113135043666061,0.0100601891776292));
#2707=CARTESIAN_POINT('',(8.89582177154095E-5,-0.000232225950029264,0.0100917187824366));
#2708=CARTESIAN_POINT('',(0.000210894806551609,-0.000313959337874627,0.0100917187824366));
#2709=CARTESIAN_POINT('',(-0.000164392253256989,0.000119437963265831,-0.005));
#2710=CARTESIAN_POINT('',(-0.000195661038919961,7.6400172004228E-5,-0.00458333333333333));
#2711=CARTESIAN_POINT('',(-0.000209020214475459,2.0755201134348E-5,-0.00416666666666963));
#2712=CARTESIAN_POINT('',(-0.000192376327142112,-8.43301677266513E-5,-0.00333333333333037));
#2713=CARTESIAN_POINT('',(-0.000162475754527652,-0.000133123467593675,-0.00291666666666963));
#2714=CARTESIAN_POINT('',(-7.6400172003835E-5,-0.000195661038920063,-0.00208333333333037));
#2715=CARTESIAN_POINT('',(-2.0755201134348E-5,-0.000209020214475459,-0.00166666666666963));
#2716=CARTESIAN_POINT('',(8.43301677266513E-5,-0.000192376327142112,-0.000833333333330373));
#2717=CARTESIAN_POINT('',(0.000133123467593675,-0.000162475754527652,-0.000416666666669626));
#2718=CARTESIAN_POINT('',(0.000195661038920063,-7.6400172003835E-5,0.000416666666669627));
#2719=CARTESIAN_POINT('',(0.000209020214475459,-2.0755201134348E-5,0.000833333333330373));
#2720=CARTESIAN_POINT('',(0.000192376327142112,8.43301677266513E-5,0.00166666666666963));
#2721=CARTESIAN_POINT('',(0.000162475754527652,0.000133123467593675,0.00208333333333037));
#2722=CARTESIAN_POINT('',(7.6400172003835E-5,0.000195661038920063,0.00291666666666963));
#2723=CARTESIAN_POINT('',(2.0755201134348E-5,0.000209020214475459,0.00333333333333037));
#2724=CARTESIAN_POINT('',(-8.43301677266513E-5,0.000192376327142112,0.00416666666666963));
#2725=CARTESIAN_POINT('',(-0.000133123467593675,0.000162475754527652,0.00458333333333037));
#2726=CARTESIAN_POINT('',(-0.000195661038920063,7.6400172003835E-5,0.00541666666666963));
#2727=CARTESIAN_POINT('',(-0.000209020214475459,2.07552011343481E-5,0.00583333333333037));
#2728=CARTESIAN_POINT('',(-0.000192376327142112,-8.43301677266513E-5,0.00666666666666963));
#2729=CARTESIAN_POINT('',(-0.000162475754527652,-0.000133123467593675,0.00708333333333037));
#2730=CARTESIAN_POINT('',(-7.6400172003835E-5,-0.000195661038920063,0.00791666666666963));
#2731=CARTESIAN_POINT('',(-2.07552011343482E-5,-0.000209020214475459,0.00833333333333038));
#2732=CARTESIAN_POINT('',(8.43301677266512E-5,-0.000192376327142112,0.00916666666666963));
#2733=CARTESIAN_POINT('',(0.000133123467593675,-0.000162475754527652,0.00958333333333037));
#2734=CARTESIAN_POINT('',(0.000195661038920063,-7.6400172003835E-5,0.0104166666666696));
#2735=CARTESIAN_POINT('',(0.000209020214475459,-2.0755201134348E-5,0.0108333333333304));
#2736=CARTESIAN_POINT('',(0.000192376327142112,8.43301677266514E-5,0.0116666666666696));
#2737=CARTESIAN_POINT('',(0.000162475754527652,0.000133123467593675,0.0120833333333304));
#2738=CARTESIAN_POINT('',(7.64001720038351E-5,0.000195661038920063,0.0129166666666696));
#2739=CARTESIAN_POINT('',(2.07552011343482E-5,0.000209020214475459,0.0133333333333304));
#2740=CARTESIAN_POINT('',(-8.43301677266512E-5,0.000192376327142112,0.0141666666666696));
#2741=CARTESIAN_POINT('',(-0.000133123467594017,0.000162475754527433,0.0145833333333333));
#2742=CARTESIAN_POINT('',(-0.000164392253256989,0.000119437963265831,0.015));
#2743=CARTESIAN_POINT('',(0.000164392253256869,-0.000119437963265743,4.17208756564796E-19));
#2744=CARTESIAN_POINT('',(0.000164392253256869,-0.000119437963265743,0.01));
#2745=CARTESIAN_POINT('',(0.000192469922708827,-0.00032559002323995,0.01));
#2746=CARTESIAN_POINT('',(0.000131226160269399,-0.000279212952200573,0.01));
#2747=CARTESIAN_POINT('',(0.000119237418298478,-0.000181588361782638,0.01));
#2748=CARTESIAN_POINT('',(0.000164392253256868,-0.000119437963265745,0.01));
#2749=CARTESIAN_POINT('',(0.000192469922708826,-0.00032559002323995,0.01));
#2750=CARTESIAN_POINT('',(-0.000198882783975827,0.000321716897689125,-0.00496847039519263));
#2751=CARTESIAN_POINT('',(-0.000283108070835482,0.000269649506600463,-0.00455180372852596));
#2752=CARTESIAN_POINT('',(-0.000345380499020056,0.000183230311571663,-0.00413513706186225));
#2753=CARTESIAN_POINT('',(-0.000390858631357098,-9.51664203636461E-6,-0.003301803728523));
#2754=CARTESIAN_POINT('',(-0.000373784288777922,-0.000114657497115429,-0.00288513706186225));
#2755=CARTESIAN_POINT('',(-0.000269649506599858,-0.000283108070835935,-0.002051803728523));
#2756=CARTESIAN_POINT('',(-0.000183230311571663,-0.000345380499020056,-0.00163513706186225));
#2757=CARTESIAN_POINT('',(9.51664203636463E-6,-0.000390858631357098,-0.000801803728522996));
#2758=CARTESIAN_POINT('',(0.000114657497115429,-0.000373784288777922,-0.00038513706186225));
#2759=CARTESIAN_POINT('',(0.000283108070835935,-0.000269649506599858,0.000448196271477004));
#2760=CARTESIAN_POINT('',(0.000345380499020056,-0.000183230311571663,0.00086486293813775));
#2761=CARTESIAN_POINT('',(0.000390858631357098,9.51664203636463E-6,0.001698196271477));
#2762=CARTESIAN_POINT('',(0.000373784288777922,0.000114657497115429,0.00211486293813775));
#2763=CARTESIAN_POINT('',(0.000269649506599858,0.000283108070835935,0.00294819627147701));
#2764=CARTESIAN_POINT('',(0.000183230311571663,0.000345380499020056,0.00336486293813775));
#2765=CARTESIAN_POINT('',(-9.51664203636461E-6,0.000390858631357098,0.004198196271477));
#2766=CARTESIAN_POINT('',(-0.000114657497115429,0.000373784288777922,0.00461486293813775));
#2767=CARTESIAN_POINT('',(-0.000283108070835935,0.000269649506599858,0.00544819627147701));
#2768=CARTESIAN_POINT('',(-0.000345380499020056,0.000183230311571663,0.00586486293813775));
#2769=CARTESIAN_POINT('',(-0.000390858631357098,-9.51664203636461E-6,0.006698196271477));
#2770=CARTESIAN_POINT('',(-0.000373784288777922,-0.000114657497115429,0.00711486293813775));
#2771=CARTESIAN_POINT('',(-0.000269649506599858,-0.000283108070835935,0.00794819627147701));
#2772=CARTESIAN_POINT('',(-0.000183230311571663,-0.000345380499020056,0.00836486293813775));
#2773=CARTESIAN_POINT('',(9.51664203636434E-6,-0.000390858631357098,0.009198196271477));
#2774=CARTESIAN_POINT('',(0.000114657497115429,-0.000373784288777922,0.00961486293813775));
#2775=CARTESIAN_POINT('',(0.000283108070835935,-0.000269649506599858,0.010448196271477));
#2776=CARTESIAN_POINT('',(0.000345380499020056,-0.000183230311571663,0.0108648629381377));
#2777=CARTESIAN_POINT('',(0.000390858631357098,9.5166420363648E-6,0.011698196271477));
#2778=CARTESIAN_POINT('',(0.000373784288777922,0.000114657497115429,0.0121148629381378));
#2779=CARTESIAN_POINT('',(0.000269649506599858,0.000283108070835935,0.012948196271477));
#2780=CARTESIAN_POINT('',(0.000183230311571663,0.000345380499020056,0.0133648629381377));
#2781=CARTESIAN_POINT('',(-9.51664203636434E-6,0.000390858631357098,0.014198196271477));
#2782=CARTESIAN_POINT('',(-0.000114657497116172,0.000373784288777787,0.0146148629381407));
#2783=CARTESIAN_POINT('',(-0.000198882783975827,0.000321716897689125,0.0150315296048074));
#2784=CARTESIAN_POINT('',(0.000192469922708826,-0.00032559002323995,-1.19947517512379E-18));
#2785=CARTESIAN_POINT('',(0.000192469922708827,-0.00032559002323995,0.));
#2786=CARTESIAN_POINT('',(0.000131226160269412,-0.000279212952200559,0.));
#2787=CARTESIAN_POINT('',(0.000119237418298465,-0.000181588361782633,0.));
#2788=CARTESIAN_POINT('',(0.000164392253256868,-0.000119437963265745,0.));
#2789=CARTESIAN_POINT('',(0.00036376315338724,-0.000103554109077748,-9.17187824365877E-5));
#2790=CARTESIAN_POINT('',(0.000248349604091532,-1.28425275423337E-5,-9.17187824365874E-5));
#2791=CARTESIAN_POINT('',(0.000159754994665448,-0.00012556262512259,-6.01891776292111E-5));
#2792=CARTESIAN_POINT('',(0.000365075293853613,-9.89726001552685E-5,-7.16557232268699E-5));
#2793=CARTESIAN_POINT('',(0.000248516416226539,-9.7134618346446E-6,-7.16557232268696E-5));
#2794=CARTESIAN_POINT('',(0.000161340353772626,-0.000123552158765332,-4.01261184194932E-5));
#2795=CARTESIAN_POINT('',(0.000366297941403594,-9.43645873205904E-5,-5.15926640171334E-5));
#2796=CARTESIAN_POINT('',(0.000248621978275878,-6.58057811163497E-6,-5.15926640171331E-5));
#2797=CARTESIAN_POINT('',(0.000162886619261253,-0.000121510290676156,-2.00630592097567E-5));
#2798=CARTESIAN_POINT('',(0.000390921098672157,6.45993768900923E-6,0.00038513706186225));
#2799=CARTESIAN_POINT('',(0.000249567552838174,6.16545501405988E-5,0.000385137061862251));
#2800=CARTESIAN_POINT('',(0.000195661038920063,-7.6400172003835E-5,0.000416666666669627));
#2801=CARTESIAN_POINT('',(0.000374669452420993,0.000111731095065543,0.000801803728522997));
#2802=CARTESIAN_POINT('',(0.000223664691175927,0.000126725502184255,0.000801803728522996));
#2803=CARTESIAN_POINT('',(0.000209020214475459,-2.0755201134348E-5,0.000833333333330373));
#2804=CARTESIAN_POINT('',(0.000271855094034036,0.000280990825525918,0.00163513706186225));
#2805=CARTESIAN_POINT('',(0.000132874558480581,0.000220067259471428,0.00163513706186225));
#2806=CARTESIAN_POINT('',(0.000192376327142112,8.43301677266513E-5,0.00166666666666963));
#2807=CARTESIAN_POINT('',(0.00018592549552009,0.000343937125500578,0.002051803728523));
#2808=CARTESIAN_POINT('',(6.85463578987357E-5,0.00024776328178625,0.002051803728523));
#2809=CARTESIAN_POINT('',(0.000162475754527652,0.000133123467593675,0.00208333333333037));
#2810=CARTESIAN_POINT('',(-6.45993768900934E-6,0.000390921098672156,0.00288513706186225));
#2811=CARTESIAN_POINT('',(-6.16545501405989E-5,0.000249567552838174,0.00288513706186225));
#2812=CARTESIAN_POINT('',(7.6400172003835E-5,0.000195661038920063,0.00291666666666963));
#2813=CARTESIAN_POINT('',(-0.000111731095065543,0.000374669452420993,0.003301803728523));
#2814=CARTESIAN_POINT('',(-0.000126725502184255,0.000223664691175927,0.003301803728523));
#2815=CARTESIAN_POINT('',(2.0755201134348E-5,0.000209020214475459,0.00333333333333037));
#2816=CARTESIAN_POINT('',(-0.000280990825525918,0.000271855094034036,0.00413513706186225));
#2817=CARTESIAN_POINT('',(-0.000220067259471428,0.000132874558480581,0.00413513706186225));
#2818=CARTESIAN_POINT('',(-8.43301677266513E-5,0.000192376327142112,0.00416666666666963));
#2819=CARTESIAN_POINT('',(-0.000343937125500578,0.000185925495520091,0.004551803728523));
#2820=CARTESIAN_POINT('',(-0.00024776328178625,6.85463578987358E-5,0.004551803728523));
#2821=CARTESIAN_POINT('',(-0.000133123467593675,0.000162475754527652,0.00458333333333037));
#2822=CARTESIAN_POINT('',(-0.000390921098672156,-6.45993768900934E-6,0.00538513706186225));
#2823=CARTESIAN_POINT('',(-0.000249567552838174,-6.16545501405989E-5,0.00538513706186225));
#2824=CARTESIAN_POINT('',(-0.000195661038920063,7.6400172003835E-5,0.00541666666666963));
#2825=CARTESIAN_POINT('',(-0.000374669452420993,-0.000111731095065543,0.005801803728523));
#2826=CARTESIAN_POINT('',(-0.000223664691175927,-0.000126725502184255,0.005801803728523));
#2827=CARTESIAN_POINT('',(-0.000209020214475459,2.07552011343481E-5,0.00583333333333037));
#2828=CARTESIAN_POINT('',(-0.000271855094034036,-0.000280990825525918,0.00663513706186225));
#2829=CARTESIAN_POINT('',(-0.000132874558480581,-0.000220067259471428,0.00663513706186225));
#2830=CARTESIAN_POINT('',(-0.000192376327142112,-8.43301677266513E-5,0.00666666666666963));
#2831=CARTESIAN_POINT('',(-0.000185925495520091,-0.000343937125500578,0.007051803728523));
#2832=CARTESIAN_POINT('',(-6.85463578987358E-5,-0.00024776328178625,0.007051803728523));
#2833=CARTESIAN_POINT('',(-0.000162475754527652,-0.000133123467593675,0.00708333333333037));
#2834=CARTESIAN_POINT('',(6.45993768900918E-6,-0.000390921098672157,0.00788513706186225));
#2835=CARTESIAN_POINT('',(6.16545501405987E-5,-0.000249567552838174,0.00788513706186225));
#2836=CARTESIAN_POINT('',(-7.6400172003835E-5,-0.000195661038920063,0.00791666666666963));
#2837=CARTESIAN_POINT('',(0.000111731095065542,-0.000374669452420993,0.008301803728523));
#2838=CARTESIAN_POINT('',(0.000126725502184255,-0.000223664691175927,0.008301803728523));
#2839=CARTESIAN_POINT('',(-2.07552011343482E-5,-0.000209020214475459,0.00833333333333038));
#2840=CARTESIAN_POINT('',(0.000280990825525918,-0.000271855094034036,0.00913513706186225));
#2841=CARTESIAN_POINT('',(0.000220067259471428,-0.000132874558480582,0.00913513706186225));
#2842=CARTESIAN_POINT('',(8.43301677266512E-5,-0.000192376327142112,0.00916666666666963));
#2843=CARTESIAN_POINT('',(0.000343937125500578,-0.000185925495520091,0.009551803728523));
#2844=CARTESIAN_POINT('',(0.00024776328178625,-6.85463578987359E-5,0.009551803728523));
#2845=CARTESIAN_POINT('',(0.000133123467593675,-0.000162475754527652,0.00958333333333037));
#2846=CARTESIAN_POINT('',(0.000369152837211689,-8.26746358385952E-5,0.00999904332267151));
#2847=CARTESIAN_POINT('',(0.000248731611529839,1.33084362390394E-6,0.00999904332267151));
#2848=CARTESIAN_POINT('',(0.000166686601216294,-0.000116280064215121,0.0100305729274789));
#2849=CARTESIAN_POINT('',(0.000370662586813433,-7.55676153949172E-5,0.0100296162501504));
#2850=CARTESIAN_POINT('',(0.000248653490472328,6.10743229135198E-6,0.0100296162501504));
#2851=CARTESIAN_POINT('',(0.000168884525725562,-0.000113054289440394,0.0100611458549577));
#2852=CARTESIAN_POINT('',(0.000371960173390152,-6.84234581686595E-5,0.0100601891776292));
#2853=CARTESIAN_POINT('',(0.000248433943010047,1.08766049503956E-5,0.0100601891776292));
#2854=CARTESIAN_POINT('',(0.000170984536874914,-0.000109766844862343,0.0100917187824365));
#2855=CARTESIAN_POINT('',(0.000369130990266105,-8.24369238029751E-5,0.));
#2856=CARTESIAN_POINT('',(0.000306098411254172,-3.85219475530342E-5,0.));
#2857=CARTESIAN_POINT('',(0.000209547183376354,-5.72876338874314E-5,0.));
#2858=CARTESIAN_POINT('',(0.000164392253256868,-0.000119437963265745,0.));
#2859=CARTESIAN_POINT('',(0.000369130990266105,-8.24369238029755E-5,-2.31694224474728E-20));
#2860=CARTESIAN_POINT('',(-0.000367429112086636,8.9732778915606E-5,-0.00503152960480738));
#2861=CARTESIAN_POINT('',(-0.000390921098672258,-6.45993768826032E-6,-0.00461486293814071));
#2862=CARTESIAN_POINT('',(-0.000374669452420993,-0.000111731095065543,-0.004198196271477));
#2863=CARTESIAN_POINT('',(-0.000271855094034036,-0.000280990825525918,-0.00336486293813775));
#2864=CARTESIAN_POINT('',(-0.00018592549552009,-0.000343937125500579,-0.002948196271477));
#2865=CARTESIAN_POINT('',(6.45993768900929E-6,-0.000390921098672157,-0.00211486293813775));
#2866=CARTESIAN_POINT('',(0.000111731095065543,-0.000374669452420993,-0.001698196271477));
#2867=CARTESIAN_POINT('',(0.000280990825525918,-0.000271855094034036,-0.000864862938137749));
#2868=CARTESIAN_POINT('',(0.000343937125500579,-0.00018592549552009,-0.000448196271477003));
#2869=CARTESIAN_POINT('',(0.000390921098672157,6.45993768900923E-6,0.00038513706186225));
#2870=CARTESIAN_POINT('',(0.000374669452420993,0.000111731095065543,0.000801803728522997));
#2871=CARTESIAN_POINT('',(0.000271855094034036,0.000280990825525918,0.00163513706186225));
#2872=CARTESIAN_POINT('',(0.00018592549552009,0.000343937125500578,0.002051803728523));
#2873=CARTESIAN_POINT('',(-6.45993768900934E-6,0.000390921098672156,0.00288513706186225));
#2874=CARTESIAN_POINT('',(-0.000111731095065543,0.000374669452420993,0.003301803728523));
#2875=CARTESIAN_POINT('',(-0.000280990825525918,0.000271855094034036,0.00413513706186225));
#2876=CARTESIAN_POINT('',(-0.000343937125500578,0.000185925495520091,0.004551803728523));
#2877=CARTESIAN_POINT('',(-0.000390921098672156,-6.45993768900934E-6,0.00538513706186225));
#2878=CARTESIAN_POINT('',(-0.000374669452420993,-0.000111731095065543,0.005801803728523));
#2879=CARTESIAN_POINT('',(-0.000271855094034036,-0.000280990825525918,0.00663513706186225));
#2880=CARTESIAN_POINT('',(-0.000185925495520091,-0.000343937125500578,0.007051803728523));
#2881=CARTESIAN_POINT('',(6.45993768900918E-6,-0.000390921098672157,0.00788513706186225));
#2882=CARTESIAN_POINT('',(0.000111731095065542,-0.000374669452420993,0.008301803728523));
#2883=CARTESIAN_POINT('',(0.000280990825525918,-0.000271855094034036,0.00913513706186225));
#2884=CARTESIAN_POINT('',(0.000343937125500578,-0.000185925495520091,0.009551803728523));
#2885=CARTESIAN_POINT('',(0.000390921098672157,6.45993768900937E-6,0.0103851370618623));
#2886=CARTESIAN_POINT('',(0.000374669452420993,0.000111731095065543,0.010801803728523));
#2887=CARTESIAN_POINT('',(0.000271855094034036,0.000280990825525919,0.0116351370618623));
#2888=CARTESIAN_POINT('',(0.00018592549552009,0.000343937125500578,0.012051803728523));
#2889=CARTESIAN_POINT('',(-6.45993768900912E-6,0.000390921098672157,0.0128851370618623));
#2890=CARTESIAN_POINT('',(-0.000111731095065542,0.000374669452420993,0.013301803728523));
#2891=CARTESIAN_POINT('',(-0.000280990825525918,0.000271855094034036,0.0141351370618623));
#2892=CARTESIAN_POINT('',(-0.000343937125501014,0.000185925495519473,0.014551803728526));
#2893=CARTESIAN_POINT('',(-0.000367429112086636,8.97327789156062E-5,0.0149684703951926));
#2894=CARTESIAN_POINT('',(0.000369130990266105,-8.24369238029756E-5,0.01));
#2895=CARTESIAN_POINT('',(0.000369130990266104,-8.24369238029742E-5,0.01));
#2896=CARTESIAN_POINT('',(0.000306098411254135,-3.85219475530869E-5,0.01));
#2897=CARTESIAN_POINT('',(0.00020954718337636,-5.72876338874368E-5,0.01));
#2898=CARTESIAN_POINT('',(0.000164392253256868,-0.000119437963265745,0.01));
#2899=CARTESIAN_POINT('',(0.000210894806551609,0.000313959337874626,-9.17187824365877E-5));
#2900=CARTESIAN_POINT('',(8.89582177154099E-5,0.000232225950029264,-9.17187824365874E-5));
#2901=CARTESIAN_POINT('',(0.000168784161113868,0.000113135043666061,-6.01891776292111E-5));
#2902=CARTESIAN_POINT('',(0.000206943006339537,0.000316623021732392,-7.16557232268699E-5));
#2903=CARTESIAN_POINT('',(8.60338471687815E-5,0.000233351532277451,-7.16557232268696E-5));
#2904=CARTESIAN_POINT('',(0.00016736199689031,0.000115264078046622,-4.01261184194932E-5));
#2905=CARTESIAN_POINT('',(0.00020293834457702,0.000319209782928148,-5.15926640171334E-5));
#2906=CARTESIAN_POINT('',(8.3086918156425E-5,0.000234420042064159,-5.15926640171331E-5));
#2907=CARTESIAN_POINT('',(0.000165897887252485,0.00011736563585533,-2.00630592097567E-5));
#2908=CARTESIAN_POINT('',(0.000114657497115429,0.000373784288777922,0.00038513706186225));
#2909=CARTESIAN_POINT('',(1.84836534011006E-5,0.000256405151156568,0.000385137061862251));
#2910=CARTESIAN_POINT('',(0.000133123467593675,0.000162475754527652,0.000416666666669627));
#2911=CARTESIAN_POINT('',(9.51664203636477E-6,0.000390858631357098,0.000801803728522997));
#2912=CARTESIAN_POINT('',(-5.14069240181255E-5,0.000251878095803643,0.000801803728522996));
#2913=CARTESIAN_POINT('',(8.43301677266513E-5,0.000192376327142112,0.000833333333330373));
#2914=CARTESIAN_POINT('',(-0.000183230311571663,0.000345380499020056,0.00163513706186225));
#2915=CARTESIAN_POINT('',(-0.000168235904452951,0.000194375737774991,0.00163513706186225));
#2916=CARTESIAN_POINT('',(-2.07552011343479E-5,0.000209020214475459,0.00166666666666963));
#2917=CARTESIAN_POINT('',(-0.000269649506599858,0.000283108070835935,0.002051803728523));
#2918=CARTESIAN_POINT('',(-0.000214454894148269,0.000141754525001953,0.002051803728523));
#2919=CARTESIAN_POINT('',(-7.64001720038349E-5,0.000195661038920063,0.00208333333333037));
#2920=CARTESIAN_POINT('',(-0.000373784288777922,0.000114657497115429,0.00288513706186225));
#2921=CARTESIAN_POINT('',(-0.000256405151156568,1.84836534011005E-5,0.00288513706186225));
#2922=CARTESIAN_POINT('',(-0.000162475754527652,0.000133123467593675,0.00291666666666963));
#2923=CARTESIAN_POINT('',(-0.000390858631357098,9.51664203636488E-6,0.003301803728523));
#2924=CARTESIAN_POINT('',(-0.000251878095803643,-5.14069240181254E-5,0.003301803728523));
#2925=CARTESIAN_POINT('',(-0.000192376327142112,8.43301677266514E-5,0.00333333333333037));
#2926=CARTESIAN_POINT('',(-0.000345380499020056,-0.000183230311571663,0.00413513706186225));
#2927=CARTESIAN_POINT('',(-0.000194375737774991,-0.000168235904452951,0.00413513706186225));
#2928=CARTESIAN_POINT('',(-0.000209020214475459,-2.07552011343479E-5,0.00416666666666963));
#2929=CARTESIAN_POINT('',(-0.000283108070835935,-0.000269649506599858,0.004551803728523));
#2930=CARTESIAN_POINT('',(-0.000141754525001953,-0.000214454894148269,0.004551803728523));
#2931=CARTESIAN_POINT('',(-0.000195661038920063,-7.64001720038349E-5,0.00458333333333037));
#2932=CARTESIAN_POINT('',(-0.000114657497115429,-0.000373784288777922,0.00538513706186225));
#2933=CARTESIAN_POINT('',(-1.84836534011006E-5,-0.000256405151156568,0.00538513706186225));
#2934=CARTESIAN_POINT('',(-0.000133123467593675,-0.000162475754527652,0.00541666666666963));
#2935=CARTESIAN_POINT('',(-9.5166420363649E-6,-0.000390858631357098,0.005801803728523));
#2936=CARTESIAN_POINT('',(5.14069240181254E-5,-0.000251878095803643,0.005801803728523));
#2937=CARTESIAN_POINT('',(-8.43301677266514E-5,-0.000192376327142112,0.00583333333333037));
#2938=CARTESIAN_POINT('',(0.000183230311571663,-0.000345380499020056,0.00663513706186225));
#2939=CARTESIAN_POINT('',(0.000168235904452951,-0.000194375737774991,0.00663513706186225));
#2940=CARTESIAN_POINT('',(2.07552011343479E-5,-0.000209020214475459,0.00666666666666963));
#2941=CARTESIAN_POINT('',(0.000269649506599858,-0.000283108070835935,0.007051803728523));
#2942=CARTESIAN_POINT('',(0.000214454894148269,-0.000141754525001953,0.007051803728523));
#2943=CARTESIAN_POINT('',(7.64001720038349E-5,-0.000195661038920063,0.00708333333333037));
#2944=CARTESIAN_POINT('',(0.000373784288777922,-0.000114657497115429,0.00788513706186225));
#2945=CARTESIAN_POINT('',(0.000256405151156568,-1.84836534011007E-5,0.00788513706186225));
#2946=CARTESIAN_POINT('',(0.000162475754527652,-0.000133123467593675,0.00791666666666963));
#2947=CARTESIAN_POINT('',(0.000390858631357097,-9.51664203636515E-6,0.008301803728523));
#2948=CARTESIAN_POINT('',(0.000251878095803643,5.14069240181252E-5,0.008301803728523));
#2949=CARTESIAN_POINT('',(0.000192376327142112,-8.43301677266515E-5,0.00833333333333038));
#2950=CARTESIAN_POINT('',(0.000345380499020057,0.000183230311571662,0.00913513706186225));
#2951=CARTESIAN_POINT('',(0.000194375737774991,0.000168235904452951,0.00913513706186225));
#2952=CARTESIAN_POINT('',(0.000209020214475459,2.07552011343478E-5,0.00916666666666963));
#2953=CARTESIAN_POINT('',(0.000283108070835935,0.000269649506599858,0.009551803728523));
#2954=CARTESIAN_POINT('',(0.000141754525001953,0.000214454894148269,0.009551803728523));
#2955=CARTESIAN_POINT('',(0.000195661038920063,7.64001720038348E-5,0.00958333333333037));
#2956=CARTESIAN_POINT('',(0.000192702751366765,0.000325537343861135,0.00999904332267151));
#2957=CARTESIAN_POINT('',(7.55965875003041E-5,0.00023696907325069,0.00999904332267151));
#2958=CARTESIAN_POINT('',(0.000162097905297445,0.000122595862316365,0.0100305729274789));
#2959=CARTESIAN_POINT('',(0.000186410111546552,0.000329169391154314,0.0100296162501504));
#2960=CARTESIAN_POINT('',(7.10296409880766E-5,0.000238370822783264,0.0100296162501504));
#2961=CARTESIAN_POINT('',(0.000159709207203557,0.000125683031968646,0.0100611458549577));
#2962=CARTESIAN_POINT('',(0.000180016590566961,0.00033261113531696,0.0100601891776292));
#2963=CARTESIAN_POINT('',(6.64260443564397E-5,0.000239635776139379,0.0100601891776292));
#2964=CARTESIAN_POINT('',(0.000157231600749169,0.000128696137499214,0.0100917187824365));
#2965=CARTESIAN_POINT('',(-0.000164392253256989,-0.000119437963265831,-0.005));
#2966=CARTESIAN_POINT('',(-0.000133123467594018,-0.000162475754527433,-0.00458333333333333));
#2967=CARTESIAN_POINT('',(-8.43301677266513E-5,-0.000192376327142112,-0.00416666666666963));
#2968=CARTESIAN_POINT('',(2.07552011343479E-5,-0.000209020214475459,-0.00333333333333037));
#2969=CARTESIAN_POINT('',(7.64001720038349E-5,-0.000195661038920063,-0.00291666666666963));
#2970=CARTESIAN_POINT('',(0.000162475754527652,-0.000133123467593675,-0.00208333333333037));
#2971=CARTESIAN_POINT('',(0.000192376327142112,-8.43301677266513E-5,-0.00166666666666963));
#2972=CARTESIAN_POINT('',(0.000209020214475459,2.07552011343479E-5,-0.000833333333330373));
#2973=CARTESIAN_POINT('',(0.000195661038920063,7.64001720038349E-5,-0.000416666666669626));
#2974=CARTESIAN_POINT('',(0.000133123467593675,0.000162475754527652,0.000416666666669627));
#2975=CARTESIAN_POINT('',(8.43301677266513E-5,0.000192376327142112,0.000833333333330373));
#2976=CARTESIAN_POINT('',(-2.07552011343479E-5,0.000209020214475459,0.00166666666666963));
#2977=CARTESIAN_POINT('',(-7.64001720038349E-5,0.000195661038920063,0.00208333333333037));
#2978=CARTESIAN_POINT('',(-0.000162475754527652,0.000133123467593675,0.00291666666666963));
#2979=CARTESIAN_POINT('',(-0.000192376327142112,8.43301677266514E-5,0.00333333333333037));
#2980=CARTESIAN_POINT('',(-0.000209020214475459,-2.07552011343479E-5,0.00416666666666963));
#2981=CARTESIAN_POINT('',(-0.000195661038920063,-7.64001720038349E-5,0.00458333333333037));
#2982=CARTESIAN_POINT('',(-0.000133123467593675,-0.000162475754527652,0.00541666666666963));
#2983=CARTESIAN_POINT('',(-8.43301677266514E-5,-0.000192376327142112,0.00583333333333037));
#2984=CARTESIAN_POINT('',(2.07552011343479E-5,-0.000209020214475459,0.00666666666666963));
#2985=CARTESIAN_POINT('',(7.64001720038349E-5,-0.000195661038920063,0.00708333333333037));
#2986=CARTESIAN_POINT('',(0.000162475754527652,-0.000133123467593675,0.00791666666666963));
#2987=CARTESIAN_POINT('',(0.000192376327142112,-8.43301677266515E-5,0.00833333333333038));
#2988=CARTESIAN_POINT('',(0.000209020214475459,2.07552011343478E-5,0.00916666666666963));
#2989=CARTESIAN_POINT('',(0.000195661038920063,7.64001720038348E-5,0.00958333333333037));
#2990=CARTESIAN_POINT('',(0.000133123467593675,0.000162475754527652,0.0104166666666696));
#2991=CARTESIAN_POINT('',(8.43301677266513E-5,0.000192376327142112,0.0108333333333304));
#2992=CARTESIAN_POINT('',(-2.0755201134348E-5,0.000209020214475459,0.0116666666666696));
#2993=CARTESIAN_POINT('',(-7.64001720038349E-5,0.000195661038920063,0.0120833333333304));
#2994=CARTESIAN_POINT('',(-0.000162475754527652,0.000133123467593675,0.0129166666666696));
#2995=CARTESIAN_POINT('',(-0.000192376327142112,8.43301677266516E-5,0.0133333333333304));
#2996=CARTESIAN_POINT('',(-0.000209020214475459,-2.07552011343478E-5,0.0141666666666696));
#2997=CARTESIAN_POINT('',(-0.000195661038919961,-7.64001720042278E-5,0.0145833333333333));
#2998=CARTESIAN_POINT('',(-0.000164392253256989,-0.00011943796326583,0.015));
#2999=CARTESIAN_POINT('',(0.000164392253256869,0.000119437963265743,4.17208756564796E-19));
#3000=CARTESIAN_POINT('',(0.000164392253256869,0.000119437963265743,0.01));
#3001=CARTESIAN_POINT('',(0.000192469922708827,0.00032559002323995,0.));
#3002=CARTESIAN_POINT('',(0.000131221046486298,0.000279209079768939,0.));
#3003=CARTESIAN_POINT('',(0.000119233608507474,0.000181593605518524,0.));
#3004=CARTESIAN_POINT('',(0.000164392253256869,0.000119437963265743,0.));
#3005=CARTESIAN_POINT('',(0.000192469922708827,0.00032559002323995,-2.31694224474728E-20));
#3006=CARTESIAN_POINT('',(-0.000198882783975827,-0.000321716897689125,-0.00503152960480738));
#3007=CARTESIAN_POINT('',(-0.000114657497116173,-0.000373784288777787,-0.00461486293814071));
#3008=CARTESIAN_POINT('',(-9.51664203636477E-6,-0.000390858631357098,-0.004198196271477));
#3009=CARTESIAN_POINT('',(0.000183230311571663,-0.000345380499020056,-0.00336486293813775));
#3010=CARTESIAN_POINT('',(0.000269649506599858,-0.000283108070835935,-0.002948196271477));
#3011=CARTESIAN_POINT('',(0.000373784288777922,-0.000114657497115429,-0.00211486293813775));
#3012=CARTESIAN_POINT('',(0.000390858631357098,-9.51664203636471E-6,-0.001698196271477));
#3013=CARTESIAN_POINT('',(0.000345380499020056,0.000183230311571663,-0.000864862938137749));
#3014=CARTESIAN_POINT('',(0.000283108070835935,0.000269649506599858,-0.000448196271477003));
#3015=CARTESIAN_POINT('',(0.000114657497115429,0.000373784288777922,0.00038513706186225));
#3016=CARTESIAN_POINT('',(9.51664203636477E-6,0.000390858631357098,0.000801803728522997));
#3017=CARTESIAN_POINT('',(-0.000183230311571663,0.000345380499020056,0.00163513706186225));
#3018=CARTESIAN_POINT('',(-0.000269649506599858,0.000283108070835935,0.002051803728523));
#3019=CARTESIAN_POINT('',(-0.000373784288777922,0.000114657497115429,0.00288513706186225));
#3020=CARTESIAN_POINT('',(-0.000390858631357098,9.51664203636488E-6,0.003301803728523));
#3021=CARTESIAN_POINT('',(-0.000345380499020056,-0.000183230311571663,0.00413513706186225));
#3022=CARTESIAN_POINT('',(-0.000283108070835935,-0.000269649506599858,0.004551803728523));
#3023=CARTESIAN_POINT('',(-0.000114657497115429,-0.000373784288777922,0.00538513706186225));
#3024=CARTESIAN_POINT('',(-9.5166420363649E-6,-0.000390858631357098,0.005801803728523));
#3025=CARTESIAN_POINT('',(0.000183230311571663,-0.000345380499020056,0.00663513706186225));
#3026=CARTESIAN_POINT('',(0.000269649506599858,-0.000283108070835935,0.007051803728523));
#3027=CARTESIAN_POINT('',(0.000373784288777922,-0.000114657497115429,0.00788513706186225));
#3028=CARTESIAN_POINT('',(0.000390858631357097,-9.51664203636515E-6,0.008301803728523));
#3029=CARTESIAN_POINT('',(0.000345380499020057,0.000183230311571662,0.00913513706186225));
#3030=CARTESIAN_POINT('',(0.000283108070835935,0.000269649506599858,0.009551803728523));
#3031=CARTESIAN_POINT('',(0.000114657497115429,0.000373784288777922,0.0103851370618623));
#3032=CARTESIAN_POINT('',(9.51664203636477E-6,0.000390858631357098,0.010801803728523));
#3033=CARTESIAN_POINT('',(-0.000183230311571663,0.000345380499020056,0.0116351370618623));
#3034=CARTESIAN_POINT('',(-0.000269649506599858,0.000283108070835935,0.012051803728523));
#3035=CARTESIAN_POINT('',(-0.000373784288777922,0.000114657497115429,0.0128851370618623));
#3036=CARTESIAN_POINT('',(-0.000390858631357097,9.51664203636526E-6,0.013301803728523));
#3037=CARTESIAN_POINT('',(-0.000345380499020057,-0.000183230311571662,0.0141351370618623));
#3038=CARTESIAN_POINT('',(-0.000283108070835482,-0.000269649506600463,0.014551803728526));
#3039=CARTESIAN_POINT('',(-0.000198882783975827,-0.000321716897689125,0.0149684703951926));
#3040=CARTESIAN_POINT('',(0.000192469922708827,0.00032559002323995,0.01));
#3041=CARTESIAN_POINT('',(0.000192469922708827,0.00032559002323995,0.01));
#3042=CARTESIAN_POINT('',(0.000131221046486334,0.000279209079768895,0.01));
#3043=CARTESIAN_POINT('',(0.000119233608507478,0.000181593605518528,0.01));
#3044=CARTESIAN_POINT('',(0.000164392253256869,0.000119437963265743,0.01));
#3045=CARTESIAN_POINT('',(0.000170984536874914,0.000109766844862343,-9.17187824365283E-5));
#3046=CARTESIAN_POINT('',(0.000248433943010047,-1.08766049503957E-5,-6.01891776291509E-5));
#3047=CARTESIAN_POINT('',(0.000371960173390152,6.84234581686592E-5,-6.01891776291516E-5));
#3048=CARTESIAN_POINT('',(0.000168884525725562,0.000113054289440394,-6.11458549577285E-5));
#3049=CARTESIAN_POINT('',(0.000248653490472328,-6.10743229135215E-6,-2.96162501503511E-5));
#3050=CARTESIAN_POINT('',(0.000370662586813433,7.5567615394917E-5,-2.96162501503518E-5));
#3051=CARTESIAN_POINT('',(0.000166686601216294,0.000116280064215121,-3.05729274788879E-5));
#3052=CARTESIAN_POINT('',(0.000248731611529839,-1.33084362390411E-6,9.56677328489417E-7));
#3053=CARTESIAN_POINT('',(0.000369152837211689,8.26746358385949E-5,9.56677328488743E-7));
#3054=CARTESIAN_POINT('',(0.000133123467593675,0.000162475754527652,0.000416666666669627));
#3055=CARTESIAN_POINT('',(0.00024776328178625,6.85463578987356E-5,0.000448196271477004));
#3056=CARTESIAN_POINT('',(0.000343937125500579,0.00018592549552009,0.000448196271477004));
#3057=CARTESIAN_POINT('',(8.43301677266513E-5,0.000192376327142112,0.000833333333330373));
#3058=CARTESIAN_POINT('',(0.000220067259471428,0.000132874558480581,0.00086486293813775));
#3059=CARTESIAN_POINT('',(0.000280990825525918,0.000271855094034036,0.00086486293813775));
#3060=CARTESIAN_POINT('',(-2.07552011343479E-5,0.000209020214475459,0.00166666666666963));
#3061=CARTESIAN_POINT('',(0.000126725502184255,0.000223664691175927,0.001698196271477));
#3062=CARTESIAN_POINT('',(0.000111731095065543,0.000374669452420993,0.001698196271477));
#3063=CARTESIAN_POINT('',(-7.64001720038349E-5,0.000195661038920063,0.00208333333333037));
#3064=CARTESIAN_POINT('',(6.1654550140599E-5,0.000249567552838174,0.00211486293813775));
#3065=CARTESIAN_POINT('',(6.45993768900964E-6,0.000390921098672157,0.00211486293813775));
#3066=CARTESIAN_POINT('',(-0.000162475754527652,0.000133123467593675,0.00291666666666963));
#3067=CARTESIAN_POINT('',(-6.85463578987356E-5,0.00024776328178625,0.00294819627147701));
#3068=CARTESIAN_POINT('',(-0.00018592549552009,0.000343937125500579,0.00294819627147701));
#3069=CARTESIAN_POINT('',(-0.000192376327142112,8.43301677266514E-5,0.00333333333333037));
#3070=CARTESIAN_POINT('',(-0.000132874558480581,0.000220067259471428,0.00336486293813775));
#3071=CARTESIAN_POINT('',(-0.000271855094034036,0.000280990825525919,0.00336486293813775));
#3072=CARTESIAN_POINT('',(-0.000209020214475459,-2.07552011343479E-5,0.00416666666666963));
#3073=CARTESIAN_POINT('',(-0.000223664691175927,0.000126725502184255,0.004198196271477));
#3074=CARTESIAN_POINT('',(-0.000374669452420993,0.000111731095065543,0.004198196271477));
#3075=CARTESIAN_POINT('',(-0.000195661038920063,-7.64001720038349E-5,0.00458333333333037));
#3076=CARTESIAN_POINT('',(-0.000249567552838174,6.1654550140599E-5,0.00461486293813775));
#3077=CARTESIAN_POINT('',(-0.000390921098672157,6.45993768900964E-6,0.00461486293813775));
#3078=CARTESIAN_POINT('',(-0.000133123467593675,-0.000162475754527652,0.00541666666666963));
#3079=CARTESIAN_POINT('',(-0.00024776328178625,-6.85463578987355E-5,0.00544819627147701));
#3080=CARTESIAN_POINT('',(-0.000343937125500579,-0.00018592549552009,0.00544819627147701));
#3081=CARTESIAN_POINT('',(-8.43301677266514E-5,-0.000192376327142112,0.00583333333333037));
#3082=CARTESIAN_POINT('',(-0.000220067259471428,-0.000132874558480581,0.00586486293813775));
#3083=CARTESIAN_POINT('',(-0.000280990825525919,-0.000271855094034036,0.00586486293813775));
#3084=CARTESIAN_POINT('',(2.07552011343479E-5,-0.000209020214475459,0.00666666666666963));
#3085=CARTESIAN_POINT('',(-0.000126725502184255,-0.000223664691175927,0.00669819627147701));
#3086=CARTESIAN_POINT('',(-0.000111731095065543,-0.000374669452420993,0.006698196271477));
#3087=CARTESIAN_POINT('',(7.64001720038349E-5,-0.000195661038920063,0.00708333333333037));
#3088=CARTESIAN_POINT('',(-6.1654550140599E-5,-0.000249567552838174,0.00711486293813775));
#3089=CARTESIAN_POINT('',(-6.45993768900964E-6,-0.000390921098672157,0.00711486293813775));
#3090=CARTESIAN_POINT('',(0.000162475754527652,-0.000133123467593675,0.00791666666666963));
#3091=CARTESIAN_POINT('',(6.85463578987355E-5,-0.00024776328178625,0.00794819627147701));
#3092=CARTESIAN_POINT('',(0.00018592549552009,-0.000343937125500579,0.00794819627147701));
#3093=CARTESIAN_POINT('',(0.000192376327142112,-8.43301677266515E-5,0.00833333333333038));
#3094=CARTESIAN_POINT('',(0.000132874558480581,-0.000220067259471428,0.00836486293813775));
#3095=CARTESIAN_POINT('',(0.000271855094034036,-0.000280990825525919,0.00836486293813775));
#3096=CARTESIAN_POINT('',(0.000209020214475459,2.07552011343478E-5,0.00916666666666963));
#3097=CARTESIAN_POINT('',(0.000223664691175927,-0.000126725502184255,0.009198196271477));
#3098=CARTESIAN_POINT('',(0.000374669452420993,-0.000111731095065543,0.009198196271477));
#3099=CARTESIAN_POINT('',(0.000195661038920063,7.64001720038348E-5,0.00958333333333037));
#3100=CARTESIAN_POINT('',(0.000249567552838174,-6.16545501405992E-5,0.00961486293813775));
#3101=CARTESIAN_POINT('',(0.000390921098672157,-6.4599376890098E-6,0.00961486293813775));
#3102=CARTESIAN_POINT('',(0.000162886619261253,0.000121510290676156,0.0100200630592098));
#3103=CARTESIAN_POINT('',(0.000248621978275878,6.58057811163465E-6,0.0100515926640171));
#3104=CARTESIAN_POINT('',(0.000366297941403594,9.43645873205899E-5,0.0100515926640171));
#3105=CARTESIAN_POINT('',(0.000161340353772626,0.000123552158765332,0.0100401261184195));
#3106=CARTESIAN_POINT('',(0.000248516416226539,9.7134618346442E-6,0.0100716557232269));
#3107=CARTESIAN_POINT('',(0.000365075293853613,9.89726001552679E-5,0.0100716557232269));
#3108=CARTESIAN_POINT('',(0.000159754994665448,0.00012556262512259,0.0100601891776292));
#3109=CARTESIAN_POINT('',(0.000248349604091532,1.28425275423332E-5,0.0100917187824366));
#3110=CARTESIAN_POINT('',(0.00036376315338724,0.000103554109077748,0.0100917187824366));
#3111=CARTESIAN_POINT('',(0.000369130990266105,8.24369238029753E-5,0.01));
#3112=CARTESIAN_POINT('',(0.000306093148106961,3.85182807034613E-5,0.01));
#3113=CARTESIAN_POINT('',(0.000209550993175386,5.72823901573793E-5,0.01));
#3114=CARTESIAN_POINT('',(0.000164392253256869,0.000119437963265743,0.01));
#3115=CARTESIAN_POINT('',(0.000369130990266105,8.24369238029751E-5,0.01));
#3116=CARTESIAN_POINT('',(-0.000367429112086636,-8.97327789156059E-5,-0.00496847039519263));
#3117=CARTESIAN_POINT('',(-0.000343937125501014,-0.000185925495519472,-0.00455180372852596));
#3118=CARTESIAN_POINT('',(-0.000280990825525918,-0.000271855094034036,-0.00413513706186225));
#3119=CARTESIAN_POINT('',(-0.000111731095065543,-0.000374669452420993,-0.003301803728523));
#3120=CARTESIAN_POINT('',(-6.45993768900939E-6,-0.000390921098672157,-0.00288513706186225));
#3121=CARTESIAN_POINT('',(0.00018592549552009,-0.000343937125500579,-0.002051803728523));
#3122=CARTESIAN_POINT('',(0.000271855094034036,-0.000280990825525918,-0.00163513706186225));
#3123=CARTESIAN_POINT('',(0.000374669452420993,-0.000111731095065543,-0.000801803728522996));
#3124=CARTESIAN_POINT('',(0.000390921098672157,-6.45993768900945E-6,-0.00038513706186225));
#3125=CARTESIAN_POINT('',(0.000343937125500579,0.00018592549552009,0.000448196271477004));
#3126=CARTESIAN_POINT('',(0.000280990825525918,0.000271855094034036,0.00086486293813775));
#3127=CARTESIAN_POINT('',(0.000111731095065543,0.000374669452420993,0.001698196271477));
#3128=CARTESIAN_POINT('',(6.45993768900964E-6,0.000390921098672157,0.00211486293813775));
#3129=CARTESIAN_POINT('',(-0.00018592549552009,0.000343937125500579,0.00294819627147701));
#3130=CARTESIAN_POINT('',(-0.000271855094034036,0.000280990825525919,0.00336486293813775));
#3131=CARTESIAN_POINT('',(-0.000374669452420993,0.000111731095065543,0.004198196271477));
#3132=CARTESIAN_POINT('',(-0.000390921098672157,6.45993768900964E-6,0.00461486293813775));
#3133=CARTESIAN_POINT('',(-0.000343937125500579,-0.00018592549552009,0.00544819627147701));
#3134=CARTESIAN_POINT('',(-0.000280990825525919,-0.000271855094034036,0.00586486293813775));
#3135=CARTESIAN_POINT('',(-0.000111731095065543,-0.000374669452420993,0.006698196271477));
#3136=CARTESIAN_POINT('',(-6.45993768900964E-6,-0.000390921098672157,0.00711486293813775));
#3137=CARTESIAN_POINT('',(0.00018592549552009,-0.000343937125500579,0.00794819627147701));
#3138=CARTESIAN_POINT('',(0.000271855094034036,-0.000280990825525919,0.00836486293813775));
#3139=CARTESIAN_POINT('',(0.000374669452420993,-0.000111731095065543,0.009198196271477));
#3140=CARTESIAN_POINT('',(0.000390921098672157,-6.4599376890098E-6,0.00961486293813775));
#3141=CARTESIAN_POINT('',(0.000343937125500579,0.00018592549552009,0.010448196271477));
#3142=CARTESIAN_POINT('',(0.000280990825525918,0.000271855094034036,0.0108648629381377));
#3143=CARTESIAN_POINT('',(0.000111731095065543,0.000374669452420993,0.011698196271477));
#3144=CARTESIAN_POINT('',(6.45993768900966E-6,0.000390921098672156,0.0121148629381378));
#3145=CARTESIAN_POINT('',(-0.00018592549552009,0.000343937125500579,0.012948196271477));
#3146=CARTESIAN_POINT('',(-0.000271855094034036,0.000280990825525919,0.0133648629381377));
#3147=CARTESIAN_POINT('',(-0.000374669452420993,0.000111731095065543,0.014198196271477));
#3148=CARTESIAN_POINT('',(-0.000390921098672258,6.45993768826072E-6,0.0146148629381407));
#3149=CARTESIAN_POINT('',(-0.000367429112086636,-8.97327789156058E-5,0.0150315296048074));
#3150=CARTESIAN_POINT('',(0.000369130990266105,8.24369238029748E-5,-1.19947517512379E-18));
#3151=CARTESIAN_POINT('',(0.000369130990266105,8.24369238029748E-5,0.));
#3152=CARTESIAN_POINT('',(0.000306093148106948,3.85182807034818E-5,0.));
#3153=CARTESIAN_POINT('',(0.000209550993175382,5.72823901573761E-5,0.));
#3154=CARTESIAN_POINT('',(0.000164392253256869,0.000119437963265743,0.));
#3155=CARTESIAN_POINT('',(0.000180016590566961,-0.00033261113531696,-6.01891776291524E-5));
#3156=CARTESIAN_POINT('',(0.000293607136777483,-0.000425586494494542,-6.01891776291518E-5));
#3157=CARTESIAN_POINT('',(0.000384412693170212,-0.000314646855854377,-9.17187824365291E-5));
#3158=CARTESIAN_POINT('',(0.000186410111546552,-0.000329169391154314,-2.96162501503524E-5));
#3159=CARTESIAN_POINT('',(0.000301790582105027,-0.000419967959525364,-2.96162501503517E-5));
#3160=CARTESIAN_POINT('',(0.000390470148320507,-0.000307280168710746,-6.11458549577291E-5));
#3161=CARTESIAN_POINT('',(0.000192702751366765,-0.000325537343861135,9.56677328488472E-7));
#3162=CARTESIAN_POINT('',(0.000309808915233226,-0.00041410561447158,9.56677328489149E-7));
#3163=CARTESIAN_POINT('',(0.000396310233030366,-0.000299732403537256,-3.05729274788883E-5));
#3164=CARTESIAN_POINT('',(0.000283108070835935,-0.000269649506599858,0.000448196271477004));
#3165=CARTESIAN_POINT('',(0.000424461616669918,-0.000324844119051448,0.000448196271477004));
#3166=CARTESIAN_POINT('',(0.000478368130588028,-0.000186789396907014,0.000416666666669627));
#3167=CARTESIAN_POINT('',(0.000345380499020056,-0.000183230311571663,0.00086486293813775));
#3168=CARTESIAN_POINT('',(0.000496385260265122,-0.000198224718690375,0.00086486293813775));
#3169=CARTESIAN_POINT('',(0.00051102973696559,-5.07440153717721E-5,0.000833333333330373));
#3170=CARTESIAN_POINT('',(0.000390858631357098,9.51664203636463E-6,0.001698196271477));
#3171=CARTESIAN_POINT('',(0.000529839166910553,7.04402080908549E-5,0.001698196271477));
#3172=CARTESIAN_POINT('',(0.000470337398249022,0.000206177299835632,0.00166666666666963));
#3173=CARTESIAN_POINT('',(0.000373784288777922,0.000114657497115429,0.00211486293813775));
#3174=CARTESIAN_POINT('',(0.000491163426399277,0.000210831340829757,0.00211486293813775));
#3175=CARTESIAN_POINT('',(0.000397234029770361,0.000325471155022332,0.00208333333333037));
#3176=CARTESIAN_POINT('',(0.000269649506599858,0.000283108070835935,0.00294819627147701));
#3177=CARTESIAN_POINT('',(0.000324844119051448,0.000424461616669918,0.00294819627147701));
#3178=CARTESIAN_POINT('',(0.000186789396907014,0.000478368130588028,0.00291666666666963));
#3179=CARTESIAN_POINT('',(0.000183230311571663,0.000345380499020056,0.00336486293813775));
#3180=CARTESIAN_POINT('',(0.000198224718690375,0.000496385260265122,0.00336486293813775));
#3181=CARTESIAN_POINT('',(5.07440153717722E-5,0.00051102973696559,0.00333333333333037));
#3182=CARTESIAN_POINT('',(-9.51664203636461E-6,0.000390858631357098,0.004198196271477));
#3183=CARTESIAN_POINT('',(-7.04402080908549E-5,0.000529839166910552,0.004198196271477));
#3184=CARTESIAN_POINT('',(-0.000206177299835632,0.000470337398249022,0.00416666666666963));
#3185=CARTESIAN_POINT('',(-0.000114657497115429,0.000373784288777922,0.00461486293813775));
#3186=CARTESIAN_POINT('',(-0.000210831340829757,0.000491163426399277,0.00461486293813775));
#3187=CARTESIAN_POINT('',(-0.000325471155022332,0.000397234029770361,0.00458333333333037));
#3188=CARTESIAN_POINT('',(-0.000283108070835935,0.000269649506599858,0.00544819627147701));
#3189=CARTESIAN_POINT('',(-0.000424461616669918,0.000324844119051448,0.00544819627147701));
#3190=CARTESIAN_POINT('',(-0.000478368130588028,0.000186789396907014,0.00541666666666963));
#3191=CARTESIAN_POINT('',(-0.000345380499020056,0.000183230311571663,0.00586486293813775));
#3192=CARTESIAN_POINT('',(-0.000496385260265122,0.000198224718690375,0.00586486293813775));
#3193=CARTESIAN_POINT('',(-0.00051102973696559,5.07440153717723E-5,0.00583333333333037));
#3194=CARTESIAN_POINT('',(-0.000390858631357098,-9.51664203636461E-6,0.006698196271477));
#3195=CARTESIAN_POINT('',(-0.000529839166910552,-7.04402080908549E-5,0.00669819627147701));
#3196=CARTESIAN_POINT('',(-0.000470337398249022,-0.000206177299835632,0.00666666666666963));
#3197=CARTESIAN_POINT('',(-0.000373784288777922,-0.000114657497115429,0.00711486293813775));
#3198=CARTESIAN_POINT('',(-0.000491163426399277,-0.000210831340829757,0.00711486293813775));
#3199=CARTESIAN_POINT('',(-0.000397234029770361,-0.000325471155022332,0.00708333333333037));
#3200=CARTESIAN_POINT('',(-0.000269649506599858,-0.000283108070835935,0.00794819627147701));
#3201=CARTESIAN_POINT('',(-0.000324844119051448,-0.000424461616669918,0.00794819627147701));
#3202=CARTESIAN_POINT('',(-0.000186789396907014,-0.000478368130588028,0.00791666666666963));
#3203=CARTESIAN_POINT('',(-0.000183230311571663,-0.000345380499020056,0.00836486293813775));
#3204=CARTESIAN_POINT('',(-0.000198224718690375,-0.000496385260265122,0.00836486293813775));
#3205=CARTESIAN_POINT('',(-5.07440153717727E-5,-0.00051102973696559,0.00833333333333038));
#3206=CARTESIAN_POINT('',(9.51664203636434E-6,-0.000390858631357098,0.009198196271477));
#3207=CARTESIAN_POINT('',(7.04402080908545E-5,-0.000529839166910553,0.009198196271477));
#3208=CARTESIAN_POINT('',(0.000206177299835631,-0.000470337398249022,0.00916666666666963));
#3209=CARTESIAN_POINT('',(0.000114657497115429,-0.000373784288777922,0.00961486293813775));
#3210=CARTESIAN_POINT('',(0.000210831340829757,-0.000491163426399277,0.00961486293813775));
#3211=CARTESIAN_POINT('',(0.000325471155022332,-0.000397234029770361,0.00958333333333037));
#3212=CARTESIAN_POINT('',(0.00020293834457702,-0.000319209782928148,0.0100515926640171));
#3213=CARTESIAN_POINT('',(0.000322789770997614,-0.000403999523792137,0.0100515926640171));
#3214=CARTESIAN_POINT('',(0.000405600740093675,-0.000286945117583308,0.0100200630592098));
#3215=CARTESIAN_POINT('',(0.000206943006339537,-0.000316623021732393,0.0100716557232269));
#3216=CARTESIAN_POINT('',(0.000327852165510292,-0.000399894511187334,0.0100716557232269));
#3217=CARTESIAN_POINT('',(0.000409180315231821,-0.000281807056956505,0.0100401261184195));
#3218=CARTESIAN_POINT('',(0.000210894806551609,-0.000313959337874627,0.0100917187824366));
#3219=CARTESIAN_POINT('',(0.000332831395387809,-0.000395692725719989,0.0100917187824366));
#3220=CARTESIAN_POINT('',(0.000412657338786266,-0.000276601819356786,0.0100601891776292));
#3221=CARTESIAN_POINT('',(0.00040191964280518,-0.000292011713338688,0.01));
#3222=CARTESIAN_POINT('',(0.000355633308535036,-0.000355719297404864,0.01));
#3223=CARTESIAN_POINT('',(0.000255248309107299,-0.000373129009439914,0.01));
#3224=CARTESIAN_POINT('',(0.000192469922708827,-0.00032559002323995,0.01));
#3225=CARTESIAN_POINT('',(0.00040191964280518,-0.000292011713338687,0.01));
#3226=CARTESIAN_POINT('',(-0.000401919642805474,0.000292011713338901,-0.005));
#3227=CARTESIAN_POINT('',(-0.000478368130587779,0.000186789396907975,-0.00458333333333333));
#3228=CARTESIAN_POINT('',(-0.00051102973696559,5.07440153717721E-5,-0.00416666666666963));
#3229=CARTESIAN_POINT('',(-0.000470337398249022,-0.000206177299835632,-0.00333333333333037));
#3230=CARTESIAN_POINT('',(-0.000397234029770361,-0.000325471155022332,-0.00291666666666963));
#3231=CARTESIAN_POINT('',(-0.000186789396907014,-0.000478368130588028,-0.00208333333333037));
#3232=CARTESIAN_POINT('',(-5.0744015371772E-5,-0.00051102973696559,-0.00166666666666963));
#3233=CARTESIAN_POINT('',(0.000206177299835632,-0.000470337398249022,-0.000833333333330373));
#3234=CARTESIAN_POINT('',(0.000325471155022332,-0.000397234029770361,-0.000416666666669626));
#3235=CARTESIAN_POINT('',(0.000478368130588028,-0.000186789396907014,0.000416666666669627));
#3236=CARTESIAN_POINT('',(0.00051102973696559,-5.07440153717721E-5,0.000833333333330373));
#3237=CARTESIAN_POINT('',(0.000470337398249022,0.000206177299835632,0.00166666666666963));
#3238=CARTESIAN_POINT('',(0.000397234029770361,0.000325471155022332,0.00208333333333037));
#3239=CARTESIAN_POINT('',(0.000186789396907014,0.000478368130588028,0.00291666666666963));
#3240=CARTESIAN_POINT('',(5.07440153717722E-5,0.00051102973696559,0.00333333333333037));
#3241=CARTESIAN_POINT('',(-0.000206177299835632,0.000470337398249022,0.00416666666666963));
#3242=CARTESIAN_POINT('',(-0.000325471155022332,0.000397234029770361,0.00458333333333037));
#3243=CARTESIAN_POINT('',(-0.000478368130588028,0.000186789396907014,0.00541666666666963));
#3244=CARTESIAN_POINT('',(-0.00051102973696559,5.07440153717723E-5,0.00583333333333037));
#3245=CARTESIAN_POINT('',(-0.000470337398249022,-0.000206177299835632,0.00666666666666963));
#3246=CARTESIAN_POINT('',(-0.000397234029770361,-0.000325471155022332,0.00708333333333037));
#3247=CARTESIAN_POINT('',(-0.000186789396907014,-0.000478368130588028,0.00791666666666963));
#3248=CARTESIAN_POINT('',(-5.07440153717727E-5,-0.00051102973696559,0.00833333333333038));
#3249=CARTESIAN_POINT('',(0.000206177299835631,-0.000470337398249022,0.00916666666666963));
#3250=CARTESIAN_POINT('',(0.000325471155022332,-0.000397234029770361,0.00958333333333037));
#3251=CARTESIAN_POINT('',(0.000478368130588028,-0.000186789396907014,0.0104166666666696));
#3252=CARTESIAN_POINT('',(0.00051102973696559,-5.0744015371772E-5,0.0108333333333304));
#3253=CARTESIAN_POINT('',(0.000470337398249022,0.000206177299835632,0.0116666666666696));
#3254=CARTESIAN_POINT('',(0.000397234029770361,0.000325471155022332,0.0120833333333304));
#3255=CARTESIAN_POINT('',(0.000186789396907014,0.000478368130588028,0.0129166666666696));
#3256=CARTESIAN_POINT('',(5.07440153717728E-5,0.00051102973696559,0.0133333333333304));
#3257=CARTESIAN_POINT('',(-0.000206177299835631,0.000470337398249022,0.0141666666666696));
#3258=CARTESIAN_POINT('',(-0.000325471155023169,0.000397234029769827,0.0145833333333333));
#3259=CARTESIAN_POINT('',(-0.000401919642805474,0.000292011713338901,0.015));
#3260=CARTESIAN_POINT('',(0.00040191964280518,-0.000292011713338687,4.17208756564796E-19));
#3261=CARTESIAN_POINT('',(0.00040191964280518,-0.000292011713338688,0.));
#3262=CARTESIAN_POINT('',(0.000355633308535035,-0.000355719297404864,0.));
#3263=CARTESIAN_POINT('',(0.000255248309107276,-0.000373129009439941,0.));
#3264=CARTESIAN_POINT('',(0.000192469922708827,-0.00032559002323995,0.));
#3265=CARTESIAN_POINT('',(0.000412657338786267,0.000276601819356786,-6.01891776292106E-5));
#3266=CARTESIAN_POINT('',(0.000332831395387809,0.000395692725719989,-9.1718782436587E-5));
#3267=CARTESIAN_POINT('',(0.000210894806551609,0.000313959337874627,-9.17187824365873E-5));
#3268=CARTESIAN_POINT('',(0.000409180315231821,0.000281807056956505,-4.01261184194929E-5));
#3269=CARTESIAN_POINT('',(0.000327852165510292,0.000399894511187334,-7.16557232268692E-5));
#3270=CARTESIAN_POINT('',(0.000206943006339537,0.000316623021732392,-7.16557232268696E-5));
#3271=CARTESIAN_POINT('',(0.000405600740093675,0.000286945117583308,-2.00630592097565E-5));
#3272=CARTESIAN_POINT('',(0.000322789770997614,0.000403999523792136,-5.15926640171329E-5));
#3273=CARTESIAN_POINT('',(0.00020293834457702,0.000319209782928148,-5.15926640171332E-5));
#3274=CARTESIAN_POINT('',(0.000325471155022332,0.000397234029770361,0.000416666666669627));
#3275=CARTESIAN_POINT('',(0.000210831340829758,0.000491163426399277,0.000385137061862251));
#3276=CARTESIAN_POINT('',(0.000114657497115429,0.000373784288777922,0.00038513706186225));
#3277=CARTESIAN_POINT('',(0.000206177299835632,0.000470337398249022,0.000833333333330373));
#3278=CARTESIAN_POINT('',(7.04402080908551E-5,0.000529839166910552,0.000801803728522996));
#3279=CARTESIAN_POINT('',(9.51664203636477E-6,0.000390858631357098,0.000801803728522997));
#3280=CARTESIAN_POINT('',(-5.07440153717718E-5,0.00051102973696559,0.00166666666666963));
#3281=CARTESIAN_POINT('',(-0.000198224718690375,0.000496385260265122,0.00163513706186225));
#3282=CARTESIAN_POINT('',(-0.000183230311571663,0.000345380499020056,0.00163513706186225));
#3283=CARTESIAN_POINT('',(-0.000186789396907014,0.000478368130588029,0.00208333333333037));
#3284=CARTESIAN_POINT('',(-0.000324844119051447,0.000424461616669918,0.002051803728523));
#3285=CARTESIAN_POINT('',(-0.000269649506599858,0.000283108070835935,0.002051803728523));
#3286=CARTESIAN_POINT('',(-0.000397234029770361,0.000325471155022332,0.00291666666666963));
#3287=CARTESIAN_POINT('',(-0.000491163426399277,0.000210831340829757,0.00288513706186225));
#3288=CARTESIAN_POINT('',(-0.000373784288777922,0.000114657497115429,0.00288513706186225));
#3289=CARTESIAN_POINT('',(-0.000470337398249022,0.000206177299835632,0.00333333333333037));
#3290=CARTESIAN_POINT('',(-0.000529839166910552,7.04402080908552E-5,0.003301803728523));
#3291=CARTESIAN_POINT('',(-0.000390858631357098,9.51664203636488E-6,0.003301803728523));
#3292=CARTESIAN_POINT('',(-0.00051102973696559,-5.0744015371772E-5,0.00416666666666963));
#3293=CARTESIAN_POINT('',(-0.000496385260265122,-0.000198224718690375,0.00413513706186225));
#3294=CARTESIAN_POINT('',(-0.000345380499020056,-0.000183230311571663,0.00413513706186225));
#3295=CARTESIAN_POINT('',(-0.000478368130588029,-0.000186789396907014,0.00458333333333037));
#3296=CARTESIAN_POINT('',(-0.000424461616669918,-0.000324844119051447,0.004551803728523));
#3297=CARTESIAN_POINT('',(-0.000283108070835935,-0.000269649506599858,0.004551803728523));
#3298=CARTESIAN_POINT('',(-0.000325471155022332,-0.000397234029770361,0.00541666666666963));
#3299=CARTESIAN_POINT('',(-0.000210831340829757,-0.000491163426399277,0.00538513706186225));
#3300=CARTESIAN_POINT('',(-0.000114657497115429,-0.000373784288777922,0.00538513706186225));
#3301=CARTESIAN_POINT('',(-0.000206177299835632,-0.000470337398249022,0.00583333333333037));
#3302=CARTESIAN_POINT('',(-7.04402080908552E-5,-0.000529839166910552,0.005801803728523));
#3303=CARTESIAN_POINT('',(-9.5166420363649E-6,-0.000390858631357098,0.005801803728523));
#3304=CARTESIAN_POINT('',(5.0744015371772E-5,-0.00051102973696559,0.00666666666666963));
#3305=CARTESIAN_POINT('',(0.000198224718690375,-0.000496385260265122,0.00663513706186225));
#3306=CARTESIAN_POINT('',(0.000183230311571663,-0.000345380499020056,0.00663513706186225));
#3307=CARTESIAN_POINT('',(0.000186789396907014,-0.000478368130588029,0.00708333333333037));
#3308=CARTESIAN_POINT('',(0.000324844119051447,-0.000424461616669918,0.007051803728523));
#3309=CARTESIAN_POINT('',(0.000269649506599858,-0.000283108070835935,0.007051803728523));
#3310=CARTESIAN_POINT('',(0.000397234029770361,-0.000325471155022332,0.00791666666666963));
#3311=CARTESIAN_POINT('',(0.000491163426399277,-0.000210831340829758,0.00788513706186225));
#3312=CARTESIAN_POINT('',(0.000373784288777922,-0.000114657497115429,0.00788513706186225));
#3313=CARTESIAN_POINT('',(0.000470337398249021,-0.000206177299835632,0.00833333333333038));
#3314=CARTESIAN_POINT('',(0.000529839166910552,-7.04402080908556E-5,0.008301803728523));
#3315=CARTESIAN_POINT('',(0.000390858631357097,-9.51664203636515E-6,0.008301803728523));
#3316=CARTESIAN_POINT('',(0.00051102973696559,5.07440153717714E-5,0.00916666666666963));
#3317=CARTESIAN_POINT('',(0.000496385260265122,0.000198224718690374,0.00913513706186225));
#3318=CARTESIAN_POINT('',(0.000345380499020057,0.000183230311571662,0.00913513706186225));
#3319=CARTESIAN_POINT('',(0.000478368130588029,0.000186789396907013,0.00958333333333037));
#3320=CARTESIAN_POINT('',(0.000424461616669918,0.000324844119051447,0.009551803728523));
#3321=CARTESIAN_POINT('',(0.000283108070835935,0.000269649506599858,0.009551803728523));
#3322=CARTESIAN_POINT('',(0.000396310233030366,0.000299732403537256,0.0100305729274789));
#3323=CARTESIAN_POINT('',(0.000309808915233226,0.00041410561447158,0.00999904332267152));
#3324=CARTESIAN_POINT('',(0.000192702751366765,0.000325537343861135,0.00999904332267152));
#3325=CARTESIAN_POINT('',(0.000390470148320507,0.000307280168710747,0.0100611458549577));
#3326=CARTESIAN_POINT('',(0.000301790582105026,0.000419967959525364,0.0100296162501504));
#3327=CARTESIAN_POINT('',(0.000186410111546551,0.000329169391154314,0.0100296162501504));
#3328=CARTESIAN_POINT('',(0.000384412693170211,0.000314646855854378,0.0100917187824365));
#3329=CARTESIAN_POINT('',(0.000293607136777481,0.000425586494494543,0.0100601891776292));
#3330=CARTESIAN_POINT('',(0.00018001659056696,0.000332611135316961,0.0100601891776292));
#3331=CARTESIAN_POINT('',(0.00040191964280518,0.000292011713338687,0.));
#3332=CARTESIAN_POINT('',(0.000355629796960224,0.000355724130666159,0.));
#3333=CARTESIAN_POINT('',(0.000255252947887669,0.000373132522160314,0.));
#3334=CARTESIAN_POINT('',(0.000192469922708827,0.00032559002323995,0.));
#3335=CARTESIAN_POINT('',(0.00040191964280518,0.000292011713338687,4.17208756564796E-19));
#3336=CARTESIAN_POINT('',(-0.000401919642805474,-0.000292011713338901,-0.005));
#3337=CARTESIAN_POINT('',(-0.000325471155023169,-0.000397234029769826,-0.00458333333333333));
#3338=CARTESIAN_POINT('',(-0.000206177299835632,-0.000470337398249022,-0.00416666666666963));
#3339=CARTESIAN_POINT('',(5.07440153717719E-5,-0.00051102973696559,-0.00333333333333037));
#3340=CARTESIAN_POINT('',(0.000186789396907014,-0.000478368130588028,-0.00291666666666963));
#3341=CARTESIAN_POINT('',(0.000397234029770361,-0.000325471155022332,-0.00208333333333037));
#3342=CARTESIAN_POINT('',(0.000470337398249022,-0.000206177299835632,-0.00166666666666963));
#3343=CARTESIAN_POINT('',(0.00051102973696559,5.07440153717718E-5,-0.000833333333330373));
#3344=CARTESIAN_POINT('',(0.000478368130588028,0.000186789396907014,-0.000416666666669626));
#3345=CARTESIAN_POINT('',(0.000325471155022332,0.000397234029770361,0.000416666666669627));
#3346=CARTESIAN_POINT('',(0.000206177299835632,0.000470337398249022,0.000833333333330373));
#3347=CARTESIAN_POINT('',(-5.07440153717718E-5,0.00051102973696559,0.00166666666666963));
#3348=CARTESIAN_POINT('',(-0.000186789396907014,0.000478368130588029,0.00208333333333037));
#3349=CARTESIAN_POINT('',(-0.000397234029770361,0.000325471155022332,0.00291666666666963));
#3350=CARTESIAN_POINT('',(-0.000470337398249022,0.000206177299835632,0.00333333333333037));
#3351=CARTESIAN_POINT('',(-0.00051102973696559,-5.0744015371772E-5,0.00416666666666963));
#3352=CARTESIAN_POINT('',(-0.000478368130588029,-0.000186789396907014,0.00458333333333037));
#3353=CARTESIAN_POINT('',(-0.000325471155022332,-0.000397234029770361,0.00541666666666963));
#3354=CARTESIAN_POINT('',(-0.000206177299835632,-0.000470337398249022,0.00583333333333037));
#3355=CARTESIAN_POINT('',(5.0744015371772E-5,-0.00051102973696559,0.00666666666666963));
#3356=CARTESIAN_POINT('',(0.000186789396907014,-0.000478368130588029,0.00708333333333037));
#3357=CARTESIAN_POINT('',(0.000397234029770361,-0.000325471155022332,0.00791666666666963));
#3358=CARTESIAN_POINT('',(0.000470337398249021,-0.000206177299835632,0.00833333333333038));
#3359=CARTESIAN_POINT('',(0.00051102973696559,5.07440153717714E-5,0.00916666666666963));
#3360=CARTESIAN_POINT('',(0.000478368130588029,0.000186789396907013,0.00958333333333037));
#3361=CARTESIAN_POINT('',(0.000325471155022332,0.000397234029770361,0.0104166666666696));
#3362=CARTESIAN_POINT('',(0.000206177299835632,0.000470337398249022,0.0108333333333304));
#3363=CARTESIAN_POINT('',(-5.07440153717723E-5,0.00051102973696559,0.0116666666666696));
#3364=CARTESIAN_POINT('',(-0.000186789396907014,0.000478368130588029,0.0120833333333304));
#3365=CARTESIAN_POINT('',(-0.000397234029770361,0.000325471155022332,0.0129166666666696));
#3366=CARTESIAN_POINT('',(-0.000470337398249021,0.000206177299835633,0.0133333333333304));
#3367=CARTESIAN_POINT('',(-0.00051102973696559,-5.07440153717714E-5,0.0141666666666696));
#3368=CARTESIAN_POINT('',(-0.000478368130587779,-0.000186789396907974,0.0145833333333333));
#3369=CARTESIAN_POINT('',(-0.000401919642805474,-0.0002920117133389,0.015));
#3370=CARTESIAN_POINT('',(0.00040191964280518,0.000292011713338687,0.01));
#3371=CARTESIAN_POINT('',(0.00040191964280518,0.000292011713338687,0.01));
#3372=CARTESIAN_POINT('',(0.00035562979696023,0.000355724130666159,0.01));
#3373=CARTESIAN_POINT('',(0.000255252947887653,0.000373132522160336,0.01));
#3374=CARTESIAN_POINT('',(0.000192469922708827,0.00032559002323995,0.01));
#3375=CARTESIAN_POINT('',(0.000390582093256863,-0.00030698578819342,-6.01891776292106E-5));
#3376=CARTESIAN_POINT('',(0.000479176702682947,-0.000194265690613163,-9.1718782436587E-5));
#3377=CARTESIAN_POINT('',(0.00036376315338724,-0.000103554109077748,-9.17187824365873E-5));
#3378=CARTESIAN_POINT('',(0.000394458109026775,-0.00030207043540658,-4.01261184194929E-5));
#3379=CARTESIAN_POINT('',(0.000481634171480688,-0.000188231738475892,-7.16557232268692E-5));
#3380=CARTESIAN_POINT('',(0.000365075293853613,-9.89726001552684E-5,-7.16557232268696E-5));
#3381=CARTESIAN_POINT('',(0.000398238545516686,-0.000297078309094067,-2.00630592097565E-5));
#3382=CARTESIAN_POINT('',(0.000483973904531311,-0.000182148596529546,-5.15926640171329E-5));
#3383=CARTESIAN_POINT('',(0.000366297941403594,-9.43645873205903E-5,-5.15926640171332E-5));
#3384=CARTESIAN_POINT('',(0.000478368130588028,-0.000186789396907014,0.000416666666669627));
#3385=CARTESIAN_POINT('',(0.000532274644506139,-4.87346747625801E-5,0.000385137061862251));
#3386=CARTESIAN_POINT('',(0.000390921098672157,6.45993768900923E-6,0.00038513706186225));
#3387=CARTESIAN_POINT('',(0.00051102973696559,-5.07440153717721E-5,0.000833333333330373));
#3388=CARTESIAN_POINT('',(0.000525674213666058,9.67366879468306E-5,0.000801803728522996));
#3389=CARTESIAN_POINT('',(0.000374669452420993,0.000111731095065543,0.000801803728522997));
#3390=CARTESIAN_POINT('',(0.000470337398249022,0.000206177299835632,0.00166666666666963));
#3391=CARTESIAN_POINT('',(0.000410835629587491,0.000341914391580409,0.00163513706186225));
#3392=CARTESIAN_POINT('',(0.000271855094034036,0.000280990825525918,0.00163513706186225));
#3393=CARTESIAN_POINT('',(0.000397234029770361,0.000325471155022332,0.00208333333333037));
#3394=CARTESIAN_POINT('',(0.000303304633141445,0.000440110969214907,0.002051803728523));
#3395=CARTESIAN_POINT('',(0.00018592549552009,0.000343937125500578,0.002051803728523));
#3396=CARTESIAN_POINT('',(0.000186789396907014,0.000478368130588028,0.00291666666666963));
#3397=CARTESIAN_POINT('',(4.873467476258E-5,0.000532274644506139,0.00288513706186225));
#3398=CARTESIAN_POINT('',(-6.45993768900934E-6,0.000390921098672156,0.00288513706186225));
#3399=CARTESIAN_POINT('',(5.07440153717722E-5,0.00051102973696559,0.00333333333333037));
#3400=CARTESIAN_POINT('',(-9.67366879468306E-5,0.000525674213666058,0.003301803728523));
#3401=CARTESIAN_POINT('',(-0.000111731095065543,0.000374669452420993,0.003301803728523));
#3402=CARTESIAN_POINT('',(-0.000206177299835632,0.000470337398249022,0.00416666666666963));
#3403=CARTESIAN_POINT('',(-0.000341914391580409,0.000410835629587491,0.00413513706186225));
#3404=CARTESIAN_POINT('',(-0.000280990825525918,0.000271855094034036,0.00413513706186225));
#3405=CARTESIAN_POINT('',(-0.000325471155022332,0.000397234029770361,0.00458333333333037));
#3406=CARTESIAN_POINT('',(-0.000440110969214907,0.000303304633141445,0.004551803728523));
#3407=CARTESIAN_POINT('',(-0.000343937125500578,0.000185925495520091,0.004551803728523));
#3408=CARTESIAN_POINT('',(-0.000478368130588028,0.000186789396907014,0.00541666666666963));
#3409=CARTESIAN_POINT('',(-0.000532274644506139,4.87346747625801E-5,0.00538513706186225));
#3410=CARTESIAN_POINT('',(-0.000390921098672156,-6.45993768900934E-6,0.00538513706186225));
#3411=CARTESIAN_POINT('',(-0.00051102973696559,5.07440153717723E-5,0.00583333333333037));
#3412=CARTESIAN_POINT('',(-0.000525674213666058,-9.67366879468305E-5,0.005801803728523));
#3413=CARTESIAN_POINT('',(-0.000374669452420993,-0.000111731095065543,0.005801803728523));
#3414=CARTESIAN_POINT('',(-0.000470337398249022,-0.000206177299835632,0.00666666666666963));
#3415=CARTESIAN_POINT('',(-0.000410835629587491,-0.000341914391580409,0.00663513706186225));
#3416=CARTESIAN_POINT('',(-0.000271855094034036,-0.000280990825525918,0.00663513706186225));
#3417=CARTESIAN_POINT('',(-0.000397234029770361,-0.000325471155022332,0.00708333333333037));
#3418=CARTESIAN_POINT('',(-0.000303304633141445,-0.000440110969214907,0.007051803728523));
#3419=CARTESIAN_POINT('',(-0.000185925495520091,-0.000343937125500578,0.007051803728523));
#3420=CARTESIAN_POINT('',(-0.000186789396907014,-0.000478368130588028,0.00791666666666963));
#3421=CARTESIAN_POINT('',(-4.87346747625802E-5,-0.000532274644506139,0.00788513706186225));
#3422=CARTESIAN_POINT('',(6.45993768900918E-6,-0.000390921098672157,0.00788513706186225));
#3423=CARTESIAN_POINT('',(-5.07440153717727E-5,-0.00051102973696559,0.00833333333333038));
#3424=CARTESIAN_POINT('',(9.67366879468302E-5,-0.000525674213666058,0.008301803728523));
#3425=CARTESIAN_POINT('',(0.000111731095065542,-0.000374669452420993,0.008301803728523));
#3426=CARTESIAN_POINT('',(0.000206177299835631,-0.000470337398249022,0.00916666666666963));
#3427=CARTESIAN_POINT('',(0.000341914391580408,-0.000410835629587491,0.00913513706186225));
#3428=CARTESIAN_POINT('',(0.000280990825525918,-0.000271855094034036,0.00913513706186225));
#3429=CARTESIAN_POINT('',(0.000325471155022332,-0.000397234029770361,0.00958333333333037));
#3430=CARTESIAN_POINT('',(0.000440110969214907,-0.000303304633141445,0.009551803728523));
#3431=CARTESIAN_POINT('',(0.000343937125500578,-0.000185925495520091,0.009551803728523));
#3432=CARTESIAN_POINT('',(0.000407529052579994,-0.00028429102314012,0.0100305729274789));
#3433=CARTESIAN_POINT('',(0.000489574062893539,-0.000166680115301094,0.00999904332267151));
#3434=CARTESIAN_POINT('',(0.000369152837211689,-8.26746358385952E-5,0.00999904332267151));
#3435=CARTESIAN_POINT('',(0.000412902718407772,-0.000276404384812933,0.0100611458549577));
#3436=CARTESIAN_POINT('',(0.000492671683154537,-0.000157242663081186,0.0100296162501504));
#3437=CARTESIAN_POINT('',(0.000370662586813433,-7.55676153949172E-5,0.0100296162501504));
#3438=CARTESIAN_POINT('',(0.000418036997635125,-0.000268366971100453,0.0100917187824365));
#3439=CARTESIAN_POINT('',(0.000495486403770257,-0.000147723521287714,0.0100601891776292));
#3440=CARTESIAN_POINT('',(0.000371960173390152,-6.84234581686594E-5,0.0100601891776292));
#3441=CARTESIAN_POINT('',(0.00040191964280518,-0.000292011713338688,0.));
#3442=CARTESIAN_POINT('',(0.000448205891871948,-0.000228304067368634,0.));
#3443=CARTESIAN_POINT('',(0.000433742841146227,-0.000127452362638569,0.));
#3444=CARTESIAN_POINT('',(0.000369130990266105,-8.24369238029751E-5,0.));
#3445=CARTESIAN_POINT('',(0.00040191964280518,-0.000292011713338688,0.01));
#3446=CARTESIAN_POINT('',(0.000448205891871954,-0.000228304067368637,0.01));
#3447=CARTESIAN_POINT('',(0.000433742841146242,-0.000127452362638547,0.01));
#3448=CARTESIAN_POINT('',(0.000369130990266104,-8.24369238029742E-5,0.01));
#3449=CARTESIAN_POINT('',(0.000371960173390152,6.8423458168659E-5,-6.01891776291524E-5));
#3450=CARTESIAN_POINT('',(0.000495486403770257,0.000147723521287714,-6.01891776291518E-5));
#3451=CARTESIAN_POINT('',(0.000418036997635125,0.000268366971100453,-9.17187824365291E-5));
#3452=CARTESIAN_POINT('',(0.000370662586813433,7.55676153949168E-5,-2.96162501503524E-5));
#3453=CARTESIAN_POINT('',(0.000492671683154538,0.000157242663081186,-2.96162501503517E-5));
#3454=CARTESIAN_POINT('',(0.000412902718407772,0.000276404384812932,-6.11458549577291E-5));
#3455=CARTESIAN_POINT('',(0.000369152837211689,8.26746358385949E-5,9.56677328488472E-7));
#3456=CARTESIAN_POINT('',(0.000489574062893539,0.000166680115301094,9.56677328489149E-7));
#3457=CARTESIAN_POINT('',(0.000407529052579994,0.000284291023140119,-3.05729274788883E-5));
#3458=CARTESIAN_POINT('',(0.000343937125500579,0.00018592549552009,0.000448196271477004));
#3459=CARTESIAN_POINT('',(0.000440110969214907,0.000303304633141445,0.000448196271477004));
#3460=CARTESIAN_POINT('',(0.000325471155022332,0.000397234029770361,0.000416666666669627));
#3461=CARTESIAN_POINT('',(0.000280990825525918,0.000271855094034036,0.00086486293813775));
#3462=CARTESIAN_POINT('',(0.000341914391580409,0.000410835629587491,0.00086486293813775));
#3463=CARTESIAN_POINT('',(0.000206177299835632,0.000470337398249022,0.000833333333330373));
#3464=CARTESIAN_POINT('',(0.000111731095065543,0.000374669452420993,0.001698196271477));
#3465=CARTESIAN_POINT('',(9.67366879468309E-5,0.000525674213666058,0.001698196271477));
#3466=CARTESIAN_POINT('',(-5.07440153717718E-5,0.00051102973696559,0.00166666666666963));
#3467=CARTESIAN_POINT('',(6.45993768900964E-6,0.000390921098672157,0.00211486293813775));
#3468=CARTESIAN_POINT('',(-4.87346747625798E-5,0.000532274644506139,0.00211486293813775));
#3469=CARTESIAN_POINT('',(-0.000186789396907014,0.000478368130588029,0.00208333333333037));
#3470=CARTESIAN_POINT('',(-0.00018592549552009,0.000343937125500579,0.00294819627147701));
#3471=CARTESIAN_POINT('',(-0.000303304633141445,0.000440110969214907,0.00294819627147701));
#3472=CARTESIAN_POINT('',(-0.000397234029770361,0.000325471155022332,0.00291666666666963));
#3473=CARTESIAN_POINT('',(-0.000271855094034036,0.000280990825525919,0.00336486293813775));
#3474=CARTESIAN_POINT('',(-0.000410835629587491,0.000341914391580409,0.00336486293813775));
#3475=CARTESIAN_POINT('',(-0.000470337398249022,0.000206177299835632,0.00333333333333037));
#3476=CARTESIAN_POINT('',(-0.000374669452420993,0.000111731095065543,0.004198196271477));
#3477=CARTESIAN_POINT('',(-0.000525674213666058,9.67366879468308E-5,0.004198196271477));
#3478=CARTESIAN_POINT('',(-0.00051102973696559,-5.0744015371772E-5,0.00416666666666963));
#3479=CARTESIAN_POINT('',(-0.000390921098672157,6.45993768900964E-6,0.00461486293813775));
#3480=CARTESIAN_POINT('',(-0.000532274644506139,-4.87346747625798E-5,0.00461486293813775));
#3481=CARTESIAN_POINT('',(-0.000478368130588029,-0.000186789396907014,0.00458333333333037));
#3482=CARTESIAN_POINT('',(-0.000343937125500579,-0.00018592549552009,0.00544819627147701));
#3483=CARTESIAN_POINT('',(-0.000440110969214907,-0.000303304633141445,0.00544819627147701));
#3484=CARTESIAN_POINT('',(-0.000325471155022332,-0.000397234029770361,0.00541666666666963));
#3485=CARTESIAN_POINT('',(-0.000280990825525919,-0.000271855094034036,0.00586486293813775));
#3486=CARTESIAN_POINT('',(-0.000341914391580409,-0.000410835629587491,0.00586486293813775));
#3487=CARTESIAN_POINT('',(-0.000206177299835632,-0.000470337398249022,0.00583333333333037));
#3488=CARTESIAN_POINT('',(-0.000111731095065543,-0.000374669452420993,0.006698196271477));
#3489=CARTESIAN_POINT('',(-9.67366879468308E-5,-0.000525674213666058,0.00669819627147701));
#3490=CARTESIAN_POINT('',(5.0744015371772E-5,-0.00051102973696559,0.00666666666666963));
#3491=CARTESIAN_POINT('',(-6.45993768900964E-6,-0.000390921098672157,0.00711486293813775));
#3492=CARTESIAN_POINT('',(4.87346747625798E-5,-0.000532274644506139,0.00711486293813775));
#3493=CARTESIAN_POINT('',(0.000186789396907014,-0.000478368130588029,0.00708333333333037));
#3494=CARTESIAN_POINT('',(0.00018592549552009,-0.000343937125500579,0.00794819627147701));
#3495=CARTESIAN_POINT('',(0.000303304633141445,-0.000440110969214907,0.00794819627147701));
#3496=CARTESIAN_POINT('',(0.000397234029770361,-0.000325471155022332,0.00791666666666963));
#3497=CARTESIAN_POINT('',(0.000271855094034036,-0.000280990825525919,0.00836486293813775));
#3498=CARTESIAN_POINT('',(0.000410835629587491,-0.000341914391580409,0.00836486293813775));
#3499=CARTESIAN_POINT('',(0.000470337398249021,-0.000206177299835632,0.00833333333333038));
#3500=CARTESIAN_POINT('',(0.000374669452420993,-0.000111731095065543,0.009198196271477));
#3501=CARTESIAN_POINT('',(0.000525674213666058,-9.67366879468313E-5,0.009198196271477));
#3502=CARTESIAN_POINT('',(0.00051102973696559,5.07440153717714E-5,0.00916666666666963));
#3503=CARTESIAN_POINT('',(0.000390921098672157,-6.4599376890098E-6,0.00961486293813775));
#3504=CARTESIAN_POINT('',(0.000532274644506139,4.87346747625795E-5,0.00961486293813775));
#3505=CARTESIAN_POINT('',(0.000478368130588029,0.000186789396907013,0.00958333333333037));
#3506=CARTESIAN_POINT('',(0.000366297941403594,9.436458732059E-5,0.0100515926640171));
#3507=CARTESIAN_POINT('',(0.000483973904531311,0.000182148596529545,0.0100515926640171));
#3508=CARTESIAN_POINT('',(0.000398238545516686,0.000297078309094067,0.0100200630592098));
#3509=CARTESIAN_POINT('',(0.000365075293853613,9.89726001552682E-5,0.0100716557232269));
#3510=CARTESIAN_POINT('',(0.000481634171480688,0.000188231738475892,0.0100716557232269));
#3511=CARTESIAN_POINT('',(0.000394458109026775,0.00030207043540658,0.0100401261184195));
#3512=CARTESIAN_POINT('',(0.00036376315338724,0.000103554109077748,0.0100917187824366));
#3513=CARTESIAN_POINT('',(0.000479176702682947,0.000194265690613163,0.0100917187824366));
#3514=CARTESIAN_POINT('',(0.000390582093256863,0.00030698578819342,0.0100601891776292));
#3515=CARTESIAN_POINT('',(0.00040191964280518,0.000292011713338687,0.01));
#3516=CARTESIAN_POINT('',(0.000448209403440298,0.000228299234102643,0.01));
#3517=CARTESIAN_POINT('',(0.000433747615403779,0.000127455688890627,0.01));
#3518=CARTESIAN_POINT('',(0.000369130990266105,8.24369238029753E-5,0.01));
#3519=CARTESIAN_POINT('',(0.00040191964280518,0.000292011713338687,0.));
#3520=CARTESIAN_POINT('',(0.000448209403440298,0.000228299234102644,0.));
#3521=CARTESIAN_POINT('',(0.000433747615403802,0.000127455688890591,0.));
#3522=CARTESIAN_POINT('',(0.000369130990266105,8.24369238029749E-5,0.));
#3523=CARTESIAN_POINT('',(1.62630325872826E-19,-4.33680868994202E-19,0.002));
#3524=CARTESIAN_POINT('',(-0.0005325,0.,0.005));
#3525=CARTESIAN_POINT('',(-0.0005325,0.,0.));
#3526=CARTESIAN_POINT('',(-0.0005325,0.,0.01));
#3527=CARTESIAN_POINT('',(-9.48676900924816E-20,1.0842021724855E-19,0.01));
#3528=CARTESIAN_POINT('',(0.,0.0005325,0.01));
#3529=CARTESIAN_POINT('',(0.,0.0005325,0.005));
#3530=CARTESIAN_POINT('',(0.,0.0005325,0.));
#3531=CARTESIAN_POINT('',(-9.48676900924816E-20,1.0842021724855E-19,0.));
#3532=CARTESIAN_POINT('',(-4.33680868994202E-19,-1.62630325872826E-19,0.002));
#3533=CARTESIAN_POINT('',(1.0842021724855E-19,9.48676900924816E-20,0.01));
#3534=CARTESIAN_POINT('',(0.0005325,0.,0.01));
#3535=CARTESIAN_POINT('',(0.0005325,0.,0.005));
#3536=CARTESIAN_POINT('',(0.0005325,0.,0.));
#3537=CARTESIAN_POINT('',(1.0842021724855E-19,9.48676900924816E-20,0.));
#3538=CARTESIAN_POINT('',(-1.62630325872826E-19,4.33680868994202E-19,0.002));
#3539=CARTESIAN_POINT('',(0.,-0.0005325,0.005));
#3540=CARTESIAN_POINT('',(0.,-0.0005325,0.));
#3541=CARTESIAN_POINT('',(0.,-0.0005325,0.01));
#3542=CARTESIAN_POINT('',(9.48676900924816E-20,-1.0842021724855E-19,0.));
#3543=CARTESIAN_POINT('',(9.48676900924816E-20,-1.0842021724855E-19,0.01));
#3544=CARTESIAN_POINT('',(4.33680868994202E-19,1.62630325872826E-19,0.002));
#3545=CARTESIAN_POINT('',(-1.0842021724855E-19,-9.48676900924816E-20,0.));
#3546=CARTESIAN_POINT('',(-1.0842021724855E-19,-9.48676900924816E-20,0.01));
#3547=CARTESIAN_POINT('',(-0.0005325,-0.0005325,0.));
#3548=CARTESIAN_POINT('',(-0.0005325,-0.0005325,0.01));
#3549=CARTESIAN_POINT('',(0.,0.,0.));
#3550=CARTESIAN_POINT('',(-0.0005325,-0.0005325,0.01));
#3551=CARTESIAN_POINT('',(-0.000496799999999637,0.,0.01));
#3552=CARTESIAN_POINT('',(-0.000496799947337067,-7.87529170891868E-5,0.01));
#3553=CARTESIAN_POINT('',(-0.000425825766381954,-0.000151836633209157,0.01));
#3554=CARTESIAN_POINT('',(-0.00034708845233148,-0.000150276879921933,0.01));
#3555=CARTESIAN_POINT('',(-0.000496799999999637,1.56453283711798E-19,0.01));
#3556=CARTESIAN_POINT('',(-0.00034708845233148,-0.000150276879921933,0.01));
#3557=CARTESIAN_POINT('',(-0.00034708845233148,-0.000150276879921933,0.01));
#3558=CARTESIAN_POINT('',(-0.000270275036021419,-0.000148755094601774,0.01));
#3559=CARTESIAN_POINT('',(-0.000203200058817607,-7.68285562759992E-5,0.01));
#3560=CARTESIAN_POINT('',(-0.000203199999999852,2.16840434497101E-19,0.01));
#3561=CARTESIAN_POINT('',(-0.000203199999999852,7.49671984452368E-20,0.01));
#3562=CARTESIAN_POINT('',(-0.000347088452331479,0.000150276879921933,0.01));
#3563=CARTESIAN_POINT('',(-0.000270275036021416,0.000148755094601843,0.01));
#3564=CARTESIAN_POINT('',(-0.000203200058817607,7.68285562759968E-5,0.01));
#3565=CARTESIAN_POINT('',(-0.000203199999999852,2.16840434497101E-19,0.01));
#3566=CARTESIAN_POINT('',(-0.000347088452331479,0.000150276879921933,0.01));
#3567=CARTESIAN_POINT('',(-0.000496799999999637,0.,0.01));
#3568=CARTESIAN_POINT('',(-0.000496799947337059,7.87529170891911E-5,0.01));
#3569=CARTESIAN_POINT('',(-0.000425825766381954,0.000151836633209086,0.01));
#3570=CARTESIAN_POINT('',(-0.000347088452331479,0.000150276879921933,0.01));
#3571=CARTESIAN_POINT('',(-0.0005325,-0.0005325,0.));
#3572=CARTESIAN_POINT('',(-0.000496799999999637,0.,0.));
#3573=CARTESIAN_POINT('',(-0.000496799947337062,-7.8752917089191E-5,0.));
#3574=CARTESIAN_POINT('',(-0.000425825766381954,-0.000151836633209129,0.));
#3575=CARTESIAN_POINT('',(-0.00034708845233148,-0.000150276879921933,0.));
#3576=CARTESIAN_POINT('',(-0.000496799999999637,9.12644154985491E-20,4.17208756564796E-19));
#3577=CARTESIAN_POINT('',(-0.00034708845233148,-0.000150276879921933,-2.31694224474728E-20));
#3578=CARTESIAN_POINT('',(-0.000496799999999637,0.,0.));
#3579=CARTESIAN_POINT('',(-0.000496799947337059,7.87529170891911E-5,0.));
#3580=CARTESIAN_POINT('',(-0.000425825766381952,0.000151836633209128,0.));
#3581=CARTESIAN_POINT('',(-0.000347088452331479,0.000150276879921934,0.));
#3582=CARTESIAN_POINT('',(-0.000347088452331479,0.000150276879921934,-1.19947517512379E-18));
#3583=CARTESIAN_POINT('',(-0.000347088452331479,0.000150276879921934,0.));
#3584=CARTESIAN_POINT('',(-0.000270275036021417,0.000148755094601819,0.));
#3585=CARTESIAN_POINT('',(-0.000203200058817602,7.68285562759965E-5,0.));
#3586=CARTESIAN_POINT('',(-0.000203199999999852,-1.0842021724855E-19,0.));
#3587=CARTESIAN_POINT('',(-0.000203199999999852,2.93349906959622E-20,4.17208756564796E-19));
#3588=CARTESIAN_POINT('',(-0.00034708845233148,-0.000150276879921933,0.));
#3589=CARTESIAN_POINT('',(-0.000270275036021415,-0.000148755094601831,0.));
#3590=CARTESIAN_POINT('',(-0.000203200058817602,-7.68285562759985E-5,0.));
#3591=CARTESIAN_POINT('',(-0.000203199999999852,-1.0842021724855E-19,0.));
#3592=CARTESIAN_POINT('',(-0.000496429270106815,1.87783254541572E-5,-6.01891776292106E-5));
#3593=CARTESIAN_POINT('',(-0.000501848603747885,-0.000124488753949137,-9.1718782436587E-5));
#3594=CARTESIAN_POINT('',(-0.000355158151147884,-0.000130037582807169,-9.17187824365873E-5));
#3595=CARTESIAN_POINT('',(-0.00049667586085722,1.25234566090482E-5,-4.01261184194929E-5));
#3596=CARTESIAN_POINT('',(-0.000500290069689077,-0.000130814787688715,-7.16557232268692E-5));
#3597=CARTESIAN_POINT('',(-0.000353526751706307,-0.000134515358200406,-7.16557232268696E-5));
#3598=CARTESIAN_POINT('',(-0.000496799999999637,6.26265676816103E-6,-2.00630592097565E-5));
#3599=CARTESIAN_POINT('',(-0.000498607372365668,-0.000137111413483962,-5.15926640171329E-5));
#3600=CARTESIAN_POINT('',(-0.000351807372365775,-0.000138961973092589,-5.15926640171332E-5));
#3601=CARTESIAN_POINT('',(-0.000496799999999637,-0.000130061935859542,0.000416666666669627));
#3602=CARTESIAN_POINT('',(-0.000459264756181065,-0.000273436006111664,0.000385137061862251));
#3603=CARTESIAN_POINT('',(-0.000312464756181172,-0.000235003855982476,0.00038513706186225));
#3604=CARTESIAN_POINT('',(-0.000443258325713752,-0.000259322972072688,0.000833333333330373));
#3605=CARTESIAN_POINT('',(-0.000368418973829762,-0.000387245174831884,0.000801803728522996));
#3606=CARTESIAN_POINT('',(-0.000237440064379724,-0.000310617533325703,0.000801803728522997));
#3607=CARTESIAN_POINT('',(-0.000259322972072689,-0.000443258325713752,0.00166666666666963));
#3608=CARTESIAN_POINT('',(-0.000131400769313493,-0.000518097677597742,0.00163513706186225));
#3609=CARTESIAN_POINT('',(-5.47731278073125E-5,-0.000387118768147704,0.00163513706186225));
#3610=CARTESIAN_POINT('',(-0.000130061935859542,-0.000496799999999637,0.00208333333333037));
#3611=CARTESIAN_POINT('',(1.3312134392581E-5,-0.000534335243818209,0.002051803728523));
#3612=CARTESIAN_POINT('',(5.17442845217692E-5,-0.000387535243818316,0.002051803728523));
#3613=CARTESIAN_POINT('',(0.000130061935859542,-0.000496799999999637,0.00291666666666963));
#3614=CARTESIAN_POINT('',(0.000273436006111664,-0.000459264756181065,0.00288513706186225));
#3615=CARTESIAN_POINT('',(0.000235003855982476,-0.000312464756181172,0.00288513706186225));
#3616=CARTESIAN_POINT('',(0.000259322972072688,-0.000443258325713752,0.00333333333333037));
#3617=CARTESIAN_POINT('',(0.000387245174831884,-0.000368418973829762,0.003301803728523));
#3618=CARTESIAN_POINT('',(0.000310617533325703,-0.000237440064379725,0.003301803728523));
#3619=CARTESIAN_POINT('',(0.000443258325713752,-0.000259322972072688,0.00416666666666963));
#3620=CARTESIAN_POINT('',(0.000518097677597742,-0.000131400769313493,0.00413513706186225));
#3621=CARTESIAN_POINT('',(0.000387118768147704,-5.47731278073124E-5,0.00413513706186225));
#3622=CARTESIAN_POINT('',(0.000496799999999637,-0.000130061935859542,0.00458333333333037));
#3623=CARTESIAN_POINT('',(0.000534335243818209,1.33121343925809E-5,0.004551803728523));
#3624=CARTESIAN_POINT('',(0.000387535243818316,5.17442845217692E-5,0.004551803728523));
#3625=CARTESIAN_POINT('',(0.000496799999999637,0.000130061935859542,0.00541666666666963));
#3626=CARTESIAN_POINT('',(0.000459264756181065,0.000273436006111664,0.00538513706186225));
#3627=CARTESIAN_POINT('',(0.000312464756181172,0.000235003855982476,0.00538513706186225));
#3628=CARTESIAN_POINT('',(0.000443258325713752,0.000259322972072688,0.00583333333333037));
#3629=CARTESIAN_POINT('',(0.000368418973829762,0.000387245174831884,0.005801803728523));
#3630=CARTESIAN_POINT('',(0.000237440064379725,0.000310617533325703,0.005801803728523));
#3631=CARTESIAN_POINT('',(0.000259322972072688,0.000443258325713752,0.00666666666666963));
#3632=CARTESIAN_POINT('',(0.000131400769313493,0.000518097677597742,0.00663513706186225));
#3633=CARTESIAN_POINT('',(5.47731278073124E-5,0.000387118768147704,0.00663513706186225));
#3634=CARTESIAN_POINT('',(0.000130061935859542,0.000496799999999637,0.00708333333333037));
#3635=CARTESIAN_POINT('',(-1.33121343925809E-5,0.000534335243818209,0.007051803728523));
#3636=CARTESIAN_POINT('',(-5.17442845217692E-5,0.000387535243818316,0.007051803728523));
#3637=CARTESIAN_POINT('',(-0.000130061935859541,0.000496799999999637,0.00791666666666963));
#3638=CARTESIAN_POINT('',(-0.000273436006111664,0.000459264756181065,0.00788513706186225));
#3639=CARTESIAN_POINT('',(-0.000235003855982476,0.000312464756181172,0.00788513706186225));
#3640=CARTESIAN_POINT('',(-0.000259322972072688,0.000443258325713752,0.00833333333333038));
#3641=CARTESIAN_POINT('',(-0.000387245174831883,0.000368418973829763,0.008301803728523));
#3642=CARTESIAN_POINT('',(-0.000310617533325703,0.000237440064379725,0.008301803728523));
#3643=CARTESIAN_POINT('',(-0.000443258325713752,0.000259322972072689,0.00916666666666963));
#3644=CARTESIAN_POINT('',(-0.000518097677597742,0.000131400769313494,0.00913513706186225));
#3645=CARTESIAN_POINT('',(-0.000387118768147704,5.47731278073127E-5,0.00913513706186225));
#3646=CARTESIAN_POINT('',(-0.000496799999999637,0.000130061935859542,0.00958333333333037));
#3647=CARTESIAN_POINT('',(-0.000534335243818209,-1.33121343925807E-5,0.009551803728523));
#3648=CARTESIAN_POINT('',(-0.000387535243818316,-5.1744284521769E-5,0.009551803728523));
#3649=CARTESIAN_POINT('',(-0.000496799999999637,-9.54329791864655E-6,0.0100305729274789));
#3650=CARTESIAN_POINT('',(-0.000494045850510454,-0.000152917368170769,0.00999904332267151));
#3651=CARTESIAN_POINT('',(-0.000347245850510562,-0.000150097408157771,0.00999904332267151));
#3652=CARTESIAN_POINT('',(-0.000496511737277516,-1.90822838781458E-5,0.0100611458549577));
#3653=CARTESIAN_POINT('',(-0.000491004682709646,-0.000162373162906894,0.0100296162501504));
#3654=CARTESIAN_POINT('',(-0.000344289861791088,-0.000156734517026637,0.0100296162501504));
#3655=CARTESIAN_POINT('',(-0.000495941183179542,-2.86025417733539E-5,0.0100917187824365));
#3656=CARTESIAN_POINT('',(-0.000487686628361496,-0.000171728761656922,0.0100601891776292));
#3657=CARTESIAN_POINT('',(-0.000341140401125674,-0.000163276963886534,0.0100601891776292));
#3658=CARTESIAN_POINT('',(0.0004968,0.,-0.005));
#3659=CARTESIAN_POINT('',(0.0004968,0.000130061935858617,-0.00458333333333333));
#3660=CARTESIAN_POINT('',(0.000443258325713752,0.000259322972072688,-0.00416666666666963));
#3661=CARTESIAN_POINT('',(0.000259322972072689,0.000443258325713752,-0.00333333333333037));
#3662=CARTESIAN_POINT('',(0.000130061935859542,0.000496799999999637,-0.00291666666666963));
#3663=CARTESIAN_POINT('',(-0.000130061935859542,0.000496799999999637,-0.00208333333333037));
#3664=CARTESIAN_POINT('',(-0.000259322972072689,0.000443258325713752,-0.00166666666666963));
#3665=CARTESIAN_POINT('',(-0.000443258325713752,0.000259322972072689,-0.000833333333330373));
#3666=CARTESIAN_POINT('',(-0.000496799999999637,0.000130061935859542,-0.000416666666669626));
#3667=CARTESIAN_POINT('',(-0.000496799999999637,-0.000130061935859542,0.000416666666669627));
#3668=CARTESIAN_POINT('',(-0.000443258325713752,-0.000259322972072688,0.000833333333330373));
#3669=CARTESIAN_POINT('',(-0.000259322972072689,-0.000443258325713752,0.00166666666666963));
#3670=CARTESIAN_POINT('',(-0.000130061935859542,-0.000496799999999637,0.00208333333333037));
#3671=CARTESIAN_POINT('',(0.000130061935859542,-0.000496799999999637,0.00291666666666963));
#3672=CARTESIAN_POINT('',(0.000259322972072688,-0.000443258325713752,0.00333333333333037));
#3673=CARTESIAN_POINT('',(0.000443258325713752,-0.000259322972072688,0.00416666666666963));
#3674=CARTESIAN_POINT('',(0.000496799999999637,-0.000130061935859542,0.00458333333333037));
#3675=CARTESIAN_POINT('',(0.000496799999999637,0.000130061935859542,0.00541666666666963));
#3676=CARTESIAN_POINT('',(0.000443258325713752,0.000259322972072688,0.00583333333333037));
#3677=CARTESIAN_POINT('',(0.000259322972072688,0.000443258325713752,0.00666666666666963));
#3678=CARTESIAN_POINT('',(0.000130061935859542,0.000496799999999637,0.00708333333333037));
#3679=CARTESIAN_POINT('',(-0.000130061935859541,0.000496799999999637,0.00791666666666963));
#3680=CARTESIAN_POINT('',(-0.000259322972072688,0.000443258325713752,0.00833333333333038));
#3681=CARTESIAN_POINT('',(-0.000443258325713752,0.000259322972072689,0.00916666666666963));
#3682=CARTESIAN_POINT('',(-0.000496799999999637,0.000130061935859542,0.00958333333333037));
#3683=CARTESIAN_POINT('',(-0.000496799999999637,-0.000130061935859542,0.0104166666666696));
#3684=CARTESIAN_POINT('',(-0.000443258325713752,-0.000259322972072689,0.0108333333333304));
#3685=CARTESIAN_POINT('',(-0.000259322972072688,-0.000443258325713752,0.0116666666666696));
#3686=CARTESIAN_POINT('',(-0.000130061935859542,-0.000496799999999637,0.0120833333333304));
#3687=CARTESIAN_POINT('',(0.000130061935859541,-0.000496799999999637,0.0129166666666696));
#3688=CARTESIAN_POINT('',(0.000259322972072688,-0.000443258325713752,0.0133333333333304));
#3689=CARTESIAN_POINT('',(0.000443258325713752,-0.000259322972072689,0.0141666666666696));
#3690=CARTESIAN_POINT('',(0.0004968,-0.000130061935858618,0.0145833333333333));
#3691=CARTESIAN_POINT('',(0.0004968,-2.43361811926562E-19,0.015));
#3692=CARTESIAN_POINT('',(0.00035,0.000143374070252227,-0.00503152960480738));
#3693=CARTESIAN_POINT('',(0.000312464756181695,0.00023500385598193,-0.00461486293814071));
#3694=CARTESIAN_POINT('',(0.000237440064379724,0.000310617533325703,-0.004198196271477));
#3695=CARTESIAN_POINT('',(5.47731278073124E-5,0.000387118768147704,-0.00336486293813775));
#3696=CARTESIAN_POINT('',(-5.17442845217694E-5,0.000387535243818316,-0.002948196271477));
#3697=CARTESIAN_POINT('',(-0.000235003855982476,0.000312464756181172,-0.00211486293813775));
#3698=CARTESIAN_POINT('',(-0.000310617533325703,0.000237440064379724,-0.001698196271477));
#3699=CARTESIAN_POINT('',(-0.000387118768147704,5.47731278073125E-5,-0.000864862938137749));
#3700=CARTESIAN_POINT('',(-0.000387535243818316,-5.17442845217693E-5,-0.000448196271477003));
#3701=CARTESIAN_POINT('',(-0.000312464756181172,-0.000235003855982476,0.00038513706186225));
#3702=CARTESIAN_POINT('',(-0.000237440064379724,-0.000310617533325703,0.000801803728522997));
#3703=CARTESIAN_POINT('',(-5.47731278073125E-5,-0.000387118768147704,0.00163513706186225));
#3704=CARTESIAN_POINT('',(5.17442845217692E-5,-0.000387535243818316,0.002051803728523));
#3705=CARTESIAN_POINT('',(0.000235003855982476,-0.000312464756181172,0.00288513706186225));
#3706=CARTESIAN_POINT('',(0.000310617533325703,-0.000237440064379725,0.003301803728523));
#3707=CARTESIAN_POINT('',(0.000387118768147704,-5.47731278073124E-5,0.00413513706186225));
#3708=CARTESIAN_POINT('',(0.000387535243818316,5.17442845217692E-5,0.004551803728523));
#3709=CARTESIAN_POINT('',(0.000312464756181172,0.000235003855982476,0.00538513706186225));
#3710=CARTESIAN_POINT('',(0.000237440064379725,0.000310617533325703,0.005801803728523));
#3711=CARTESIAN_POINT('',(5.47731278073124E-5,0.000387118768147704,0.00663513706186225));
#3712=CARTESIAN_POINT('',(-5.17442845217692E-5,0.000387535243818316,0.007051803728523));
#3713=CARTESIAN_POINT('',(-0.000235003855982476,0.000312464756181172,0.00788513706186225));
#3714=CARTESIAN_POINT('',(-0.000310617533325703,0.000237440064379725,0.008301803728523));
#3715=CARTESIAN_POINT('',(-0.000387118768147704,5.47731278073127E-5,0.00913513706186225));
#3716=CARTESIAN_POINT('',(-0.000387535243818316,-5.1744284521769E-5,0.009551803728523));
#3717=CARTESIAN_POINT('',(-0.000312464756181172,-0.000235003855982476,0.0103851370618623));
#3718=CARTESIAN_POINT('',(-0.000237440064379724,-0.000310617533325703,0.010801803728523));
#3719=CARTESIAN_POINT('',(-5.47731278073122E-5,-0.000387118768147704,0.0116351370618623));
#3720=CARTESIAN_POINT('',(5.17442845217692E-5,-0.000387535243818316,0.012051803728523));
#3721=CARTESIAN_POINT('',(0.000235003855982476,-0.000312464756181172,0.0128851370618623));
#3722=CARTESIAN_POINT('',(0.000310617533325703,-0.000237440064379725,0.013301803728523));
#3723=CARTESIAN_POINT('',(0.000387118768147704,-5.47731278073127E-5,0.0141351370618623));
#3724=CARTESIAN_POINT('',(0.000387535243818305,5.17442845225249E-5,0.014551803728526));
#3725=CARTESIAN_POINT('',(0.00035,0.000143374070252227,0.0149684703951926));
#3726=CARTESIAN_POINT('',(-0.000355158151147884,-0.000130037582807169,-9.17187824365869E-5));
#3727=CARTESIAN_POINT('',(-0.000208467698547883,-0.000135586411665201,-9.17187824365866E-5));
#3728=CARTESIAN_POINT('',(-0.000203048364906813,7.6806677380932E-6,-6.01891776292102E-5));
#3729=CARTESIAN_POINT('',(-0.000353526751706307,-0.000134515358200406,-7.16557232268693E-5));
#3730=CARTESIAN_POINT('',(-0.000206763433723538,-0.000138215928712098,-7.16557232268689E-5));
#3731=CARTESIAN_POINT('',(-0.000203149224891681,5.12231558566539E-6,-4.01261184194926E-5));
#3732=CARTESIAN_POINT('',(-0.000351807372365775,-0.000138961973092589,-5.1592664017133E-5));
#3733=CARTESIAN_POINT('',(-0.000205007372365882,-0.000140812532701216,-5.15926640171327E-5));
#3734=CARTESIAN_POINT('',(-0.000203199999999852,2.56153755090641E-6,-2.00630592097564E-5));
#3735=CARTESIAN_POINT('',(-0.000312464756181172,-0.000235003855982476,0.00038513706186225));
#3736=CARTESIAN_POINT('',(-0.00016566475618128,-0.000196571705853288,0.000385137061862251));
#3737=CARTESIAN_POINT('',(-0.000203199999999852,-5.31976356011651E-5,0.000416666666669627));
#3738=CARTESIAN_POINT('',(-0.000237440064379724,-0.000310617533325703,0.000801803728522997));
#3739=CARTESIAN_POINT('',(-0.000106461154929687,-0.000233989891819522,0.000801803728522996));
#3740=CARTESIAN_POINT('',(-0.000181300506813676,-0.000106067689060327,0.000833333333330373));
#3741=CARTESIAN_POINT('',(-5.47731278073125E-5,-0.000387118768147704,0.00163513706186225));
#3742=CARTESIAN_POINT('',(2.18545136988685E-5,-0.000256139858697666,0.00163513706186225));
#3743=CARTESIAN_POINT('',(-0.000106067689060327,-0.000181300506813676,0.00166666666666963));
#3744=CARTESIAN_POINT('',(5.17442845217692E-5,-0.000387535243818316,0.002051803728523));
#3745=CARTESIAN_POINT('',(9.01764346509575E-5,-0.000240735243818424,0.002051803728523));
#3746=CARTESIAN_POINT('',(-5.31976356011653E-5,-0.000203199999999852,0.00208333333333037));
#3747=CARTESIAN_POINT('',(0.000235003855982476,-0.000312464756181172,0.00288513706186225));
#3748=CARTESIAN_POINT('',(0.000196571705853288,-0.000165664756181279,0.00288513706186225));
#3749=CARTESIAN_POINT('',(5.31976356011652E-5,-0.000203199999999852,0.00291666666666963));
#3750=CARTESIAN_POINT('',(0.000310617533325703,-0.000237440064379725,0.003301803728523));
#3751=CARTESIAN_POINT('',(0.000233989891819522,-0.000106461154929687,0.003301803728523));
#3752=CARTESIAN_POINT('',(0.000106067689060327,-0.000181300506813676,0.00333333333333037));
#3753=CARTESIAN_POINT('',(0.000387118768147704,-5.47731278073124E-5,0.00413513706186225));
#3754=CARTESIAN_POINT('',(0.000256139858697666,2.18545136988685E-5,0.00413513706186225));
#3755=CARTESIAN_POINT('',(0.000181300506813676,-0.000106067689060327,0.00416666666666963));
#3756=CARTESIAN_POINT('',(0.000387535243818316,5.17442845217692E-5,0.004551803728523));
#3757=CARTESIAN_POINT('',(0.000240735243818424,9.01764346509575E-5,0.004551803728523));
#3758=CARTESIAN_POINT('',(0.000203199999999852,-5.31976356011653E-5,0.00458333333333037));
#3759=CARTESIAN_POINT('',(0.000312464756181172,0.000235003855982476,0.00538513706186225));
#3760=CARTESIAN_POINT('',(0.000165664756181279,0.000196571705853288,0.00538513706186225));
#3761=CARTESIAN_POINT('',(0.000203199999999852,5.31976356011652E-5,0.00541666666666963));
#3762=CARTESIAN_POINT('',(0.000237440064379725,0.000310617533325703,0.005801803728523));
#3763=CARTESIAN_POINT('',(0.000106461154929687,0.000233989891819522,0.005801803728523));
#3764=CARTESIAN_POINT('',(0.000181300506813676,0.000106067689060327,0.00583333333333037));
#3765=CARTESIAN_POINT('',(5.47731278073124E-5,0.000387118768147704,0.00663513706186225));
#3766=CARTESIAN_POINT('',(-2.18545136988685E-5,0.000256139858697666,0.00663513706186225));
#3767=CARTESIAN_POINT('',(0.000106067689060327,0.000181300506813676,0.00666666666666963));
#3768=CARTESIAN_POINT('',(-5.17442845217692E-5,0.000387535243818316,0.007051803728523));
#3769=CARTESIAN_POINT('',(-9.01764346509575E-5,0.000240735243818424,0.007051803728523));
#3770=CARTESIAN_POINT('',(5.31976356011653E-5,0.000203199999999852,0.00708333333333037));
#3771=CARTESIAN_POINT('',(-0.000235003855982476,0.000312464756181172,0.00788513706186225));
#3772=CARTESIAN_POINT('',(-0.000196571705853288,0.00016566475618128,0.00788513706186225));
#3773=CARTESIAN_POINT('',(-5.31976356011651E-5,0.000203199999999852,0.00791666666666963));
#3774=CARTESIAN_POINT('',(-0.000310617533325703,0.000237440064379725,0.008301803728523));
#3775=CARTESIAN_POINT('',(-0.000233989891819522,0.000106461154929687,0.008301803728523));
#3776=CARTESIAN_POINT('',(-0.000106067689060326,0.000181300506813676,0.00833333333333038));
#3777=CARTESIAN_POINT('',(-0.000387118768147704,5.47731278073127E-5,0.00913513706186225));
#3778=CARTESIAN_POINT('',(-0.000256139858697666,-2.18545136988683E-5,0.00913513706186225));
#3779=CARTESIAN_POINT('',(-0.000181300506813676,0.000106067689060327,0.00916666666666963));
#3780=CARTESIAN_POINT('',(-0.000387535243818316,-5.1744284521769E-5,0.009551803728523));
#3781=CARTESIAN_POINT('',(-0.000240735243818424,-9.01764346509574E-5,0.009551803728523));
#3782=CARTESIAN_POINT('',(-0.000203199999999852,5.31976356011653E-5,0.00958333333333037));
#3783=CARTESIAN_POINT('',(-0.000347245850510562,-0.000150097408157771,0.00999904332267151));
#3784=CARTESIAN_POINT('',(-0.000200445850510669,-0.000147277448144774,0.00999904332267151));
#3785=CARTESIAN_POINT('',(-0.000203199999999852,-3.9033778926508E-6,0.0100305729274789));
#3786=CARTESIAN_POINT('',(-0.000344289861791088,-0.000156734517026636,0.0100296162501504));
#3787=CARTESIAN_POINT('',(-0.000197575040872531,-0.000151095871146379,0.0100296162501504));
#3788=CARTESIAN_POINT('',(-0.000203082095440401,-7.80499211763099E-6,0.0100611458549577));
#3789=CARTESIAN_POINT('',(-0.000341140401125674,-0.000163276963886534,0.0100601891776292));
#3790=CARTESIAN_POINT('',(-0.000194594173889851,-0.000154825166116147,0.0100601891776292));
#3791=CARTESIAN_POINT('',(-0.000202848728707896,-1.16989462325791E-5,0.0100917187824365));
#3792=CARTESIAN_POINT('',(0.0002032,0.,-0.005));
#3793=CARTESIAN_POINT('',(0.0002032,5.31976356007872E-5,-0.00458333333333333));
#3794=CARTESIAN_POINT('',(0.000181300506813676,0.000106067689060327,-0.00416666666666963));
#3795=CARTESIAN_POINT('',(0.000106067689060327,0.000181300506813676,-0.00333333333333037));
#3796=CARTESIAN_POINT('',(5.31976356011652E-5,0.000203199999999852,-0.00291666666666963));
#3797=CARTESIAN_POINT('',(-5.31976356011651E-5,0.000203199999999852,-0.00208333333333037));
#3798=CARTESIAN_POINT('',(-0.000106067689060327,0.000181300506813676,-0.00166666666666963));
#3799=CARTESIAN_POINT('',(-0.000181300506813676,0.000106067689060327,-0.000833333333330373));
#3800=CARTESIAN_POINT('',(-0.000203199999999852,5.31976356011652E-5,-0.000416666666669626));
#3801=CARTESIAN_POINT('',(-0.000203199999999852,-5.31976356011651E-5,0.000416666666669627));
#3802=CARTESIAN_POINT('',(-0.000181300506813676,-0.000106067689060327,0.000833333333330373));
#3803=CARTESIAN_POINT('',(-0.000106067689060327,-0.000181300506813676,0.00166666666666963));
#3804=CARTESIAN_POINT('',(-5.31976356011653E-5,-0.000203199999999852,0.00208333333333037));
#3805=CARTESIAN_POINT('',(5.31976356011652E-5,-0.000203199999999852,0.00291666666666963));
#3806=CARTESIAN_POINT('',(0.000106067689060327,-0.000181300506813676,0.00333333333333037));
#3807=CARTESIAN_POINT('',(0.000181300506813676,-0.000106067689060327,0.00416666666666963));
#3808=CARTESIAN_POINT('',(0.000203199999999852,-5.31976356011653E-5,0.00458333333333037));
#3809=CARTESIAN_POINT('',(0.000203199999999852,5.31976356011652E-5,0.00541666666666963));
#3810=CARTESIAN_POINT('',(0.000181300506813676,0.000106067689060327,0.00583333333333037));
#3811=CARTESIAN_POINT('',(0.000106067689060327,0.000181300506813676,0.00666666666666963));
#3812=CARTESIAN_POINT('',(5.31976356011653E-5,0.000203199999999852,0.00708333333333037));
#3813=CARTESIAN_POINT('',(-5.31976356011651E-5,0.000203199999999852,0.00791666666666963));
#3814=CARTESIAN_POINT('',(-0.000106067689060326,0.000181300506813676,0.00833333333333038));
#3815=CARTESIAN_POINT('',(-0.000181300506813676,0.000106067689060327,0.00916666666666963));
#3816=CARTESIAN_POINT('',(-0.000203199999999852,5.31976356011653E-5,0.00958333333333037));
#3817=CARTESIAN_POINT('',(-0.000203199999999852,-5.31976356011652E-5,0.0104166666666696));
#3818=CARTESIAN_POINT('',(-0.000181300506813676,-0.000106067689060327,0.0108333333333304));
#3819=CARTESIAN_POINT('',(-0.000106067689060327,-0.000181300506813676,0.0116666666666696));
#3820=CARTESIAN_POINT('',(-5.31976356011652E-5,-0.000203199999999852,0.0120833333333304));
#3821=CARTESIAN_POINT('',(5.31976356011651E-5,-0.000203199999999852,0.0129166666666696));
#3822=CARTESIAN_POINT('',(0.000106067689060326,-0.000181300506813676,0.0133333333333304));
#3823=CARTESIAN_POINT('',(0.000181300506813676,-0.000106067689060327,0.0141666666666696));
#3824=CARTESIAN_POINT('',(0.0002032,-5.31976356007873E-5,0.0145833333333333));
#3825=CARTESIAN_POINT('',(0.0002032,-9.95392918346969E-20,0.015));
#3826=CARTESIAN_POINT('',(-0.000202848728707896,1.16989462325792E-5,-9.17187824365283E-5));
#3827=CARTESIAN_POINT('',(-0.000194594173889851,0.000154825166116147,-6.01891776291509E-5));
#3828=CARTESIAN_POINT('',(-0.000341140401125674,0.000163276963886534,-6.01891776291516E-5));
#3829=CARTESIAN_POINT('',(-0.000203082095440401,7.8049921176311E-6,-6.11458549577285E-5));
#3830=CARTESIAN_POINT('',(-0.000197575040872531,0.000151095871146379,-2.96162501503511E-5));
#3831=CARTESIAN_POINT('',(-0.000344289861791088,0.000156734517026637,-2.96162501503518E-5));
#3832=CARTESIAN_POINT('',(-0.000203199999999852,3.90337789265091E-6,-3.05729274788879E-5));
#3833=CARTESIAN_POINT('',(-0.000200445850510669,0.000147277448144774,9.56677328489417E-7));
#3834=CARTESIAN_POINT('',(-0.000347245850510562,0.000150097408157771,9.56677328488743E-7));
#3835=CARTESIAN_POINT('',(-0.000203199999999852,-5.31976356011651E-5,0.000416666666669627));
#3836=CARTESIAN_POINT('',(-0.000240735243818424,9.01764346509576E-5,0.000448196271477004));
#3837=CARTESIAN_POINT('',(-0.000387535243818316,5.17442845217694E-5,0.000448196271477004));
#3838=CARTESIAN_POINT('',(-0.000181300506813676,-0.000106067689060327,0.000833333333330373));
#3839=CARTESIAN_POINT('',(-0.000256139858697666,2.18545136988685E-5,0.00086486293813775));
#3840=CARTESIAN_POINT('',(-0.000387118768147704,-5.47731278073124E-5,0.00086486293813775));
#3841=CARTESIAN_POINT('',(-0.000106067689060327,-0.000181300506813676,0.00166666666666963));
#3842=CARTESIAN_POINT('',(-0.000233989891819522,-0.000106461154929687,0.001698196271477));
#3843=CARTESIAN_POINT('',(-0.000310617533325703,-0.000237440064379724,0.001698196271477));
#3844=CARTESIAN_POINT('',(-5.31976356011653E-5,-0.000203199999999852,0.00208333333333037));
#3845=CARTESIAN_POINT('',(-0.000196571705853288,-0.000165664756181279,0.00211486293813775));
#3846=CARTESIAN_POINT('',(-0.000235003855982476,-0.000312464756181172,0.00211486293813775));
#3847=CARTESIAN_POINT('',(5.31976356011652E-5,-0.000203199999999852,0.00291666666666963));
#3848=CARTESIAN_POINT('',(-9.01764346509576E-5,-0.000240735243818424,0.00294819627147701));
#3849=CARTESIAN_POINT('',(-5.17442845217694E-5,-0.000387535243818316,0.00294819627147701));
#3850=CARTESIAN_POINT('',(0.000106067689060327,-0.000181300506813676,0.00333333333333037));
#3851=CARTESIAN_POINT('',(-2.18545136988686E-5,-0.000256139858697666,0.00336486293813775));
#3852=CARTESIAN_POINT('',(5.47731278073123E-5,-0.000387118768147704,0.00336486293813775));
#3853=CARTESIAN_POINT('',(0.000181300506813676,-0.000106067689060327,0.00416666666666963));
#3854=CARTESIAN_POINT('',(0.000106461154929687,-0.000233989891819522,0.004198196271477));
#3855=CARTESIAN_POINT('',(0.000237440064379724,-0.000310617533325703,0.004198196271477));
#3856=CARTESIAN_POINT('',(0.000203199999999852,-5.31976356011653E-5,0.00458333333333037));
#3857=CARTESIAN_POINT('',(0.000165664756181279,-0.000196571705853288,0.00461486293813775));
#3858=CARTESIAN_POINT('',(0.000312464756181172,-0.000235003855982476,0.00461486293813775));
#3859=CARTESIAN_POINT('',(0.000203199999999852,5.31976356011652E-5,0.00541666666666963));
#3860=CARTESIAN_POINT('',(0.000240735243818424,-9.01764346509576E-5,0.00544819627147701));
#3861=CARTESIAN_POINT('',(0.000387535243818316,-5.17442845217694E-5,0.00544819627147701));
#3862=CARTESIAN_POINT('',(0.000181300506813676,0.000106067689060327,0.00583333333333037));
#3863=CARTESIAN_POINT('',(0.000256139858697666,-2.18545136988686E-5,0.00586486293813775));
#3864=CARTESIAN_POINT('',(0.000387118768147704,5.47731278073122E-5,0.00586486293813775));
#3865=CARTESIAN_POINT('',(0.000106067689060327,0.000181300506813676,0.00666666666666963));
#3866=CARTESIAN_POINT('',(0.000233989891819522,0.000106461154929687,0.00669819627147701));
#3867=CARTESIAN_POINT('',(0.000310617533325703,0.000237440064379724,0.006698196271477));
#3868=CARTESIAN_POINT('',(5.31976356011653E-5,0.000203199999999852,0.00708333333333037));
#3869=CARTESIAN_POINT('',(0.000196571705853288,0.000165664756181279,0.00711486293813775));
#3870=CARTESIAN_POINT('',(0.000235003855982476,0.000312464756181172,0.00711486293813775));
#3871=CARTESIAN_POINT('',(-5.31976356011651E-5,0.000203199999999852,0.00791666666666963));
#3872=CARTESIAN_POINT('',(9.01764346509577E-5,0.000240735243818424,0.00794819627147701));
#3873=CARTESIAN_POINT('',(5.17442845217695E-5,0.000387535243818316,0.00794819627147701));
#3874=CARTESIAN_POINT('',(-0.000106067689060326,0.000181300506813676,0.00833333333333038));
#3875=CARTESIAN_POINT('',(2.18545136988689E-5,0.000256139858697666,0.00836486293813775));
#3876=CARTESIAN_POINT('',(-5.4773127807312E-5,0.000387118768147704,0.00836486293813775));
#3877=CARTESIAN_POINT('',(-0.000181300506813676,0.000106067689060327,0.00916666666666963));
#3878=CARTESIAN_POINT('',(-0.000106461154929686,0.000233989891819522,0.009198196271477));
#3879=CARTESIAN_POINT('',(-0.000237440064379724,0.000310617533325703,0.009198196271477));
#3880=CARTESIAN_POINT('',(-0.000203199999999852,5.31976356011653E-5,0.00958333333333037));
#3881=CARTESIAN_POINT('',(-0.000165664756181279,0.000196571705853288,0.00961486293813775));
#3882=CARTESIAN_POINT('',(-0.000312464756181172,0.000235003855982476,0.00961486293813775));
#3883=CARTESIAN_POINT('',(-0.000203199999999852,-2.56153755090641E-6,0.0100200630592098));
#3884=CARTESIAN_POINT('',(-0.000205007372365882,0.000140812532701216,0.0100515926640171));
#3885=CARTESIAN_POINT('',(-0.000351807372365775,0.000138961973092589,0.0100515926640171));
#3886=CARTESIAN_POINT('',(-0.000203149224891681,-5.1223155856655E-6,0.0100401261184195));
#3887=CARTESIAN_POINT('',(-0.000206763433723538,0.000138215928712098,0.0100716557232269));
#3888=CARTESIAN_POINT('',(-0.000353526751706307,0.000134515358200406,0.0100716557232269));
#3889=CARTESIAN_POINT('',(-0.000203048364906813,-7.68066773809341E-6,0.0100601891776292));
#3890=CARTESIAN_POINT('',(-0.000208467698547883,0.000135586411665201,0.0100917187824366));
#3891=CARTESIAN_POINT('',(-0.000355158151147884,0.000130037582807169,0.0100917187824366));
#3892=CARTESIAN_POINT('',(0.00035,-0.000143374070252227,-0.00496847039519263));
#3893=CARTESIAN_POINT('',(0.000387535243818305,-5.17442845225252E-5,-0.00455180372852596));
#3894=CARTESIAN_POINT('',(0.000387118768147704,5.47731278073124E-5,-0.00413513706186225));
#3895=CARTESIAN_POINT('',(0.000310617533325703,0.000237440064379724,-0.003301803728523));
#3896=CARTESIAN_POINT('',(0.000235003855982476,0.000312464756181172,-0.00288513706186225));
#3897=CARTESIAN_POINT('',(5.17442845217694E-5,0.000387535243818316,-0.002051803728523));
#3898=CARTESIAN_POINT('',(-5.47731278073124E-5,0.000387118768147704,-0.00163513706186225));
#3899=CARTESIAN_POINT('',(-0.000237440064379724,0.000310617533325703,-0.000801803728522996));
#3900=CARTESIAN_POINT('',(-0.000312464756181172,0.000235003855982476,-0.00038513706186225));
#3901=CARTESIAN_POINT('',(-0.000387535243818316,5.17442845217694E-5,0.000448196271477004));
#3902=CARTESIAN_POINT('',(-0.000387118768147704,-5.47731278073124E-5,0.00086486293813775));
#3903=CARTESIAN_POINT('',(-0.000310617533325703,-0.000237440064379724,0.001698196271477));
#3904=CARTESIAN_POINT('',(-0.000235003855982476,-0.000312464756181172,0.00211486293813775));
#3905=CARTESIAN_POINT('',(-5.17442845217694E-5,-0.000387535243818316,0.00294819627147701));
#3906=CARTESIAN_POINT('',(5.47731278073123E-5,-0.000387118768147704,0.00336486293813775));
#3907=CARTESIAN_POINT('',(0.000237440064379724,-0.000310617533325703,0.004198196271477));
#3908=CARTESIAN_POINT('',(0.000312464756181172,-0.000235003855982476,0.00461486293813775));
#3909=CARTESIAN_POINT('',(0.000387535243818316,-5.17442845217694E-5,0.00544819627147701));
#3910=CARTESIAN_POINT('',(0.000387118768147704,5.47731278073122E-5,0.00586486293813775));
#3911=CARTESIAN_POINT('',(0.000310617533325703,0.000237440064379724,0.006698196271477));
#3912=CARTESIAN_POINT('',(0.000235003855982476,0.000312464756181172,0.00711486293813775));
#3913=CARTESIAN_POINT('',(5.17442845217695E-5,0.000387535243818316,0.00794819627147701));
#3914=CARTESIAN_POINT('',(-5.4773127807312E-5,0.000387118768147704,0.00836486293813775));
#3915=CARTESIAN_POINT('',(-0.000237440064379724,0.000310617533325703,0.009198196271477));
#3916=CARTESIAN_POINT('',(-0.000312464756181172,0.000235003855982476,0.00961486293813775));
#3917=CARTESIAN_POINT('',(-0.000387535243818316,5.17442845217693E-5,0.010448196271477));
#3918=CARTESIAN_POINT('',(-0.000387118768147704,-5.47731278073124E-5,0.0108648629381377));
#3919=CARTESIAN_POINT('',(-0.000310617533325703,-0.000237440064379725,0.011698196271477));
#3920=CARTESIAN_POINT('',(-0.000235003855982476,-0.000312464756181172,0.0121148629381378));
#3921=CARTESIAN_POINT('',(-5.17442845217695E-5,-0.000387535243818316,0.012948196271477));
#3922=CARTESIAN_POINT('',(5.47731278073119E-5,-0.000387118768147704,0.0133648629381377));
#3923=CARTESIAN_POINT('',(0.000237440064379724,-0.000310617533325703,0.014198196271477));
#3924=CARTESIAN_POINT('',(0.000312464756181694,-0.00023500385598193,0.0146148629381407));
#3925=CARTESIAN_POINT('',(0.00035,-0.000143374070252228,0.0150315296048074));
#3926=CARTESIAN_POINT('',(-0.000341140401125674,0.000163276963886534,-6.01891776291524E-5));
#3927=CARTESIAN_POINT('',(-0.000487686628361497,0.000171728761656921,-6.01891776291518E-5));
#3928=CARTESIAN_POINT('',(-0.000495941183179542,2.86025417733533E-5,-9.17187824365291E-5));
#3929=CARTESIAN_POINT('',(-0.000344289861791088,0.000156734517026637,-2.96162501503524E-5));
#3930=CARTESIAN_POINT('',(-0.000491004682709646,0.000162373162906894,-2.96162501503517E-5));
#3931=CARTESIAN_POINT('',(-0.000496511737277516,1.90822838781455E-5,-6.11458549577291E-5));
#3932=CARTESIAN_POINT('',(-0.000347245850510562,0.000150097408157771,9.56677328488472E-7));
#3933=CARTESIAN_POINT('',(-0.000494045850510455,0.000152917368170769,9.56677328489149E-7));
#3934=CARTESIAN_POINT('',(-0.000496799999999637,9.54329791864661E-6,-3.05729274788883E-5));
#3935=CARTESIAN_POINT('',(-0.000387535243818316,5.17442845217694E-5,0.000448196271477004));
#3936=CARTESIAN_POINT('',(-0.000534335243818209,1.33121343925813E-5,0.000448196271477004));
#3937=CARTESIAN_POINT('',(-0.000496799999999637,-0.000130061935859542,0.000416666666669627));
#3938=CARTESIAN_POINT('',(-0.000387118768147704,-5.47731278073124E-5,0.00086486293813775));
#3939=CARTESIAN_POINT('',(-0.000518097677597742,-0.000131400769313493,0.00086486293813775));
#3940=CARTESIAN_POINT('',(-0.000443258325713752,-0.000259322972072688,0.000833333333330373));
#3941=CARTESIAN_POINT('',(-0.000310617533325703,-0.000237440064379724,0.001698196271477));
#3942=CARTESIAN_POINT('',(-0.000387245174831884,-0.000368418973829762,0.001698196271477));
#3943=CARTESIAN_POINT('',(-0.000259322972072689,-0.000443258325713752,0.00166666666666963));
#3944=CARTESIAN_POINT('',(-0.000235003855982476,-0.000312464756181172,0.00211486293813775));
#3945=CARTESIAN_POINT('',(-0.000273436006111665,-0.000459264756181065,0.00211486293813775));
#3946=CARTESIAN_POINT('',(-0.000130061935859542,-0.000496799999999637,0.00208333333333037));
#3947=CARTESIAN_POINT('',(-5.17442845217694E-5,-0.000387535243818316,0.00294819627147701));
#3948=CARTESIAN_POINT('',(-1.33121343925811E-5,-0.000534335243818209,0.00294819627147701));
#3949=CARTESIAN_POINT('',(0.000130061935859542,-0.000496799999999637,0.00291666666666963));
#3950=CARTESIAN_POINT('',(5.47731278073123E-5,-0.000387118768147704,0.00336486293813775));
#3951=CARTESIAN_POINT('',(0.000131400769313493,-0.000518097677597742,0.00336486293813775));
#3952=CARTESIAN_POINT('',(0.000259322972072688,-0.000443258325713752,0.00333333333333037));
#3953=CARTESIAN_POINT('',(0.000237440064379724,-0.000310617533325703,0.004198196271477));
#3954=CARTESIAN_POINT('',(0.000368418973829762,-0.000387245174831884,0.004198196271477));
#3955=CARTESIAN_POINT('',(0.000443258325713752,-0.000259322972072688,0.00416666666666963));
#3956=CARTESIAN_POINT('',(0.000312464756181172,-0.000235003855982476,0.00461486293813775));
#3957=CARTESIAN_POINT('',(0.000459264756181065,-0.000273436006111665,0.00461486293813775));
#3958=CARTESIAN_POINT('',(0.000496799999999637,-0.000130061935859542,0.00458333333333037));
#3959=CARTESIAN_POINT('',(0.000387535243818316,-5.17442845217694E-5,0.00544819627147701));
#3960=CARTESIAN_POINT('',(0.000534335243818209,-1.33121343925812E-5,0.00544819627147701));
#3961=CARTESIAN_POINT('',(0.000496799999999637,0.000130061935859542,0.00541666666666963));
#3962=CARTESIAN_POINT('',(0.000387118768147704,5.47731278073122E-5,0.00586486293813775));
#3963=CARTESIAN_POINT('',(0.000518097677597742,0.000131400769313493,0.00586486293813775));
#3964=CARTESIAN_POINT('',(0.000443258325713752,0.000259322972072688,0.00583333333333037));
#3965=CARTESIAN_POINT('',(0.000310617533325703,0.000237440064379724,0.006698196271477));
#3966=CARTESIAN_POINT('',(0.000387245174831884,0.000368418973829762,0.00669819627147701));
#3967=CARTESIAN_POINT('',(0.000259322972072688,0.000443258325713752,0.00666666666666963));
#3968=CARTESIAN_POINT('',(0.000235003855982476,0.000312464756181172,0.00711486293813775));
#3969=CARTESIAN_POINT('',(0.000273436006111665,0.000459264756181065,0.00711486293813775));
#3970=CARTESIAN_POINT('',(0.000130061935859542,0.000496799999999637,0.00708333333333037));
#3971=CARTESIAN_POINT('',(5.17442845217695E-5,0.000387535243818316,0.00794819627147701));
#3972=CARTESIAN_POINT('',(1.33121343925814E-5,0.000534335243818209,0.00794819627147701));
#3973=CARTESIAN_POINT('',(-0.000130061935859541,0.000496799999999637,0.00791666666666963));
#3974=CARTESIAN_POINT('',(-5.4773127807312E-5,0.000387118768147704,0.00836486293813775));
#3975=CARTESIAN_POINT('',(-0.000131400769313493,0.000518097677597742,0.00836486293813775));
#3976=CARTESIAN_POINT('',(-0.000259322972072688,0.000443258325713752,0.00833333333333038));
#3977=CARTESIAN_POINT('',(-0.000237440064379724,0.000310617533325703,0.009198196271477));
#3978=CARTESIAN_POINT('',(-0.000368418973829762,0.000387245174831884,0.009198196271477));
#3979=CARTESIAN_POINT('',(-0.000443258325713752,0.000259322972072689,0.00916666666666963));
#3980=CARTESIAN_POINT('',(-0.000312464756181172,0.000235003855982476,0.00961486293813775));
#3981=CARTESIAN_POINT('',(-0.000459264756181065,0.000273436006111665,0.00961486293813775));
#3982=CARTESIAN_POINT('',(-0.000496799999999637,0.000130061935859542,0.00958333333333037));
#3983=CARTESIAN_POINT('',(-0.000351807372365775,0.000138961973092589,0.0100515926640171));
#3984=CARTESIAN_POINT('',(-0.000498607372365667,0.000137111413483962,0.0100515926640171));
#3985=CARTESIAN_POINT('',(-0.000496799999999637,-6.2626567681608E-6,0.0100200630592098));
#3986=CARTESIAN_POINT('',(-0.000353526751706307,0.000134515358200406,0.0100716557232269));
#3987=CARTESIAN_POINT('',(-0.000500290069689077,0.000130814787688715,0.0100716557232269));
#3988=CARTESIAN_POINT('',(-0.00049667586085722,-1.25234566090481E-5,0.0100401261184195));
#3989=CARTESIAN_POINT('',(-0.000355158151147884,0.000130037582807169,0.0100917187824366));
#3990=CARTESIAN_POINT('',(-0.000501848603747885,0.000124488753949137,0.0100917187824366));
#3991=CARTESIAN_POINT('',(-0.000496429270106815,-1.87783254541573E-5,0.0100601891776292));
#3992=CARTESIAN_POINT('',(0.,0.,0.));
#3993=CARTESIAN_POINT('',(-7.38100635063743E-5,-0.000189305432057687,-9.17187824365283E-5));
#3994=CARTESIAN_POINT('',(-0.000207380389859559,-0.000137226449624201,-6.01891776291509E-5));
#3995=CARTESIAN_POINT('',(-0.000260703801880896,-0.000273988444831231,-6.01891776291516E-5));
#3996=CARTESIAN_POINT('',(-7.01788073574644E-5,-0.000190730675006157,-6.11458549577285E-5));
#3997=CARTESIAN_POINT('',(-0.000204754758132994,-0.000141213838114983,-2.96162501503511E-5));
#3998=CARTESIAN_POINT('',(-0.000255454802031005,-0.000279005487184392,-2.96162501503518E-5));
#3999=CARTESIAN_POINT('',(-6.65045862373116E-5,-0.000192048474006737,-3.05729274788879E-5));
#4000=CARTESIAN_POINT('',(-0.000202010351021146,-0.000145124097927586,9.56677328489417E-7));
#4001=CARTESIAN_POINT('',(-0.000250055987141408,-0.000283867778952138,9.56677328488743E-7));
#4002=CARTESIAN_POINT('',(-1.21982952669603E-5,-0.00020969365757236,0.000416666666669627));
#4003=CARTESIAN_POINT('',(-0.000160154167275947,-0.000201086771536127,0.000448196271477004));
#4004=CARTESIAN_POINT('',(-0.000168966715234558,-0.000352578055648442,0.000448196271477004));
#4005=CARTESIAN_POINT('',(4.4851429154975E-5,-0.000205203746886479,0.000833333333330373));
#4006=CARTESIAN_POINT('',(-9.99364469381471E-5,-0.000236850065560585,0.00086486293813775));
#4007=CARTESIAN_POINT('',(-6.75339380801238E-5,-0.000385097654354557,0.00086486293813775));
#4008=CARTESIAN_POINT('',(0.000139650309939042,-0.000156901304543409,0.00166666666666963));
#4009=CARTESIAN_POINT('',(2.89437220439986E-5,-0.000255435917476212,0.001698196271477));
#4010=CARTESIAN_POINT('',(0.000129832823909409,-0.000368787844183753,0.001698196271477));
#4011=CARTESIAN_POINT('',(0.000176815710649708,-0.000113386211246927,0.00208333333333037));
#4012=CARTESIAN_POINT('',(9.68125481647142E-5,-0.000238144026800021,0.00211486293813775));
#4013=CARTESIAN_POINT('',(0.000224551457236452,-0.000320058868389828,0.00211486293813775));
#4014=CARTESIAN_POINT('',(0.00020969365757236,-1.21982952669603E-5,0.00291666666666963));
#4015=CARTESIAN_POINT('',(0.000201086771536127,-0.000160154167275947,0.00294819627147701));
#4016=CARTESIAN_POINT('',(0.000352578055648442,-0.000168966715234558,0.00294819627147701));
#4017=CARTESIAN_POINT('',(0.000205203746886479,4.48514291549749E-5,0.00333333333333037));
#4018=CARTESIAN_POINT('',(0.000236850065560585,-9.99364469381472E-5,0.00336486293813775));
#4019=CARTESIAN_POINT('',(0.000385097654354557,-6.7533938080124E-5,0.00336486293813775));
#4020=CARTESIAN_POINT('',(0.000156901304543409,0.000139650309939042,0.00416666666666963));
#4021=CARTESIAN_POINT('',(0.000255435917476212,2.89437220439986E-5,0.004198196271477));
#4022=CARTESIAN_POINT('',(0.000368787844183753,0.000129832823909409,0.004198196271477));
#4023=CARTESIAN_POINT('',(0.000113386211246927,0.000176815710649708,0.00458333333333037));
#4024=CARTESIAN_POINT('',(0.000238144026800021,9.68125481647142E-5,0.00461486293813775));
#4025=CARTESIAN_POINT('',(0.000320058868389828,0.000224551457236452,0.00461486293813775));
#4026=CARTESIAN_POINT('',(1.21982952669603E-5,0.00020969365757236,0.00541666666666963));
#4027=CARTESIAN_POINT('',(0.000160154167275947,0.000201086771536127,0.00544819627147701));
#4028=CARTESIAN_POINT('',(0.000168966715234558,0.000352578055648442,0.00544819627147701));
#4029=CARTESIAN_POINT('',(-4.48514291549749E-5,0.000205203746886479,0.00583333333333037));
#4030=CARTESIAN_POINT('',(9.99364469381472E-5,0.000236850065560585,0.00586486293813775));
#4031=CARTESIAN_POINT('',(6.7533938080124E-5,0.000385097654354557,0.00586486293813775));
#4032=CARTESIAN_POINT('',(-0.000139650309939042,0.000156901304543409,0.00666666666666963));
#4033=CARTESIAN_POINT('',(-2.89437220439986E-5,0.000255435917476212,0.00669819627147701));
#4034=CARTESIAN_POINT('',(-0.000129832823909409,0.000368787844183753,0.006698196271477));
#4035=CARTESIAN_POINT('',(-0.000176815710649708,0.000113386211246927,0.00708333333333037));
#4036=CARTESIAN_POINT('',(-9.68125481647142E-5,0.000238144026800021,0.00711486293813775));
#4037=CARTESIAN_POINT('',(-0.000224551457236452,0.000320058868389828,0.00711486293813775));
#4038=CARTESIAN_POINT('',(-0.00020969365757236,1.21982952669604E-5,0.00791666666666963));
#4039=CARTESIAN_POINT('',(-0.000201086771536127,0.000160154167275947,0.00794819627147701));
#4040=CARTESIAN_POINT('',(-0.000352578055648442,0.000168966715234558,0.00794819627147701));
#4041=CARTESIAN_POINT('',(-0.000205203746886479,-4.48514291549747E-5,0.00833333333333038));
#4042=CARTESIAN_POINT('',(-0.000236850065560584,9.99364469381474E-5,0.00836486293813775));
#4043=CARTESIAN_POINT('',(-0.000385097654354557,6.75339380801242E-5,0.00836486293813775));
#4044=CARTESIAN_POINT('',(-0.000156901304543409,-0.000139650309939042,0.00916666666666963));
#4045=CARTESIAN_POINT('',(-0.000255435917476212,-2.89437220439984E-5,0.009198196271477));
#4046=CARTESIAN_POINT('',(-0.000368787844183753,-0.000129832823909409,0.009198196271477));
#4047=CARTESIAN_POINT('',(-0.000113386211246927,-0.000176815710649708,0.00958333333333037));
#4048=CARTESIAN_POINT('',(-0.000238144026800021,-9.68125481647141E-5,0.00961486293813775));
#4049=CARTESIAN_POINT('',(-0.000320058868389829,-0.000224551457236452,0.00961486293813775));
#4050=CARTESIAN_POINT('',(-6.03560862774192E-5,-0.000194046242745994,0.0100200630592098));
#4051=CARTESIAN_POINT('',(-0.000197271438834727,-0.000151460131751465,0.0100515926640171));
#4052=CARTESIAN_POINT('',(-0.000240875146834358,-0.000291647082711661,0.0100515926640171));
#4053=CARTESIAN_POINT('',(-5.79049512693602E-5,-0.000194789276680065,0.0100401261184195));
#4054=CARTESIAN_POINT('',(-0.000195344574493318,-0.000153932640108977,0.0100716557232269));
#4055=CARTESIAN_POINT('',(-0.000237177482201694,-0.000294656389206583,0.0100716557232269));
#4056=CARTESIAN_POINT('',(-5.54406463344393E-5,-0.000195483927426919,0.0100601891776292));
#4057=CARTESIAN_POINT('',(-0.000193370401964796,-0.000156366057730153,0.0100917187824366));
#4058=CARTESIAN_POINT('',(-0.000233422994887511,-0.00029759165096968,0.0100917187824366));
#4059=CARTESIAN_POINT('',(0.000244512791812372,0.000288564756442658,-0.00496847039519263));
#4060=CARTESIAN_POINT('',(0.000168966715235273,0.000352578055648198,-0.00455180372852596));
#4061=CARTESIAN_POINT('',(6.75339380801238E-5,0.000385097654354557,-0.00413513706186225));
#4062=CARTESIAN_POINT('',(-0.000129832823909409,0.000368787844183753,-0.003301803728523));
#4063=CARTESIAN_POINT('',(-0.000224551457236452,0.000320058868389828,-0.00288513706186225));
#4064=CARTESIAN_POINT('',(-0.000352578055648442,0.000168966715234558,-0.002051803728523));
#4065=CARTESIAN_POINT('',(-0.000385097654354557,6.75339380801238E-5,-0.00163513706186225));
#4066=CARTESIAN_POINT('',(-0.000368787844183753,-0.000129832823909409,-0.000801803728522996));
#4067=CARTESIAN_POINT('',(-0.000320058868389828,-0.000224551457236452,-0.00038513706186225));
#4068=CARTESIAN_POINT('',(-0.000168966715234558,-0.000352578055648442,0.000448196271477004));
#4069=CARTESIAN_POINT('',(-6.75339380801238E-5,-0.000385097654354557,0.00086486293813775));
#4070=CARTESIAN_POINT('',(0.000129832823909409,-0.000368787844183753,0.001698196271477));
#4071=CARTESIAN_POINT('',(0.000224551457236452,-0.000320058868389828,0.00211486293813775));
#4072=CARTESIAN_POINT('',(0.000352578055648442,-0.000168966715234558,0.00294819627147701));
#4073=CARTESIAN_POINT('',(0.000385097654354557,-6.7533938080124E-5,0.00336486293813775));
#4074=CARTESIAN_POINT('',(0.000368787844183753,0.000129832823909409,0.004198196271477));
#4075=CARTESIAN_POINT('',(0.000320058868389828,0.000224551457236452,0.00461486293813775));
#4076=CARTESIAN_POINT('',(0.000168966715234558,0.000352578055648442,0.00544819627147701));
#4077=CARTESIAN_POINT('',(6.7533938080124E-5,0.000385097654354557,0.00586486293813775));
#4078=CARTESIAN_POINT('',(-0.000129832823909409,0.000368787844183753,0.006698196271477));
#4079=CARTESIAN_POINT('',(-0.000224551457236452,0.000320058868389828,0.00711486293813775));
#4080=CARTESIAN_POINT('',(-0.000352578055648442,0.000168966715234558,0.00794819627147701));
#4081=CARTESIAN_POINT('',(-0.000385097654354557,6.75339380801242E-5,0.00836486293813775));
#4082=CARTESIAN_POINT('',(-0.000368787844183753,-0.000129832823909409,0.009198196271477));
#4083=CARTESIAN_POINT('',(-0.000320058868389829,-0.000224551457236452,0.00961486293813775));
#4084=CARTESIAN_POINT('',(-0.000168966715234558,-0.000352578055648442,0.010448196271477));
#4085=CARTESIAN_POINT('',(-6.75339380801238E-5,-0.000385097654354557,0.0108648629381377));
#4086=CARTESIAN_POINT('',(0.000129832823909409,-0.000368787844183753,0.011698196271477));
#4087=CARTESIAN_POINT('',(0.000224551457236452,-0.000320058868389828,0.0121148629381378));
#4088=CARTESIAN_POINT('',(0.000352578055648442,-0.000168966715234558,0.012948196271477));
#4089=CARTESIAN_POINT('',(0.000385097654354557,-6.75339380801243E-5,0.0133648629381377));
#4090=CARTESIAN_POINT('',(0.000368787844183753,0.000129832823909409,0.014198196271477));
#4091=CARTESIAN_POINT('',(0.00032005886838947,0.000224551457237118,0.0146148629381407));
#4092=CARTESIAN_POINT('',(0.000244512791812372,0.000288564756442658,0.0150315296048074));
#4093=CARTESIAN_POINT('',(-0.000250178036219985,-0.000283662624563132,-1.19947517512379E-18));
#4094=CARTESIAN_POINT('',(-0.000250178036219985,-0.000283662624563133,0.01));
#4095=CARTESIAN_POINT('',(-0.000250178036219985,-0.000283662624563132,0.01));
#4096=CARTESIAN_POINT('',(-0.000224996183994547,-0.000211085042112181,0.01));
#4097=CARTESIAN_POINT('',(-0.000135854406137115,-0.000169515413430517,0.01));
#4098=CARTESIAN_POINT('',(-6.27922532569439E-5,-0.000193254684111033,0.01));
#4099=CARTESIAN_POINT('',(-6.27922532569435E-5,-0.000193254684111034,0.01));
#4100=CARTESIAN_POINT('',(6.27922532569893E-5,0.000193254684111175,-0.005));
#4101=CARTESIAN_POINT('',(1.21982952673656E-5,0.000209693657572384,-0.00458333333333333));
#4102=CARTESIAN_POINT('',(-4.4851429154975E-5,0.000205203746886479,-0.00416666666666963));
#4103=CARTESIAN_POINT('',(-0.000139650309939042,0.000156901304543409,-0.00333333333333037));
#4104=CARTESIAN_POINT('',(-0.000176815710649708,0.000113386211246927,-0.00291666666666963));
#4105=CARTESIAN_POINT('',(-0.00020969365757236,1.21982952669603E-5,-0.00208333333333037));
#4106=CARTESIAN_POINT('',(-0.000205203746886479,-4.4851429154975E-5,-0.00166666666666963));
#4107=CARTESIAN_POINT('',(-0.000156901304543409,-0.000139650309939042,-0.000833333333330373));
#4108=CARTESIAN_POINT('',(-0.000113386211246927,-0.000176815710649708,-0.000416666666669626));
#4109=CARTESIAN_POINT('',(-1.21982952669603E-5,-0.00020969365757236,0.000416666666669627));
#4110=CARTESIAN_POINT('',(4.4851429154975E-5,-0.000205203746886479,0.000833333333330373));
#4111=CARTESIAN_POINT('',(0.000139650309939042,-0.000156901304543409,0.00166666666666963));
#4112=CARTESIAN_POINT('',(0.000176815710649708,-0.000113386211246927,0.00208333333333037));
#4113=CARTESIAN_POINT('',(0.00020969365757236,-1.21982952669603E-5,0.00291666666666963));
#4114=CARTESIAN_POINT('',(0.000205203746886479,4.48514291549749E-5,0.00333333333333037));
#4115=CARTESIAN_POINT('',(0.000156901304543409,0.000139650309939042,0.00416666666666963));
#4116=CARTESIAN_POINT('',(0.000113386211246927,0.000176815710649708,0.00458333333333037));
#4117=CARTESIAN_POINT('',(1.21982952669603E-5,0.00020969365757236,0.00541666666666963));
#4118=CARTESIAN_POINT('',(-4.48514291549749E-5,0.000205203746886479,0.00583333333333037));
#4119=CARTESIAN_POINT('',(-0.000139650309939042,0.000156901304543409,0.00666666666666963));
#4120=CARTESIAN_POINT('',(-0.000176815710649708,0.000113386211246927,0.00708333333333037));
#4121=CARTESIAN_POINT('',(-0.00020969365757236,1.21982952669604E-5,0.00791666666666963));
#4122=CARTESIAN_POINT('',(-0.000205203746886479,-4.48514291549747E-5,0.00833333333333038));
#4123=CARTESIAN_POINT('',(-0.000156901304543409,-0.000139650309939042,0.00916666666666963));
#4124=CARTESIAN_POINT('',(-0.000113386211246927,-0.000176815710649708,0.00958333333333037));
#4125=CARTESIAN_POINT('',(-1.21982952669603E-5,-0.00020969365757236,0.0104166666666696));
#4126=CARTESIAN_POINT('',(4.4851429154975E-5,-0.000205203746886479,0.0108333333333304));
#4127=CARTESIAN_POINT('',(0.000139650309939042,-0.000156901304543409,0.0116666666666696));
#4128=CARTESIAN_POINT('',(0.000176815710649708,-0.000113386211246927,0.0120833333333304));
#4129=CARTESIAN_POINT('',(0.00020969365757236,-1.21982952669604E-5,0.0129166666666696));
#4130=CARTESIAN_POINT('',(0.000205203746886479,4.48514291549747E-5,0.0133333333333304));
#4131=CARTESIAN_POINT('',(0.000156901304543409,0.000139650309939042,0.0141666666666696));
#4132=CARTESIAN_POINT('',(0.000113386211246613,0.000176815710649966,0.0145833333333333));
#4133=CARTESIAN_POINT('',(6.27922532569894E-5,0.000193254684111175,0.015));
#4134=CARTESIAN_POINT('',(-6.27922532569435E-5,-0.000193254684111034,4.17208756564796E-19));
#4135=CARTESIAN_POINT('',(-0.000250178036219985,-0.000283662624563132,0.));
#4136=CARTESIAN_POINT('',(-0.000224996183994532,-0.000211085042112186,0.));
#4137=CARTESIAN_POINT('',(-0.000135854406137112,-0.000169515413430509,0.));
#4138=CARTESIAN_POINT('',(-6.27922532569439E-5,-0.000193254684111034,0.));
#4139=CARTESIAN_POINT('',(1.39231860965461E-5,-0.000377959296959389,-9.17187824365877E-5));
#4140=CARTESIAN_POINT('',(6.4530278705737E-5,-0.000240163068551883,-9.17187824365874E-5));
#4141=CARTESIAN_POINT('',(-7.00501445380626E-5,-0.000190737013708483,-6.01891776292111E-5));
#4142=CARTESIAN_POINT('',(1.86859337148515E-5,-0.000377791452583301,-7.16557232268699E-5));
#4143=CARTESIAN_POINT('',(6.75577448215355E-5,-0.000239354781839686,-7.16557232268696E-5));
#4144=CARTESIAN_POINT('',(-6.76481745018949E-5,-0.000191623511547021,-4.01261184194932E-5));
#4145=CARTESIAN_POINT('',(2.34462332195189E-5,-0.00037753030522663,-5.15926640171334E-5));
#4146=CARTESIAN_POINT('',(7.05699147683057E-5,-0.000238487063002773,-5.15926640171331E-5));
#4147=CARTESIAN_POINT('',(-6.52284202364678E-5,-0.000192463125476074,-2.00630592097567E-5));
#4148=CARTESIAN_POINT('',(0.000126945028783415,-0.000369791827720908,0.00038513706186225));
#4149=CARTESIAN_POINT('',(0.000135757576742026,-0.000218300543608593,0.000385137061862251));
#4150=CARTESIAN_POINT('',(-1.21982952669603E-5,-0.00020969365757236,0.000416666666669627));
#4151=CARTESIAN_POINT('',(0.00022204181410612,-0.000321805017006347,0.000801803728522997));
#4152=CARTESIAN_POINT('',(0.000189639305248097,-0.000173557428212374,0.000801803728522996));
#4153=CARTESIAN_POINT('',(4.4851429154975E-5,-0.000205203746886479,0.000833333333330373));
#4154=CARTESIAN_POINT('',(0.000351245999699496,-0.000171718618318147,0.00163513706186225));
#4155=CARTESIAN_POINT('',(0.000250356897834086,-5.83666916106059E-5,0.00163513706186225));
#4156=CARTESIAN_POINT('',(0.000139650309939042,-0.000156901304543409,0.00166666666666963));
#4157=CARTESIAN_POINT('',(0.00038455778220644,-7.05432372836395E-5,0.002051803728523));
#4158=CARTESIAN_POINT('',(0.000256818873134702,1.13716043061678E-5,0.002051803728523));
#4159=CARTESIAN_POINT('',(0.000176815710649708,-0.000113386211246927,0.00208333333333037));
#4160=CARTESIAN_POINT('',(0.000369791827720908,0.000126945028783415,0.00288513706186225));
#4161=CARTESIAN_POINT('',(0.000218300543608593,0.000135757576742026,0.00288513706186225));
#4162=CARTESIAN_POINT('',(0.00020969365757236,-1.21982952669603E-5,0.00291666666666963));
#4163=CARTESIAN_POINT('',(0.000321805017006347,0.00022204181410612,0.003301803728523));
#4164=CARTESIAN_POINT('',(0.000173557428212374,0.000189639305248097,0.003301803728523));
#4165=CARTESIAN_POINT('',(0.000205203746886479,4.48514291549749E-5,0.00333333333333037));
#4166=CARTESIAN_POINT('',(0.000171718618318147,0.000351245999699496,0.00413513706186225));
#4167=CARTESIAN_POINT('',(5.83666916106058E-5,0.000250356897834086,0.00413513706186225));
#4168=CARTESIAN_POINT('',(0.000156901304543409,0.000139650309939042,0.00416666666666963));
#4169=CARTESIAN_POINT('',(7.05432372836396E-5,0.00038455778220644,0.004551803728523));
#4170=CARTESIAN_POINT('',(-1.13716043061678E-5,0.000256818873134702,0.004551803728523));
#4171=CARTESIAN_POINT('',(0.000113386211246927,0.000176815710649708,0.00458333333333037));
#4172=CARTESIAN_POINT('',(-0.000126945028783415,0.000369791827720908,0.00538513706186225));
#4173=CARTESIAN_POINT('',(-0.000135757576742026,0.000218300543608593,0.00538513706186225));
#4174=CARTESIAN_POINT('',(1.21982952669603E-5,0.00020969365757236,0.00541666666666963));
#4175=CARTESIAN_POINT('',(-0.00022204181410612,0.000321805017006347,0.005801803728523));
#4176=CARTESIAN_POINT('',(-0.000189639305248097,0.000173557428212374,0.005801803728523));
#4177=CARTESIAN_POINT('',(-4.48514291549749E-5,0.000205203746886479,0.00583333333333037));
#4178=CARTESIAN_POINT('',(-0.000351245999699496,0.000171718618318147,0.00663513706186225));
#4179=CARTESIAN_POINT('',(-0.000250356897834086,5.83666916106058E-5,0.00663513706186225));
#4180=CARTESIAN_POINT('',(-0.000139650309939042,0.000156901304543409,0.00666666666666963));
#4181=CARTESIAN_POINT('',(-0.00038455778220644,7.05432372836396E-5,0.007051803728523));
#4182=CARTESIAN_POINT('',(-0.000256818873134702,-1.13716043061677E-5,0.007051803728523));
#4183=CARTESIAN_POINT('',(-0.000176815710649708,0.000113386211246927,0.00708333333333037));
#4184=CARTESIAN_POINT('',(-0.000369791827720908,-0.000126945028783415,0.00788513706186225));
#4185=CARTESIAN_POINT('',(-0.000218300543608593,-0.000135757576742026,0.00788513706186225));
#4186=CARTESIAN_POINT('',(-0.00020969365757236,1.21982952669604E-5,0.00791666666666963));
#4187=CARTESIAN_POINT('',(-0.000321805017006347,-0.00022204181410612,0.008301803728523));
#4188=CARTESIAN_POINT('',(-0.000173557428212374,-0.000189639305248097,0.008301803728523));
#4189=CARTESIAN_POINT('',(-0.000205203746886479,-4.48514291549747E-5,0.00833333333333038));
#4190=CARTESIAN_POINT('',(-0.000171718618318148,-0.000351245999699496,0.00913513706186225));
#4191=CARTESIAN_POINT('',(-5.83666916106061E-5,-0.000250356897834086,0.00913513706186225));
#4192=CARTESIAN_POINT('',(-0.000156901304543409,-0.000139650309939042,0.00916666666666963));
#4193=CARTESIAN_POINT('',(-7.05432372836397E-5,-0.00038455778220644,0.009551803728523));
#4194=CARTESIAN_POINT('',(1.13716043061677E-5,-0.000256818873134702,0.009551803728523));
#4195=CARTESIAN_POINT('',(-0.000113386211246927,-0.000176815710649708,0.00958333333333037));
#4196=CARTESIAN_POINT('',(3.54462490735156E-5,-0.000376633078816907,0.00999904332267151));
#4197=CARTESIAN_POINT('',(7.81280025016715E-5,-0.000236146566657406,0.00999904332267151));
#4198=CARTESIAN_POINT('',(-5.90799202765755E-5,-0.000194460894215331,0.0100305729274789));
#4199=CARTESIAN_POINT('',(4.2671965462108E-5,-0.000375872745917152,0.0100296162501504));
#4200=CARTESIAN_POINT('',(8.26466675451201E-5,-0.00023459622204322,0.0100296162501504));
#4201=CARTESIAN_POINT('',(-5.53328301312538E-5,-0.000195554425416778,0.0100611458549577));
#4202=CARTESIAN_POINT('',(4.98674390494566E-5,-0.000374899158092998,0.0100601891776292));
#4203=CARTESIAN_POINT('',(8.71145763829235E-5,-0.000232913664597829,0.0100601891776292));
#4204=CARTESIAN_POINT('',(-5.15573454098123E-5,-0.000196535778461978,0.0100917187824365));
#4205=CARTESIAN_POINT('',(3.56655755765324E-5,-0.000376538844078174,0.01));
#4206=CARTESIAN_POINT('',(5.79530617879562E-5,-0.000303020825101163,0.01));
#4207=CARTESIAN_POINT('',(1.02698632749226E-5,-0.000216994066660132,0.01));
#4208=CARTESIAN_POINT('',(-6.27922532569439E-5,-0.000193254684111033,0.01));
#4209=CARTESIAN_POINT('',(3.56655755765328E-5,-0.000376538844078174,0.01));
#4210=CARTESIAN_POINT('',(-2.82008957499085E-5,0.00037717480496395,-0.00503152960480738));
#4211=CARTESIAN_POINT('',(-0.000126945028782734,0.000369791827721236,-0.00461486293814071));
#4212=CARTESIAN_POINT('',(-0.00022204181410612,0.000321805017006347,-0.004198196271477));
#4213=CARTESIAN_POINT('',(-0.000351245999699496,0.000171718618318147,-0.00336486293813775));
#4214=CARTESIAN_POINT('',(-0.00038455778220644,7.05432372836394E-5,-0.002948196271477));
#4215=CARTESIAN_POINT('',(-0.000369791827720908,-0.000126945028783415,-0.00211486293813775));
#4216=CARTESIAN_POINT('',(-0.000321805017006346,-0.00022204181410612,-0.001698196271477));
#4217=CARTESIAN_POINT('',(-0.000171718618318147,-0.000351245999699496,-0.000864862938137749));
#4218=CARTESIAN_POINT('',(-7.05432372836394E-5,-0.00038455778220644,-0.000448196271477003));
#4219=CARTESIAN_POINT('',(0.000126945028783415,-0.000369791827720908,0.00038513706186225));
#4220=CARTESIAN_POINT('',(0.00022204181410612,-0.000321805017006347,0.000801803728522997));
#4221=CARTESIAN_POINT('',(0.000351245999699496,-0.000171718618318147,0.00163513706186225));
#4222=CARTESIAN_POINT('',(0.00038455778220644,-7.05432372836395E-5,0.002051803728523));
#4223=CARTESIAN_POINT('',(0.000369791827720908,0.000126945028783415,0.00288513706186225));
#4224=CARTESIAN_POINT('',(0.000321805017006347,0.00022204181410612,0.003301803728523));
#4225=CARTESIAN_POINT('',(0.000171718618318147,0.000351245999699496,0.00413513706186225));
#4226=CARTESIAN_POINT('',(7.05432372836396E-5,0.00038455778220644,0.004551803728523));
#4227=CARTESIAN_POINT('',(-0.000126945028783415,0.000369791827720908,0.00538513706186225));
#4228=CARTESIAN_POINT('',(-0.00022204181410612,0.000321805017006347,0.005801803728523));
#4229=CARTESIAN_POINT('',(-0.000351245999699496,0.000171718618318147,0.00663513706186225));
#4230=CARTESIAN_POINT('',(-0.00038455778220644,7.05432372836396E-5,0.007051803728523));
#4231=CARTESIAN_POINT('',(-0.000369791827720908,-0.000126945028783415,0.00788513706186225));
#4232=CARTESIAN_POINT('',(-0.000321805017006347,-0.00022204181410612,0.008301803728523));
#4233=CARTESIAN_POINT('',(-0.000171718618318148,-0.000351245999699496,0.00913513706186225));
#4234=CARTESIAN_POINT('',(-7.05432372836397E-5,-0.00038455778220644,0.009551803728523));
#4235=CARTESIAN_POINT('',(0.000126945028783415,-0.000369791827720908,0.0103851370618623));
#4236=CARTESIAN_POINT('',(0.00022204181410612,-0.000321805017006347,0.010801803728523));
#4237=CARTESIAN_POINT('',(0.000351245999699496,-0.000171718618318147,0.0116351370618623));
#4238=CARTESIAN_POINT('',(0.00038455778220644,-7.05432372836395E-5,0.012051803728523));
#4239=CARTESIAN_POINT('',(0.000369791827720908,0.000126945028783415,0.0128851370618623));
#4240=CARTESIAN_POINT('',(0.000321805017006347,0.00022204181410612,0.013301803728523));
#4241=CARTESIAN_POINT('',(0.000171718618318148,0.000351245999699496,0.0141351370618623));
#4242=CARTESIAN_POINT('',(7.05432372829174E-5,0.000384557782206663,0.014551803728526));
#4243=CARTESIAN_POINT('',(-2.82008957499083E-5,0.00037717480496395,0.0149684703951926));
#4244=CARTESIAN_POINT('',(3.56655755765329E-5,-0.000376538844078174,-2.31694224474728E-20));
#4245=CARTESIAN_POINT('',(3.56655755765324E-5,-0.000376538844078174,0.));
#4246=CARTESIAN_POINT('',(5.79530617880149E-5,-0.000303020825101183,0.));
#4247=CARTESIAN_POINT('',(1.02698632749264E-5,-0.000216994066660124,0.));
#4248=CARTESIAN_POINT('',(-6.27922532569439E-5,-0.000193254684111034,0.));
#4249=CARTESIAN_POINT('',(-0.000171264329756444,-0.000466329470523495,-6.01891776292106E-5));
#4250=CARTESIAN_POINT('',(-3.66839065126446E-5,-0.000515755525366895,-9.1718782436587E-5));
#4251=CARTESIAN_POINT('',(1.39231860965462E-5,-0.000377959296959389,-9.17187824365873E-5));
#4252=CARTESIAN_POINT('',(-0.000165391796715263,-0.000468496853034251,-4.01261184194929E-5));
#4253=CARTESIAN_POINT('',(-3.01858773918322E-5,-0.000516228123326917,-7.16557232268692E-5));
#4254=CARTESIAN_POINT('',(1.86859337148516E-5,-0.000377791452583301,-7.16557232268696E-5));
#4255=CARTESIAN_POINT('',(-0.000159475783334041,-0.000470549609923788,-2.00630592097565E-5));
#4256=CARTESIAN_POINT('',(-2.36774483292678E-5,-0.000516573547450487,-5.15926640171329E-5));
#4257=CARTESIAN_POINT('',(2.34462332195189E-5,-0.00037753030522663,-5.15926640171332E-5));
#4258=CARTESIAN_POINT('',(-2.98233911841825E-5,-0.00051267622579699,0.000416666666669627));
#4259=CARTESIAN_POINT('',(0.000118132480824804,-0.000521283111833223,0.000385137061862251));
#4260=CARTESIAN_POINT('',(0.000126945028783415,-0.000369791827720908,0.00038513706186225));
#4261=CARTESIAN_POINT('',(0.000109656446871021,-0.000501698924474424,0.000833333333330373));
#4262=CARTESIAN_POINT('',(0.000254444322964143,-0.000470052605800319,0.000801803728522996));
#4263=CARTESIAN_POINT('',(0.00022204181410612,-0.000321805017006347,0.000801803728522997));
#4264=CARTESIAN_POINT('',(0.000341428513669863,-0.000383605157958492,0.00166666666666963));
#4265=CARTESIAN_POINT('',(0.000452135101564906,-0.000285070545025689,0.00163513706186225));
#4266=CARTESIAN_POINT('',(0.000351245999699496,-0.000171718618318147,0.00163513706186225));
#4267=CARTESIAN_POINT('',(0.000432293528793184,-0.000277215894426541,0.00208333333333037));
#4268=CARTESIAN_POINT('',(0.000512296691278178,-0.000152458078873447,0.002051803728523));
#4269=CARTESIAN_POINT('',(0.00038455778220644,-7.05432372836395E-5,0.002051803728523));
#4270=CARTESIAN_POINT('',(0.00051267622579699,-2.98233911841824E-5,0.00291666666666963));
#4271=CARTESIAN_POINT('',(0.000521283111833223,0.000118132480824804,0.00288513706186225));
#4272=CARTESIAN_POINT('',(0.000369791827720908,0.000126945028783415,0.00288513706186225));
#4273=CARTESIAN_POINT('',(0.000501698924474424,0.000109656446871021,0.00333333333333037));
#4274=CARTESIAN_POINT('',(0.000470052605800319,0.000254444322964143,0.003301803728523));
#4275=CARTESIAN_POINT('',(0.000321805017006347,0.00022204181410612,0.003301803728523));
#4276=CARTESIAN_POINT('',(0.000383605157958492,0.000341428513669863,0.00416666666666963));
#4277=CARTESIAN_POINT('',(0.000285070545025689,0.000452135101564906,0.00413513706186225));
#4278=CARTESIAN_POINT('',(0.000171718618318147,0.000351245999699496,0.00413513706186225));
#4279=CARTESIAN_POINT('',(0.000277215894426541,0.000432293528793184,0.00458333333333037));
#4280=CARTESIAN_POINT('',(0.000152458078873447,0.000512296691278178,0.004551803728523));
#4281=CARTESIAN_POINT('',(7.05432372836396E-5,0.00038455778220644,0.004551803728523));
#4282=CARTESIAN_POINT('',(2.98233911841824E-5,0.00051267622579699,0.00541666666666963));
#4283=CARTESIAN_POINT('',(-0.000118132480824804,0.000521283111833223,0.00538513706186225));
#4284=CARTESIAN_POINT('',(-0.000126945028783415,0.000369791827720908,0.00538513706186225));
#4285=CARTESIAN_POINT('',(-0.000109656446871021,0.000501698924474424,0.00583333333333037));
#4286=CARTESIAN_POINT('',(-0.000254444322964143,0.000470052605800319,0.005801803728523));
#4287=CARTESIAN_POINT('',(-0.00022204181410612,0.000321805017006347,0.005801803728523));
#4288=CARTESIAN_POINT('',(-0.000341428513669863,0.000383605157958492,0.00666666666666963));
#4289=CARTESIAN_POINT('',(-0.000452135101564906,0.000285070545025689,0.00663513706186225));
#4290=CARTESIAN_POINT('',(-0.000351245999699496,0.000171718618318147,0.00663513706186225));
#4291=CARTESIAN_POINT('',(-0.000432293528793184,0.000277215894426541,0.00708333333333037));
#4292=CARTESIAN_POINT('',(-0.000512296691278178,0.000152458078873447,0.007051803728523));
#4293=CARTESIAN_POINT('',(-0.00038455778220644,7.05432372836396E-5,0.007051803728523));
#4294=CARTESIAN_POINT('',(-0.00051267622579699,2.98233911841826E-5,0.00791666666666963));
#4295=CARTESIAN_POINT('',(-0.000521283111833223,-0.000118132480824804,0.00788513706186225));
#4296=CARTESIAN_POINT('',(-0.000369791827720908,-0.000126945028783415,0.00788513706186225));
#4297=CARTESIAN_POINT('',(-0.000501698924474424,-0.000109656446871021,0.00833333333333038));
#4298=CARTESIAN_POINT('',(-0.000470052605800319,-0.000254444322964143,0.008301803728523));
#4299=CARTESIAN_POINT('',(-0.000321805017006347,-0.00022204181410612,0.008301803728523));
#4300=CARTESIAN_POINT('',(-0.000383605157958492,-0.000341428513669862,0.00916666666666963));
#4301=CARTESIAN_POINT('',(-0.000285070545025689,-0.000452135101564906,0.00913513706186225));
#4302=CARTESIAN_POINT('',(-0.000171718618318148,-0.000351245999699496,0.00913513706186225));
#4303=CARTESIAN_POINT('',(-0.000277215894426541,-0.000432293528793184,0.00958333333333037));
#4304=CARTESIAN_POINT('',(-0.000152458078873447,-0.000512296691278178,0.009551803728523));
#4305=CARTESIAN_POINT('',(-7.05432372836397E-5,-0.00038455778220644,0.009551803728523));
#4306=CARTESIAN_POINT('',(-0.000144443427132887,-0.000475433918534332,0.0100305729274789));
#4307=CARTESIAN_POINT('',(-7.23550435464037E-6,-0.000517119590976407,0.00999904332267151));
#4308=CARTESIAN_POINT('',(3.54462490735155E-5,-0.000376633078816907,0.00999904332267151));
#4309=CARTESIAN_POINT('',(-0.000135282234297278,-0.000478107473164643,0.0100611458549577));
#4310=CARTESIAN_POINT('',(2.69726337909599E-6,-0.000517149269791085,0.0100296162501504));
#4311=CARTESIAN_POINT('',(4.2671965462108E-5,-0.000375872745917152,0.0100296162501504));
#4312=CARTESIAN_POINT('',(-0.000126051620076746,-0.000480506765452317,0.0100917187824365));
#4313=CARTESIAN_POINT('',(1.262030171599E-5,-0.000516884651588168,0.0100601891776292));
#4314=CARTESIAN_POINT('',(4.98674390494567E-5,-0.000374899158092998,0.0100601891776292));
#4315=CARTESIAN_POINT('',(0.000153519642805474,0.000472484877295432,-0.005));
#4316=CARTESIAN_POINT('',(2.98233911851735E-5,0.000512676225797049,-0.00458333333333333));
#4317=CARTESIAN_POINT('',(-0.000109656446871021,0.000501698924474424,-0.00416666666666963));
#4318=CARTESIAN_POINT('',(-0.000341428513669863,0.000383605157958492,-0.00333333333333037));
#4319=CARTESIAN_POINT('',(-0.000432293528793184,0.000277215894426541,-0.00291666666666963));
#4320=CARTESIAN_POINT('',(-0.00051267622579699,2.98233911841825E-5,-0.00208333333333037));
#4321=CARTESIAN_POINT('',(-0.000501698924474424,-0.000109656446871021,-0.00166666666666963));
#4322=CARTESIAN_POINT('',(-0.000383605157958492,-0.000341428513669863,-0.000833333333330373));
#4323=CARTESIAN_POINT('',(-0.000277215894426541,-0.000432293528793184,-0.000416666666669626));
#4324=CARTESIAN_POINT('',(-2.98233911841825E-5,-0.00051267622579699,0.000416666666669627));
#4325=CARTESIAN_POINT('',(0.000109656446871021,-0.000501698924474424,0.000833333333330373));
#4326=CARTESIAN_POINT('',(0.000341428513669863,-0.000383605157958492,0.00166666666666963));
#4327=CARTESIAN_POINT('',(0.000432293528793184,-0.000277215894426541,0.00208333333333037));
#4328=CARTESIAN_POINT('',(0.00051267622579699,-2.98233911841824E-5,0.00291666666666963));
#4329=CARTESIAN_POINT('',(0.000501698924474424,0.000109656446871021,0.00333333333333037));
#4330=CARTESIAN_POINT('',(0.000383605157958492,0.000341428513669863,0.00416666666666963));
#4331=CARTESIAN_POINT('',(0.000277215894426541,0.000432293528793184,0.00458333333333037));
#4332=CARTESIAN_POINT('',(2.98233911841824E-5,0.00051267622579699,0.00541666666666963));
#4333=CARTESIAN_POINT('',(-0.000109656446871021,0.000501698924474424,0.00583333333333037));
#4334=CARTESIAN_POINT('',(-0.000341428513669863,0.000383605157958492,0.00666666666666963));
#4335=CARTESIAN_POINT('',(-0.000432293528793184,0.000277215894426541,0.00708333333333037));
#4336=CARTESIAN_POINT('',(-0.00051267622579699,2.98233911841826E-5,0.00791666666666963));
#4337=CARTESIAN_POINT('',(-0.000501698924474424,-0.000109656446871021,0.00833333333333038));
#4338=CARTESIAN_POINT('',(-0.000383605157958492,-0.000341428513669862,0.00916666666666963));
#4339=CARTESIAN_POINT('',(-0.000277215894426541,-0.000432293528793184,0.00958333333333037));
#4340=CARTESIAN_POINT('',(-2.98233911841823E-5,-0.00051267622579699,0.0104166666666696));
#4341=CARTESIAN_POINT('',(0.000109656446871021,-0.000501698924474424,0.0108333333333304));
#4342=CARTESIAN_POINT('',(0.000341428513669863,-0.000383605157958491,0.0116666666666696));
#4343=CARTESIAN_POINT('',(0.000432293528793184,-0.000277215894426541,0.0120833333333304));
#4344=CARTESIAN_POINT('',(0.00051267622579699,-2.98233911841827E-5,0.0129166666666696));
#4345=CARTESIAN_POINT('',(0.000501698924474424,0.000109656446871021,0.0133333333333304));
#4346=CARTESIAN_POINT('',(0.000383605157958492,0.000341428513669862,0.0141666666666696));
#4347=CARTESIAN_POINT('',(0.000277215894425775,0.000432293528793815,0.0145833333333333));
#4348=CARTESIAN_POINT('',(0.000153519642805474,0.000472484877295432,0.015));
#4349=CARTESIAN_POINT('',(-0.000153519642805362,-0.000472484877295087,4.17208756564796E-19));
#4350=CARTESIAN_POINT('',(-0.000153519642805362,-0.000472484877295087,0.01));
#4351=CARTESIAN_POINT('',(-0.000153519642805362,-0.000472484877295087,0.));
#4352=CARTESIAN_POINT('',(-7.8626833400217E-5,-0.000496818970808528,0.));
#4353=CARTESIAN_POINT('',(1.28195090980324E-5,-0.000451898901497052,0.));
#4354=CARTESIAN_POINT('',(3.56655755765324E-5,-0.000376538844078174,0.));
#4355=CARTESIAN_POINT('',(-0.000153519642805362,-0.000472484877295087,0.01));
#4356=CARTESIAN_POINT('',(-7.8626833400217E-5,-0.000496818970808534,0.01));
#4357=CARTESIAN_POINT('',(1.28195090980562E-5,-0.000451898901497057,0.01));
#4358=CARTESIAN_POINT('',(3.56655755765324E-5,-0.000376538844078174,0.01));
#4359=CARTESIAN_POINT('',(-0.000260703801880896,-0.000273988444831231,-6.01891776291524E-5));
#4360=CARTESIAN_POINT('',(-0.000314027213902234,-0.000410750440038261,-6.01891776291518E-5));
#4361=CARTESIAN_POINT('',(-0.000180456887549049,-0.000462829422471746,-9.17187824365291E-5));
#4362=CARTESIAN_POINT('',(-0.000255454802031005,-0.000279005487184392,-2.96162501503524E-5));
#4363=CARTESIAN_POINT('',(-0.000306154845929015,-0.000416797136253801,-2.96162501503517E-5));
#4364=CARTESIAN_POINT('',(-0.000171578895153486,-0.000466313973144975,-6.11458549577291E-5));
#4365=CARTESIAN_POINT('',(-0.000250055987141408,-0.000283867778952138,9.56677328488472E-7));
#4366=CARTESIAN_POINT('',(-0.000298101623261671,-0.000422611459976691,9.56677328489149E-7));
#4367=CARTESIAN_POINT('',(-0.000162595858477837,-0.000469535836055842,-3.05729274788883E-5));
#4368=CARTESIAN_POINT('',(-0.000168966715234558,-0.000352578055648442,0.000448196271477004));
#4369=CARTESIAN_POINT('',(-0.000177779263193169,-0.000504069339760757,0.000448196271477004));
#4370=CARTESIAN_POINT('',(-2.98233911841825E-5,-0.00051267622579699,0.000416666666669627));
#4371=CARTESIAN_POINT('',(-6.75339380801238E-5,-0.000385097654354557,0.00086486293813775));
#4372=CARTESIAN_POINT('',(-3.51314292221006E-5,-0.000533345243148529,0.00086486293813775));
#4373=CARTESIAN_POINT('',(0.000109656446871021,-0.000501698924474424,0.000833333333330373));
#4374=CARTESIAN_POINT('',(0.000129832823909409,-0.000368787844183753,0.001698196271477));
#4375=CARTESIAN_POINT('',(0.000230721925774819,-0.000482139770891295,0.001698196271477));
#4376=CARTESIAN_POINT('',(0.000341428513669863,-0.000383605157958492,0.00166666666666963));
#4377=CARTESIAN_POINT('',(0.000224551457236452,-0.000320058868389828,0.00211486293813775));
#4378=CARTESIAN_POINT('',(0.00035229036630819,-0.000401973709979636,0.00211486293813775));
#4379=CARTESIAN_POINT('',(0.000432293528793184,-0.000277215894426541,0.00208333333333037));
#4380=CARTESIAN_POINT('',(0.000352578055648442,-0.000168966715234558,0.00294819627147701));
#4381=CARTESIAN_POINT('',(0.000504069339760757,-0.000177779263193169,0.00294819627147701));
#4382=CARTESIAN_POINT('',(0.00051267622579699,-2.98233911841824E-5,0.00291666666666963));
#4383=CARTESIAN_POINT('',(0.000385097654354557,-6.7533938080124E-5,0.00336486293813775));
#4384=CARTESIAN_POINT('',(0.000533345243148529,-3.51314292221008E-5,0.00336486293813775));
#4385=CARTESIAN_POINT('',(0.000501698924474424,0.000109656446871021,0.00333333333333037));
#4386=CARTESIAN_POINT('',(0.000368787844183753,0.000129832823909409,0.004198196271477));
#4387=CARTESIAN_POINT('',(0.000482139770891295,0.000230721925774819,0.004198196271477));
#4388=CARTESIAN_POINT('',(0.000383605157958492,0.000341428513669863,0.00416666666666963));
#4389=CARTESIAN_POINT('',(0.000320058868389828,0.000224551457236452,0.00461486293813775));
#4390=CARTESIAN_POINT('',(0.000401973709979636,0.00035229036630819,0.00461486293813775));
#4391=CARTESIAN_POINT('',(0.000277215894426541,0.000432293528793184,0.00458333333333037));
#4392=CARTESIAN_POINT('',(0.000168966715234558,0.000352578055648442,0.00544819627147701));
#4393=CARTESIAN_POINT('',(0.000177779263193169,0.000504069339760757,0.00544819627147701));
#4394=CARTESIAN_POINT('',(2.98233911841824E-5,0.00051267622579699,0.00541666666666963));
#4395=CARTESIAN_POINT('',(6.7533938080124E-5,0.000385097654354557,0.00586486293813775));
#4396=CARTESIAN_POINT('',(3.51314292221008E-5,0.000533345243148529,0.00586486293813775));
#4397=CARTESIAN_POINT('',(-0.000109656446871021,0.000501698924474424,0.00583333333333037));
#4398=CARTESIAN_POINT('',(-0.000129832823909409,0.000368787844183753,0.006698196271477));
#4399=CARTESIAN_POINT('',(-0.000230721925774819,0.000482139770891295,0.00669819627147701));
#4400=CARTESIAN_POINT('',(-0.000341428513669863,0.000383605157958492,0.00666666666666963));
#4401=CARTESIAN_POINT('',(-0.000224551457236452,0.000320058868389828,0.00711486293813775));
#4402=CARTESIAN_POINT('',(-0.00035229036630819,0.000401973709979636,0.00711486293813775));
#4403=CARTESIAN_POINT('',(-0.000432293528793184,0.000277215894426541,0.00708333333333037));
#4404=CARTESIAN_POINT('',(-0.000352578055648442,0.000168966715234558,0.00794819627147701));
#4405=CARTESIAN_POINT('',(-0.000504069339760757,0.000177779263193169,0.00794819627147701));
#4406=CARTESIAN_POINT('',(-0.00051267622579699,2.98233911841826E-5,0.00791666666666963));
#4407=CARTESIAN_POINT('',(-0.000385097654354557,6.75339380801242E-5,0.00836486293813775));
#4408=CARTESIAN_POINT('',(-0.000533345243148529,3.51314292221012E-5,0.00836486293813775));
#4409=CARTESIAN_POINT('',(-0.000501698924474424,-0.000109656446871021,0.00833333333333038));
#4410=CARTESIAN_POINT('',(-0.000368787844183753,-0.000129832823909409,0.009198196271477));
#4411=CARTESIAN_POINT('',(-0.000482139770891295,-0.000230721925774819,0.009198196271477));
#4412=CARTESIAN_POINT('',(-0.000383605157958492,-0.000341428513669862,0.00916666666666963));
#4413=CARTESIAN_POINT('',(-0.000320058868389829,-0.000224551457236452,0.00961486293813775));
#4414=CARTESIAN_POINT('',(-0.000401973709979636,-0.00035229036630819,0.00961486293813775));
#4415=CARTESIAN_POINT('',(-0.000277215894426541,-0.000432293528793184,0.00958333333333037));
#4416=CARTESIAN_POINT('',(-0.000240875146834358,-0.000291647082711661,0.0100515926640171));
#4417=CARTESIAN_POINT('',(-0.00028447885483399,-0.000431834033671857,0.0100515926640171));
#4418=CARTESIAN_POINT('',(-0.000147563502276682,-0.000474420144666386,0.0100200630592098));
#4419=CARTESIAN_POINT('',(-0.000237177482201694,-0.000294656389206583,0.0100716557232269));
#4420=CARTESIAN_POINT('',(-0.000279010389910071,-0.000435380138304189,0.0100716557232269));
#4421=CARTESIAN_POINT('',(-0.000141570766686113,-0.000476236774875277,0.0100401261184195));
#4422=CARTESIAN_POINT('',(-0.000233422994887511,-0.00029759165096968,0.0100917187824366));
#4423=CARTESIAN_POINT('',(-0.000273475587810226,-0.000438817244209206,0.0100917187824366));
#4424=CARTESIAN_POINT('',(-0.00013554583217987,-0.000477935113905972,0.0100601891776292));
#4425=CARTESIAN_POINT('',(-0.000153519642805362,-0.000472484877295087,0.));
#4426=CARTESIAN_POINT('',(-0.000228412419665715,-0.00044815068361907,0.));
#4427=CARTESIAN_POINT('',(-0.000275990710546996,-0.000358058772661028,0.));
#4428=CARTESIAN_POINT('',(-0.000250178036219985,-0.000283662624563132,0.));
#4429=CARTESIAN_POINT('',(-0.000153519642805362,-0.000472484877295087,0.01));
#4430=CARTESIAN_POINT('',(-0.000228412419665715,-0.00044815068361907,0.01));
#4431=CARTESIAN_POINT('',(-0.00027599071054696,-0.000358058772661039,0.01));
#4432=CARTESIAN_POINT('',(-0.000250178036219985,-0.000283662624563132,0.01));
#4433=CARTESIAN_POINT('',(0.00034188604542251,-0.000670989144431829,0.));
#4434=CARTESIAN_POINT('',(0.00034188604542251,-0.000670989144431829,0.01));
#4435=CARTESIAN_POINT('',(0.,0.,0.));
#4436=CARTESIAN_POINT('',(-0.00013554583217987,0.000477935113905972,-6.01891776292106E-5));
#4437=CARTESIAN_POINT('',(-0.000273475587810226,0.000438817244209206,-9.1718782436587E-5));
#4438=CARTESIAN_POINT('',(-0.000233422994887511,0.00029759165096968,-9.17187824365873E-5));
#4439=CARTESIAN_POINT('',(-0.000141570766686113,0.000476236774875277,-4.01261184194929E-5));
#4440=CARTESIAN_POINT('',(-0.000279010389910071,0.00043538013830419,-7.16557232268692E-5));
#4441=CARTESIAN_POINT('',(-0.000237177482201694,0.000294656389206584,-7.16557232268696E-5));
#4442=CARTESIAN_POINT('',(-0.000147563502276682,0.000474420144666386,-2.00630592097565E-5));
#4443=CARTESIAN_POINT('',(-0.00028447885483399,0.000431834033671858,-5.15926640171329E-5));
#4444=CARTESIAN_POINT('',(-0.000240875146834358,0.000291647082711662,-5.15926640171332E-5));
#4445=CARTESIAN_POINT('',(-0.000277215894426541,0.000432293528793185,0.000416666666669627));
#4446=CARTESIAN_POINT('',(-0.000401973709979635,0.000352290366308191,0.000385137061862251));
#4447=CARTESIAN_POINT('',(-0.000320058868389828,0.000224551457236453,0.00038513706186225));
#4448=CARTESIAN_POINT('',(-0.000383605157958491,0.000341428513669863,0.000833333333330373));
#4449=CARTESIAN_POINT('',(-0.000482139770891295,0.000230721925774819,0.000801803728522996));
#4450=CARTESIAN_POINT('',(-0.000368787844183753,0.000129832823909409,0.000801803728522997));
#4451=CARTESIAN_POINT('',(-0.000501698924474424,0.000109656446871022,0.00166666666666963));
#4452=CARTESIAN_POINT('',(-0.000533345243148529,-3.51314292221004E-5,0.00163513706186225));
#4453=CARTESIAN_POINT('',(-0.000385097654354557,-6.75339380801237E-5,0.00163513706186225));
#4454=CARTESIAN_POINT('',(-0.00051267622579699,-2.98233911841821E-5,0.00208333333333037));
#4455=CARTESIAN_POINT('',(-0.000504069339760757,-0.000177779263193169,0.002051803728523));
#4456=CARTESIAN_POINT('',(-0.000352578055648442,-0.000168966715234558,0.002051803728523));
#4457=CARTESIAN_POINT('',(-0.000432293528793184,-0.000277215894426541,0.00291666666666963));
#4458=CARTESIAN_POINT('',(-0.000352290366308191,-0.000401973709979636,0.00288513706186225));
#4459=CARTESIAN_POINT('',(-0.000224551457236452,-0.000320058868389828,0.00288513706186225));
#4460=CARTESIAN_POINT('',(-0.000341428513669863,-0.000383605157958491,0.00333333333333037));
#4461=CARTESIAN_POINT('',(-0.000230721925774819,-0.000482139770891294,0.003301803728523));
#4462=CARTESIAN_POINT('',(-0.000129832823909409,-0.000368787844183753,0.003301803728523));
#4463=CARTESIAN_POINT('',(-0.000109656446871021,-0.000501698924474424,0.00416666666666963));
#4464=CARTESIAN_POINT('',(3.51314292221005E-5,-0.000533345243148529,0.00413513706186225));
#4465=CARTESIAN_POINT('',(6.75339380801237E-5,-0.000385097654354557,0.00413513706186225));
#4466=CARTESIAN_POINT('',(2.98233911841821E-5,-0.00051267622579699,0.00458333333333037));
#4467=CARTESIAN_POINT('',(0.000177779263193169,-0.000504069339760757,0.004551803728523));
#4468=CARTESIAN_POINT('',(0.000168966715234558,-0.000352578055648442,0.004551803728523));
#4469=CARTESIAN_POINT('',(0.000277215894426541,-0.000432293528793184,0.00541666666666963));
#4470=CARTESIAN_POINT('',(0.000401973709979636,-0.000352290366308191,0.00538513706186225));
#4471=CARTESIAN_POINT('',(0.000320058868389828,-0.000224551457236452,0.00538513706186225));
#4472=CARTESIAN_POINT('',(0.000383605157958491,-0.000341428513669863,0.00583333333333037));
#4473=CARTESIAN_POINT('',(0.000482139770891294,-0.00023072192577482,0.005801803728523));
#4474=CARTESIAN_POINT('',(0.000368787844183753,-0.000129832823909409,0.005801803728523));
#4475=CARTESIAN_POINT('',(0.000501698924474424,-0.000109656446871021,0.00666666666666963));
#4476=CARTESIAN_POINT('',(0.000533345243148529,3.51314292221005E-5,0.00663513706186225));
#4477=CARTESIAN_POINT('',(0.000385097654354557,6.75339380801237E-5,0.00663513706186225));
#4478=CARTESIAN_POINT('',(0.00051267622579699,2.9823391184182E-5,0.00708333333333037));
#4479=CARTESIAN_POINT('',(0.000504069339760757,0.000177779263193169,0.007051803728523));
#4480=CARTESIAN_POINT('',(0.000352578055648442,0.000168966715234558,0.007051803728523));
#4481=CARTESIAN_POINT('',(0.000432293528793184,0.000277215894426541,0.00791666666666963));
#4482=CARTESIAN_POINT('',(0.000352290366308191,0.000401973709979635,0.00788513706186225));
#4483=CARTESIAN_POINT('',(0.000224551457236453,0.000320058868389828,0.00788513706186225));
#4484=CARTESIAN_POINT('',(0.000341428513669863,0.000383605157958491,0.00833333333333038));
#4485=CARTESIAN_POINT('',(0.00023072192577482,0.000482139770891294,0.008301803728523));
#4486=CARTESIAN_POINT('',(0.000129832823909409,0.000368787844183753,0.008301803728523));
#4487=CARTESIAN_POINT('',(0.000109656446871022,0.000501698924474424,0.00916666666666963));
#4488=CARTESIAN_POINT('',(-3.51314292221001E-5,0.000533345243148529,0.00913513706186225));
#4489=CARTESIAN_POINT('',(-6.75339380801234E-5,0.000385097654354557,0.00913513706186225));
#4490=CARTESIAN_POINT('',(-2.98233911841819E-5,0.00051267622579699,0.00958333333333037));
#4491=CARTESIAN_POINT('',(-0.000177779263193168,0.000504069339760757,0.009551803728523));
#4492=CARTESIAN_POINT('',(-0.000168966715234557,0.000352578055648442,0.009551803728523));
#4493=CARTESIAN_POINT('',(-0.000162595858477837,0.000469535836055842,0.0100305729274789));
#4494=CARTESIAN_POINT('',(-0.000298101623261671,0.000422611459976691,0.00999904332267152));
#4495=CARTESIAN_POINT('',(-0.000250055987141408,0.000283867778952138,0.00999904332267152));
#4496=CARTESIAN_POINT('',(-0.000171578895153487,0.000466313973144975,0.0100611458549577));
#4497=CARTESIAN_POINT('',(-0.000306154845929016,0.0004167971362538,0.0100296162501504));
#4498=CARTESIAN_POINT('',(-0.000255454802031005,0.000279005487184391,0.0100296162501504));
#4499=CARTESIAN_POINT('',(-0.000180456887549051,0.000462829422471746,0.0100917187824365));
#4500=CARTESIAN_POINT('',(-0.000314027213902235,0.00041075044003826,0.0100601891776292));
#4501=CARTESIAN_POINT('',(-0.000260703801880897,0.00027398844483123,0.0100601891776292));
#4502=CARTESIAN_POINT('',(0.000244512791812372,-0.000288564756442658,-0.00503152960480738));
#4503=CARTESIAN_POINT('',(0.00032005886838947,-0.000224551457237118,-0.00461486293814071));
#4504=CARTESIAN_POINT('',(0.000368787844183753,-0.000129832823909409,-0.004198196271477));
#4505=CARTESIAN_POINT('',(0.000385097654354557,6.75339380801237E-5,-0.00336486293813775));
#4506=CARTESIAN_POINT('',(0.000352578055648442,0.000168966715234558,-0.002948196271477));
#4507=CARTESIAN_POINT('',(0.000224551457236453,0.000320058868389828,-0.00211486293813775));
#4508=CARTESIAN_POINT('',(0.000129832823909409,0.000368787844183753,-0.001698196271477));
#4509=CARTESIAN_POINT('',(-6.75339380801237E-5,0.000385097654354557,-0.000864862938137749));
#4510=CARTESIAN_POINT('',(-0.000168966715234558,0.000352578055648442,-0.000448196271477003));
#4511=CARTESIAN_POINT('',(-0.000320058868389828,0.000224551457236453,0.00038513706186225));
#4512=CARTESIAN_POINT('',(-0.000368787844183753,0.000129832823909409,0.000801803728522997));
#4513=CARTESIAN_POINT('',(-0.000385097654354557,-6.75339380801237E-5,0.00163513706186225));
#4514=CARTESIAN_POINT('',(-0.000352578055648442,-0.000168966715234558,0.002051803728523));
#4515=CARTESIAN_POINT('',(-0.000224551457236452,-0.000320058868389828,0.00288513706186225));
#4516=CARTESIAN_POINT('',(-0.000129832823909409,-0.000368787844183753,0.003301803728523));
#4517=CARTESIAN_POINT('',(6.75339380801237E-5,-0.000385097654354557,0.00413513706186225));
#4518=CARTESIAN_POINT('',(0.000168966715234558,-0.000352578055648442,0.004551803728523));
#4519=CARTESIAN_POINT('',(0.000320058868389828,-0.000224551457236452,0.00538513706186225));
#4520=CARTESIAN_POINT('',(0.000368787844183753,-0.000129832823909409,0.005801803728523));
#4521=CARTESIAN_POINT('',(0.000385097654354557,6.75339380801237E-5,0.00663513706186225));
#4522=CARTESIAN_POINT('',(0.000352578055648442,0.000168966715234558,0.007051803728523));
#4523=CARTESIAN_POINT('',(0.000224551457236453,0.000320058868389828,0.00788513706186225));
#4524=CARTESIAN_POINT('',(0.000129832823909409,0.000368787844183753,0.008301803728523));
#4525=CARTESIAN_POINT('',(-6.75339380801234E-5,0.000385097654354557,0.00913513706186225));
#4526=CARTESIAN_POINT('',(-0.000168966715234557,0.000352578055648442,0.009551803728523));
#4527=CARTESIAN_POINT('',(-0.000320058868389828,0.000224551457236453,0.0103851370618623));
#4528=CARTESIAN_POINT('',(-0.000368787844183753,0.000129832823909409,0.010801803728523));
#4529=CARTESIAN_POINT('',(-0.000385097654354557,-6.75339380801239E-5,0.0116351370618623));
#4530=CARTESIAN_POINT('',(-0.000352578055648442,-0.000168966715234558,0.012051803728523));
#4531=CARTESIAN_POINT('',(-0.000224551457236453,-0.000320058868389828,0.0128851370618623));
#4532=CARTESIAN_POINT('',(-0.000129832823909409,-0.000368787844183753,0.013301803728523));
#4533=CARTESIAN_POINT('',(6.75339380801234E-5,-0.000385097654354557,0.0141351370618623));
#4534=CARTESIAN_POINT('',(0.000168966715235273,-0.000352578055648198,0.014551803728526));
#4535=CARTESIAN_POINT('',(0.000244512791812372,-0.000288564756442658,0.0149684703951926));
#4536=CARTESIAN_POINT('',(-0.000250178036219985,0.000283662624563133,-2.31694224474728E-20));
#4537=CARTESIAN_POINT('',(-0.000250178036219985,0.000283662624563133,0.01));
#4538=CARTESIAN_POINT('',(-0.000153519642805362,0.000472484877295087,0.01));
#4539=CARTESIAN_POINT('',(-0.000228418101506656,0.000448148837472847,0.01));
#4540=CARTESIAN_POINT('',(-0.000275992617880645,0.00035806426989363,0.01));
#4541=CARTESIAN_POINT('',(-0.000250178036219985,0.000283662624563133,0.01));
#4542=CARTESIAN_POINT('',(-0.000153519642805362,0.000472484877295087,0.01));
#4543=CARTESIAN_POINT('',(0.000153519642805474,-0.000472484877295432,-0.005));
#4544=CARTESIAN_POINT('',(0.000277215894425774,-0.000432293528793815,-0.00458333333333333));
#4545=CARTESIAN_POINT('',(0.000383605157958491,-0.000341428513669863,-0.00416666666666963));
#4546=CARTESIAN_POINT('',(0.000501698924474424,-0.000109656446871022,-0.00333333333333037));
#4547=CARTESIAN_POINT('',(0.00051267622579699,2.98233911841822E-5,-0.00291666666666963));
#4548=CARTESIAN_POINT('',(0.000432293528793185,0.000277215894426541,-0.00208333333333037));
#4549=CARTESIAN_POINT('',(0.000341428513669863,0.000383605157958492,-0.00166666666666963));
#4550=CARTESIAN_POINT('',(0.000109656446871022,0.000501698924474424,-0.000833333333330373));
#4551=CARTESIAN_POINT('',(-2.98233911841822E-5,0.00051267622579699,-0.000416666666669626));
#4552=CARTESIAN_POINT('',(-0.000277215894426541,0.000432293528793185,0.000416666666669627));
#4553=CARTESIAN_POINT('',(-0.000383605157958491,0.000341428513669863,0.000833333333330373));
#4554=CARTESIAN_POINT('',(-0.000501698924474424,0.000109656446871022,0.00166666666666963));
#4555=CARTESIAN_POINT('',(-0.00051267622579699,-2.98233911841821E-5,0.00208333333333037));
#4556=CARTESIAN_POINT('',(-0.000432293528793184,-0.000277215894426541,0.00291666666666963));
#4557=CARTESIAN_POINT('',(-0.000341428513669863,-0.000383605157958491,0.00333333333333037));
#4558=CARTESIAN_POINT('',(-0.000109656446871021,-0.000501698924474424,0.00416666666666963));
#4559=CARTESIAN_POINT('',(2.98233911841821E-5,-0.00051267622579699,0.00458333333333037));
#4560=CARTESIAN_POINT('',(0.000277215894426541,-0.000432293528793184,0.00541666666666963));
#4561=CARTESIAN_POINT('',(0.000383605157958491,-0.000341428513669863,0.00583333333333037));
#4562=CARTESIAN_POINT('',(0.000501698924474424,-0.000109656446871021,0.00666666666666963));
#4563=CARTESIAN_POINT('',(0.00051267622579699,2.9823391184182E-5,0.00708333333333037));
#4564=CARTESIAN_POINT('',(0.000432293528793184,0.000277215894426541,0.00791666666666963));
#4565=CARTESIAN_POINT('',(0.000341428513669863,0.000383605157958491,0.00833333333333038));
#4566=CARTESIAN_POINT('',(0.000109656446871022,0.000501698924474424,0.00916666666666963));
#4567=CARTESIAN_POINT('',(-2.98233911841819E-5,0.00051267622579699,0.00958333333333037));
#4568=CARTESIAN_POINT('',(-0.000277215894426541,0.000432293528793184,0.0104166666666696));
#4569=CARTESIAN_POINT('',(-0.000383605157958492,0.000341428513669863,0.0108333333333304));
#4570=CARTESIAN_POINT('',(-0.000501698924474424,0.000109656446871021,0.0116666666666696));
#4571=CARTESIAN_POINT('',(-0.00051267622579699,-2.98233911841821E-5,0.0120833333333304));
#4572=CARTESIAN_POINT('',(-0.000432293528793184,-0.000277215894426541,0.0129166666666696));
#4573=CARTESIAN_POINT('',(-0.000341428513669863,-0.000383605157958491,0.0133333333333304));
#4574=CARTESIAN_POINT('',(-0.000109656446871022,-0.000501698924474424,0.0141666666666696));
#4575=CARTESIAN_POINT('',(2.98233911851729E-5,-0.00051267622579705,0.0145833333333333));
#4576=CARTESIAN_POINT('',(0.000153519642805474,-0.000472484877295432,0.015));
#4577=CARTESIAN_POINT('',(-0.000153519642805362,0.000472484877295087,4.17208756564796E-19));
#4578=CARTESIAN_POINT('',(-0.000153519642805362,0.000472484877295087,0.));
#4579=CARTESIAN_POINT('',(-0.000228418101506658,0.000448148837472841,0.));
#4580=CARTESIAN_POINT('',(-0.00027599261788062,0.000358064269893639,0.));
#4581=CARTESIAN_POINT('',(-0.000250178036219985,0.000283662624563133,0.));
#4582=CARTESIAN_POINT('',(4.98674390494571E-5,0.000374899158092998,-6.01891776291524E-5));
#4583=CARTESIAN_POINT('',(1.26203017159905E-5,0.000516884651588168,-6.01891776291518E-5));
#4584=CARTESIAN_POINT('',(-0.000126051620076745,0.000480506765452317,-9.17187824365291E-5));
#4585=CARTESIAN_POINT('',(4.26719654621084E-5,0.000375872745917152,-2.96162501503524E-5));
#4586=CARTESIAN_POINT('',(2.69726337909652E-6,0.000517149269791085,-2.96162501503517E-5));
#4587=CARTESIAN_POINT('',(-0.000135282234297277,0.000478107473164643,-6.11458549577291E-5));
#4588=CARTESIAN_POINT('',(3.5446249073516E-5,0.000376633078816907,9.56677328488472E-7));
#4589=CARTESIAN_POINT('',(-7.23550435463983E-6,0.000517119590976407,9.56677328489149E-7));
#4590=CARTESIAN_POINT('',(-0.000144443427132887,0.000475433918534332,-3.05729274788883E-5));
#4591=CARTESIAN_POINT('',(-7.05432372836392E-5,0.00038455778220644,0.000448196271477004));
#4592=CARTESIAN_POINT('',(-0.000152458078873446,0.000512296691278179,0.000448196271477004));
#4593=CARTESIAN_POINT('',(-0.000277215894426541,0.000432293528793185,0.000416666666669627));
#4594=CARTESIAN_POINT('',(-0.000171718618318147,0.000351245999699496,0.00086486293813775));
#4595=CARTESIAN_POINT('',(-0.000285070545025689,0.000452135101564906,0.00086486293813775));
#4596=CARTESIAN_POINT('',(-0.000383605157958491,0.000341428513669863,0.000833333333330373));
#4597=CARTESIAN_POINT('',(-0.000321805017006346,0.00022204181410612,0.001698196271477));
#4598=CARTESIAN_POINT('',(-0.000470052605800319,0.000254444322964144,0.001698196271477));
#4599=CARTESIAN_POINT('',(-0.000501698924474424,0.000109656446871022,0.00166666666666963));
#4600=CARTESIAN_POINT('',(-0.000369791827720908,0.000126945028783415,0.00211486293813775));
#4601=CARTESIAN_POINT('',(-0.000521283111833223,0.000118132480824804,0.00211486293813775));
#4602=CARTESIAN_POINT('',(-0.00051267622579699,-2.98233911841821E-5,0.00208333333333037));
#4603=CARTESIAN_POINT('',(-0.00038455778220644,-7.05432372836393E-5,0.00294819627147701));
#4604=CARTESIAN_POINT('',(-0.000512296691278178,-0.000152458078873446,0.00294819627147701));
#4605=CARTESIAN_POINT('',(-0.000432293528793184,-0.000277215894426541,0.00291666666666963));
#4606=CARTESIAN_POINT('',(-0.000351245999699496,-0.000171718618318147,0.00336486293813775));
#4607=CARTESIAN_POINT('',(-0.000452135101564906,-0.000285070545025688,0.00336486293813775));
#4608=CARTESIAN_POINT('',(-0.000341428513669863,-0.000383605157958491,0.00333333333333037));
#4609=CARTESIAN_POINT('',(-0.00022204181410612,-0.000321805017006346,0.004198196271477));
#4610=CARTESIAN_POINT('',(-0.000254444322964144,-0.000470052605800319,0.004198196271477));
#4611=CARTESIAN_POINT('',(-0.000109656446871021,-0.000501698924474424,0.00416666666666963));
#4612=CARTESIAN_POINT('',(-0.000126945028783415,-0.000369791827720908,0.00461486293813775));
#4613=CARTESIAN_POINT('',(-0.000118132480824804,-0.000521283111833223,0.00461486293813775));
#4614=CARTESIAN_POINT('',(2.98233911841821E-5,-0.00051267622579699,0.00458333333333037));
#4615=CARTESIAN_POINT('',(7.05432372836393E-5,-0.00038455778220644,0.00544819627147701));
#4616=CARTESIAN_POINT('',(0.000152458078873446,-0.000512296691278178,0.00544819627147701));
#4617=CARTESIAN_POINT('',(0.000277215894426541,-0.000432293528793184,0.00541666666666963));
#4618=CARTESIAN_POINT('',(0.000171718618318147,-0.000351245999699496,0.00586486293813775));
#4619=CARTESIAN_POINT('',(0.000285070545025688,-0.000452135101564906,0.00586486293813775));
#4620=CARTESIAN_POINT('',(0.000383605157958491,-0.000341428513669863,0.00583333333333037));
#4621=CARTESIAN_POINT('',(0.000321805017006346,-0.00022204181410612,0.006698196271477));
#4622=CARTESIAN_POINT('',(0.000470052605800319,-0.000254444322964144,0.00669819627147701));
#4623=CARTESIAN_POINT('',(0.000501698924474424,-0.000109656446871021,0.00666666666666963));
#4624=CARTESIAN_POINT('',(0.000369791827720908,-0.000126945028783415,0.00711486293813775));
#4625=CARTESIAN_POINT('',(0.000521283111833223,-0.000118132480824804,0.00711486293813775));
#4626=CARTESIAN_POINT('',(0.00051267622579699,2.9823391184182E-5,0.00708333333333037));
#4627=CARTESIAN_POINT('',(0.00038455778220644,7.05432372836392E-5,0.00794819627147701));
#4628=CARTESIAN_POINT('',(0.000512296691278178,0.000152458078873446,0.00794819627147701));
#4629=CARTESIAN_POINT('',(0.000432293528793184,0.000277215894426541,0.00791666666666963));
#4630=CARTESIAN_POINT('',(0.000351245999699496,0.000171718618318147,0.00836486293813775));
#4631=CARTESIAN_POINT('',(0.000452135101564906,0.000285070545025688,0.00836486293813775));
#4632=CARTESIAN_POINT('',(0.000341428513669863,0.000383605157958491,0.00833333333333038));
#4633=CARTESIAN_POINT('',(0.000222041814106121,0.000321805017006346,0.009198196271477));
#4634=CARTESIAN_POINT('',(0.000254444322964144,0.000470052605800319,0.009198196271477));
#4635=CARTESIAN_POINT('',(0.000109656446871022,0.000501698924474424,0.00916666666666963));
#4636=CARTESIAN_POINT('',(0.000126945028783416,0.000369791827720908,0.00961486293813775));
#4637=CARTESIAN_POINT('',(0.000118132480824805,0.000521283111833223,0.00961486293813775));
#4638=CARTESIAN_POINT('',(-2.98233911841819E-5,0.00051267622579699,0.00958333333333037));
#4639=CARTESIAN_POINT('',(2.34462332195192E-5,0.00037753030522663,0.0100515926640171));
#4640=CARTESIAN_POINT('',(-2.36774483292674E-5,0.000516573547450487,0.0100515926640171));
#4641=CARTESIAN_POINT('',(-0.000159475783334041,0.000470549609923788,0.0100200630592098));
#4642=CARTESIAN_POINT('',(1.86859337148518E-5,0.000377791452583301,0.0100716557232269));
#4643=CARTESIAN_POINT('',(-3.01858773918321E-5,0.000516228123326917,0.0100716557232269));
#4644=CARTESIAN_POINT('',(-0.000165391796715263,0.000468496853034251,0.0100401261184195));
#4645=CARTESIAN_POINT('',(1.39231860965462E-5,0.000377959296959389,0.0100917187824366));
#4646=CARTESIAN_POINT('',(-3.66839065126446E-5,0.000515755525366895,0.0100917187824366));
#4647=CARTESIAN_POINT('',(-0.000171264329756444,0.000466329470523495,0.0100601891776292));
#4648=CARTESIAN_POINT('',(-0.000153519642805362,0.000472484877295087,0.01));
#4649=CARTESIAN_POINT('',(-7.86211515568028E-5,0.00049682081694716,0.01));
#4650=CARTESIAN_POINT('',(1.28178209710584E-5,0.000451904469954218,0.01));
#4651=CARTESIAN_POINT('',(3.56655755765331E-5,0.000376538844078174,0.01));
#4652=CARTESIAN_POINT('',(3.56655755765332E-5,0.000376538844078174,0.01));
#4653=CARTESIAN_POINT('',(-2.82008957499086E-5,-0.00037717480496395,-0.00496847039519263));
#4654=CARTESIAN_POINT('',(7.05432372829171E-5,-0.000384557782206663,-0.00455180372852596));
#4655=CARTESIAN_POINT('',(0.000171718618318147,-0.000351245999699496,-0.00413513706186225));
#4656=CARTESIAN_POINT('',(0.000321805017006346,-0.00022204181410612,-0.003301803728523));
#4657=CARTESIAN_POINT('',(0.000369791827720908,-0.000126945028783415,-0.00288513706186225));
#4658=CARTESIAN_POINT('',(0.00038455778220644,7.05432372836393E-5,-0.002051803728523));
#4659=CARTESIAN_POINT('',(0.000351245999699496,0.000171718618318147,-0.00163513706186225));
#4660=CARTESIAN_POINT('',(0.00022204181410612,0.000321805017006346,-0.000801803728522996));
#4661=CARTESIAN_POINT('',(0.000126945028783415,0.000369791827720908,-0.00038513706186225));
#4662=CARTESIAN_POINT('',(-7.05432372836392E-5,0.00038455778220644,0.000448196271477004));
#4663=CARTESIAN_POINT('',(-0.000171718618318147,0.000351245999699496,0.00086486293813775));
#4664=CARTESIAN_POINT('',(-0.000321805017006346,0.00022204181410612,0.001698196271477));
#4665=CARTESIAN_POINT('',(-0.000369791827720908,0.000126945028783415,0.00211486293813775));
#4666=CARTESIAN_POINT('',(-0.00038455778220644,-7.05432372836393E-5,0.00294819627147701));
#4667=CARTESIAN_POINT('',(-0.000351245999699496,-0.000171718618318147,0.00336486293813775));
#4668=CARTESIAN_POINT('',(-0.00022204181410612,-0.000321805017006346,0.004198196271477));
#4669=CARTESIAN_POINT('',(-0.000126945028783415,-0.000369791827720908,0.00461486293813775));
#4670=CARTESIAN_POINT('',(7.05432372836393E-5,-0.00038455778220644,0.00544819627147701));
#4671=CARTESIAN_POINT('',(0.000171718618318147,-0.000351245999699496,0.00586486293813775));
#4672=CARTESIAN_POINT('',(0.000321805017006346,-0.00022204181410612,0.006698196271477));
#4673=CARTESIAN_POINT('',(0.000369791827720908,-0.000126945028783415,0.00711486293813775));
#4674=CARTESIAN_POINT('',(0.00038455778220644,7.05432372836392E-5,0.00794819627147701));
#4675=CARTESIAN_POINT('',(0.000351245999699496,0.000171718618318147,0.00836486293813775));
#4676=CARTESIAN_POINT('',(0.000222041814106121,0.000321805017006346,0.009198196271477));
#4677=CARTESIAN_POINT('',(0.000126945028783416,0.000369791827720908,0.00961486293813775));
#4678=CARTESIAN_POINT('',(-7.05432372836393E-5,0.00038455778220644,0.010448196271477));
#4679=CARTESIAN_POINT('',(-0.000171718618318147,0.000351245999699496,0.0108648629381377));
#4680=CARTESIAN_POINT('',(-0.000321805017006347,0.00022204181410612,0.011698196271477));
#4681=CARTESIAN_POINT('',(-0.000369791827720908,0.000126945028783415,0.0121148629381378));
#4682=CARTESIAN_POINT('',(-0.00038455778220644,-7.05432372836391E-5,0.012948196271477));
#4683=CARTESIAN_POINT('',(-0.000351245999699496,-0.000171718618318147,0.0133648629381377));
#4684=CARTESIAN_POINT('',(-0.000222041814106121,-0.000321805017006346,0.014198196271477));
#4685=CARTESIAN_POINT('',(-0.000126945028782734,-0.000369791827721236,0.0146148629381407));
#4686=CARTESIAN_POINT('',(-2.82008957499087E-5,-0.00037717480496395,0.0150315296048074));
#4687=CARTESIAN_POINT('',(3.56655755765336E-5,0.000376538844078174,-1.19947517512379E-18));
#4688=CARTESIAN_POINT('',(-0.000153519642805362,0.000472484877295087,0.));
#4689=CARTESIAN_POINT('',(-7.86211515568027E-5,0.00049682081694716,0.));
#4690=CARTESIAN_POINT('',(1.28178209710989E-5,0.000451904469954229,0.));
#4691=CARTESIAN_POINT('',(3.56655755765336E-5,0.000376538844078174,0.));
#4692=CARTESIAN_POINT('',(-5.15573454098122E-5,0.000196535778461979,-9.17187824365283E-5));
#4693=CARTESIAN_POINT('',(8.71145763829236E-5,0.000232913664597829,-6.01891776291509E-5));
#4694=CARTESIAN_POINT('',(4.98674390494569E-5,0.000374899158092998,-6.01891776291516E-5));
#4695=CARTESIAN_POINT('',(-5.53328301312536E-5,0.000195554425416779,-6.11458549577285E-5));
#4696=CARTESIAN_POINT('',(8.26466675451203E-5,0.00023459622204322,-2.96162501503511E-5));
#4697=CARTESIAN_POINT('',(4.26719654621083E-5,0.000375872745917152,-2.96162501503518E-5));
#4698=CARTESIAN_POINT('',(-5.90799202765753E-5,0.000194460894215331,-3.05729274788879E-5));
#4699=CARTESIAN_POINT('',(7.81280025016717E-5,0.000236146566657406,9.56677328489417E-7));
#4700=CARTESIAN_POINT('',(3.54462490735159E-5,0.000376633078816907,9.56677328488743E-7));
#4701=CARTESIAN_POINT('',(-0.000113386211246927,0.000176815710649708,0.000416666666669627));
#4702=CARTESIAN_POINT('',(1.13716043061679E-5,0.000256818873134702,0.000448196271477004));
#4703=CARTESIAN_POINT('',(-7.05432372836392E-5,0.00038455778220644,0.000448196271477004));
#4704=CARTESIAN_POINT('',(-0.000156901304543409,0.000139650309939042,0.000833333333330373));
#4705=CARTESIAN_POINT('',(-5.83666916106058E-5,0.000250356897834086,0.00086486293813775));
#4706=CARTESIAN_POINT('',(-0.000171718618318147,0.000351245999699496,0.00086486293813775));
#4707=CARTESIAN_POINT('',(-0.000205203746886479,4.4851429154975E-5,0.00166666666666963));
#4708=CARTESIAN_POINT('',(-0.000173557428212374,0.000189639305248097,0.001698196271477));
#4709=CARTESIAN_POINT('',(-0.000321805017006346,0.00022204181410612,0.001698196271477));
#4710=CARTESIAN_POINT('',(-0.00020969365757236,-1.21982952669601E-5,0.00208333333333037));
#4711=CARTESIAN_POINT('',(-0.000218300543608593,0.000135757576742026,0.00211486293813775));
#4712=CARTESIAN_POINT('',(-0.000369791827720908,0.000126945028783415,0.00211486293813775));
#4713=CARTESIAN_POINT('',(-0.000176815710649708,-0.000113386211246927,0.00291666666666963));
#4714=CARTESIAN_POINT('',(-0.000256818873134702,1.13716043061679E-5,0.00294819627147701));
#4715=CARTESIAN_POINT('',(-0.00038455778220644,-7.05432372836393E-5,0.00294819627147701));
#4716=CARTESIAN_POINT('',(-0.000139650309939042,-0.000156901304543409,0.00333333333333037));
#4717=CARTESIAN_POINT('',(-0.000250356897834086,-5.83666916106057E-5,0.00336486293813775));
#4718=CARTESIAN_POINT('',(-0.000351245999699496,-0.000171718618318147,0.00336486293813775));
#4719=CARTESIAN_POINT('',(-4.4851429154975E-5,-0.000205203746886479,0.00416666666666963));
#4720=CARTESIAN_POINT('',(-0.000189639305248097,-0.000173557428212374,0.004198196271477));
#4721=CARTESIAN_POINT('',(-0.00022204181410612,-0.000321805017006346,0.004198196271477));
#4722=CARTESIAN_POINT('',(1.21982952669601E-5,-0.00020969365757236,0.00458333333333037));
#4723=CARTESIAN_POINT('',(-0.000135757576742026,-0.000218300543608593,0.00461486293813775));
#4724=CARTESIAN_POINT('',(-0.000126945028783415,-0.000369791827720908,0.00461486293813775));
#4725=CARTESIAN_POINT('',(0.000113386211246927,-0.000176815710649708,0.00541666666666963));
#4726=CARTESIAN_POINT('',(-1.1371604306168E-5,-0.000256818873134702,0.00544819627147701));
#4727=CARTESIAN_POINT('',(7.05432372836393E-5,-0.00038455778220644,0.00544819627147701));
#4728=CARTESIAN_POINT('',(0.000156901304543409,-0.000139650309939042,0.00583333333333037));
#4729=CARTESIAN_POINT('',(5.83666916106057E-5,-0.000250356897834086,0.00586486293813775));
#4730=CARTESIAN_POINT('',(0.000171718618318147,-0.000351245999699496,0.00586486293813775));
#4731=CARTESIAN_POINT('',(0.000205203746886479,-4.4851429154975E-5,0.00666666666666963));
#4732=CARTESIAN_POINT('',(0.000173557428212374,-0.000189639305248097,0.00669819627147701));
#4733=CARTESIAN_POINT('',(0.000321805017006346,-0.00022204181410612,0.006698196271477));
#4734=CARTESIAN_POINT('',(0.00020969365757236,1.21982952669601E-5,0.00708333333333037));
#4735=CARTESIAN_POINT('',(0.000218300543608593,-0.000135757576742026,0.00711486293813775));
#4736=CARTESIAN_POINT('',(0.000369791827720908,-0.000126945028783415,0.00711486293813775));
#4737=CARTESIAN_POINT('',(0.000176815710649708,0.000113386211246927,0.00791666666666963));
#4738=CARTESIAN_POINT('',(0.000256818873134702,-1.1371604306168E-5,0.00794819627147701));
#4739=CARTESIAN_POINT('',(0.00038455778220644,7.05432372836392E-5,0.00794819627147701));
#4740=CARTESIAN_POINT('',(0.000139650309939042,0.000156901304543409,0.00833333333333038));
#4741=CARTESIAN_POINT('',(0.000250356897834086,5.83666916106055E-5,0.00836486293813775));
#4742=CARTESIAN_POINT('',(0.000351245999699496,0.000171718618318147,0.00836486293813775));
#4743=CARTESIAN_POINT('',(4.48514291549752E-5,0.000205203746886479,0.00916666666666963));
#4744=CARTESIAN_POINT('',(0.000189639305248097,0.000173557428212374,0.009198196271477));
#4745=CARTESIAN_POINT('',(0.000222041814106121,0.000321805017006346,0.009198196271477));
#4746=CARTESIAN_POINT('',(-1.219829526696E-5,0.00020969365757236,0.00958333333333037));
#4747=CARTESIAN_POINT('',(0.000135757576742026,0.000218300543608593,0.00961486293813775));
#4748=CARTESIAN_POINT('',(0.000126945028783416,0.000369791827720908,0.00961486293813775));
#4749=CARTESIAN_POINT('',(-6.52284202364675E-5,0.000192463125476074,0.0100200630592098));
#4750=CARTESIAN_POINT('',(7.05699147683059E-5,0.000238487063002773,0.0100515926640171));
#4751=CARTESIAN_POINT('',(2.34462332195193E-5,0.00037753030522663,0.0100515926640171));
#4752=CARTESIAN_POINT('',(-6.76481745018946E-5,0.000191623511547021,0.0100401261184195));
#4753=CARTESIAN_POINT('',(6.75577448215358E-5,0.000239354781839686,0.0100716557232269));
#4754=CARTESIAN_POINT('',(1.86859337148521E-5,0.000377791452583301,0.0100716557232269));
#4755=CARTESIAN_POINT('',(-7.00501445380622E-5,0.000190737013708483,0.0100601891776292));
#4756=CARTESIAN_POINT('',(6.45302787057374E-5,0.000240163068551883,0.0100917187824366));
#4757=CARTESIAN_POINT('',(1.39231860965468E-5,0.000377959296959389,0.0100917187824366));
#4758=CARTESIAN_POINT('',(6.27922532569893E-5,-0.000193254684111175,-0.005));
#4759=CARTESIAN_POINT('',(0.000113386211246613,-0.000176815710649966,-0.00458333333333333));
#4760=CARTESIAN_POINT('',(0.000156901304543409,-0.000139650309939042,-0.00416666666666963));
#4761=CARTESIAN_POINT('',(0.000205203746886479,-4.48514291549751E-5,-0.00333333333333037));
#4762=CARTESIAN_POINT('',(0.00020969365757236,1.21982952669602E-5,-0.00291666666666963));
#4763=CARTESIAN_POINT('',(0.000176815710649708,0.000113386211246927,-0.00208333333333037));
#4764=CARTESIAN_POINT('',(0.000139650309939042,0.000156901304543409,-0.00166666666666963));
#4765=CARTESIAN_POINT('',(4.4851429154975E-5,0.000205203746886479,-0.000833333333330373));
#4766=CARTESIAN_POINT('',(-1.21982952669602E-5,0.00020969365757236,-0.000416666666669626));
#4767=CARTESIAN_POINT('',(-0.000113386211246927,0.000176815710649708,0.000416666666669627));
#4768=CARTESIAN_POINT('',(-0.000156901304543409,0.000139650309939042,0.000833333333330373));
#4769=CARTESIAN_POINT('',(-0.000205203746886479,4.4851429154975E-5,0.00166666666666963));
#4770=CARTESIAN_POINT('',(-0.00020969365757236,-1.21982952669601E-5,0.00208333333333037));
#4771=CARTESIAN_POINT('',(-0.000176815710649708,-0.000113386211246927,0.00291666666666963));
#4772=CARTESIAN_POINT('',(-0.000139650309939042,-0.000156901304543409,0.00333333333333037));
#4773=CARTESIAN_POINT('',(-4.4851429154975E-5,-0.000205203746886479,0.00416666666666963));
#4774=CARTESIAN_POINT('',(1.21982952669601E-5,-0.00020969365757236,0.00458333333333037));
#4775=CARTESIAN_POINT('',(0.000113386211246927,-0.000176815710649708,0.00541666666666963));
#4776=CARTESIAN_POINT('',(0.000156901304543409,-0.000139650309939042,0.00583333333333037));
#4777=CARTESIAN_POINT('',(0.000205203746886479,-4.4851429154975E-5,0.00666666666666963));
#4778=CARTESIAN_POINT('',(0.00020969365757236,1.21982952669601E-5,0.00708333333333037));
#4779=CARTESIAN_POINT('',(0.000176815710649708,0.000113386211246927,0.00791666666666963));
#4780=CARTESIAN_POINT('',(0.000139650309939042,0.000156901304543409,0.00833333333333038));
#4781=CARTESIAN_POINT('',(4.48514291549752E-5,0.000205203746886479,0.00916666666666963));
#4782=CARTESIAN_POINT('',(-1.219829526696E-5,0.00020969365757236,0.00958333333333037));
#4783=CARTESIAN_POINT('',(-0.000113386211246927,0.000176815710649708,0.0104166666666696));
#4784=CARTESIAN_POINT('',(-0.000156901304543409,0.000139650309939042,0.0108333333333304));
#4785=CARTESIAN_POINT('',(-0.000205203746886479,4.48514291549749E-5,0.0116666666666696));
#4786=CARTESIAN_POINT('',(-0.00020969365757236,-1.21982952669601E-5,0.0120833333333304));
#4787=CARTESIAN_POINT('',(-0.000176815710649708,-0.000113386211246927,0.0129166666666696));
#4788=CARTESIAN_POINT('',(-0.000139650309939042,-0.000156901304543409,0.0133333333333304));
#4789=CARTESIAN_POINT('',(-4.48514291549752E-5,-0.000205203746886479,0.0141666666666696));
#4790=CARTESIAN_POINT('',(1.21982952673654E-5,-0.000209693657572384,0.0145833333333333));
#4791=CARTESIAN_POINT('',(6.27922532569892E-5,-0.000193254684111175,0.015));
#4792=CARTESIAN_POINT('',(-6.27922532569434E-5,0.000193254684111034,4.17208756564796E-19));
#4793=CARTESIAN_POINT('',(-6.27922532569433E-5,0.000193254684111034,0.01));
#4794=CARTESIAN_POINT('',(3.56655755765336E-5,0.000376538844078174,0.));
#4795=CARTESIAN_POINT('',(5.79549227672426E-5,0.000303014686431891,0.));
#4796=CARTESIAN_POINT('',(1.02760276512077E-5,0.000216996069592613,0.));
#4797=CARTESIAN_POINT('',(-6.27922532569435E-5,0.000193254684111034,0.));
#4798=CARTESIAN_POINT('',(3.56655755765332E-5,0.000376538844078174,0.01));
#4799=CARTESIAN_POINT('',(5.79549227672663E-5,0.000303014686431898,0.01));
#4800=CARTESIAN_POINT('',(1.02760276512062E-5,0.000216996069592619,0.01));
#4801=CARTESIAN_POINT('',(-6.27922532569432E-5,0.000193254684111034,0.01));
#4802=CARTESIAN_POINT('',(-0.000233422994887511,0.00029759165096968,-9.17187824365869E-5));
#4803=CARTESIAN_POINT('',(-0.000193370401964796,0.000156366057730153,-9.17187824365866E-5));
#4804=CARTESIAN_POINT('',(-5.54406463344395E-5,0.000195483927426919,-6.01891776292102E-5));
#4805=CARTESIAN_POINT('',(-0.000237177482201694,0.000294656389206583,-7.16557232268693E-5));
#4806=CARTESIAN_POINT('',(-0.000195344574493318,0.000153932640108977,-7.16557232268689E-5));
#4807=CARTESIAN_POINT('',(-5.79049512693602E-5,0.000194789276680065,-4.01261184194926E-5));
#4808=CARTESIAN_POINT('',(-0.000240875146834358,0.000291647082711661,-5.1592664017133E-5));
#4809=CARTESIAN_POINT('',(-0.000197271438834727,0.000151460131751465,-5.15926640171327E-5));
#4810=CARTESIAN_POINT('',(-6.03560862774191E-5,0.000194046242745994,-2.00630592097564E-5));
#4811=CARTESIAN_POINT('',(-0.000320058868389828,0.000224551457236453,0.00038513706186225));
#4812=CARTESIAN_POINT('',(-0.000238144026800021,9.68125481647145E-5,0.000385137061862251));
#4813=CARTESIAN_POINT('',(-0.000113386211246927,0.000176815710649708,0.000416666666669627));
#4814=CARTESIAN_POINT('',(-0.000368787844183753,0.000129832823909409,0.000801803728522997));
#4815=CARTESIAN_POINT('',(-0.000255435917476212,2.89437220439987E-5,0.000801803728522996));
#4816=CARTESIAN_POINT('',(-0.000156901304543409,0.000139650309939042,0.000833333333330373));
#4817=CARTESIAN_POINT('',(-0.000385097654354557,-6.75339380801237E-5,0.00163513706186225));
#4818=CARTESIAN_POINT('',(-0.000236850065560585,-9.9936446938147E-5,0.00163513706186225));
#4819=CARTESIAN_POINT('',(-0.000205203746886479,4.4851429154975E-5,0.00166666666666963));
#4820=CARTESIAN_POINT('',(-0.000352578055648442,-0.000168966715234558,0.002051803728523));
#4821=CARTESIAN_POINT('',(-0.000201086771536127,-0.000160154167275947,0.002051803728523));
#4822=CARTESIAN_POINT('',(-0.00020969365757236,-1.21982952669601E-5,0.00208333333333037));
#4823=CARTESIAN_POINT('',(-0.000224551457236452,-0.000320058868389828,0.00288513706186225));
#4824=CARTESIAN_POINT('',(-9.68125481647144E-5,-0.000238144026800021,0.00288513706186225));
#4825=CARTESIAN_POINT('',(-0.000176815710649708,-0.000113386211246927,0.00291666666666963));
#4826=CARTESIAN_POINT('',(-0.000129832823909409,-0.000368787844183753,0.003301803728523));
#4827=CARTESIAN_POINT('',(-2.89437220439987E-5,-0.000255435917476212,0.003301803728523));
#4828=CARTESIAN_POINT('',(-0.000139650309939042,-0.000156901304543409,0.00333333333333037));
#4829=CARTESIAN_POINT('',(6.75339380801237E-5,-0.000385097654354557,0.00413513706186225));
#4830=CARTESIAN_POINT('',(9.9936446938147E-5,-0.000236850065560585,0.00413513706186225));
#4831=CARTESIAN_POINT('',(-4.4851429154975E-5,-0.000205203746886479,0.00416666666666963));
#4832=CARTESIAN_POINT('',(0.000168966715234558,-0.000352578055648442,0.004551803728523));
#4833=CARTESIAN_POINT('',(0.000160154167275947,-0.000201086771536127,0.004551803728523));
#4834=CARTESIAN_POINT('',(1.21982952669601E-5,-0.00020969365757236,0.00458333333333037));
#4835=CARTESIAN_POINT('',(0.000320058868389828,-0.000224551457236452,0.00538513706186225));
#4836=CARTESIAN_POINT('',(0.000238144026800021,-9.68125481647144E-5,0.00538513706186225));
#4837=CARTESIAN_POINT('',(0.000113386211246927,-0.000176815710649708,0.00541666666666963));
#4838=CARTESIAN_POINT('',(0.000368787844183753,-0.000129832823909409,0.005801803728523));
#4839=CARTESIAN_POINT('',(0.000255435917476212,-2.89437220439988E-5,0.005801803728523));
#4840=CARTESIAN_POINT('',(0.000156901304543409,-0.000139650309939042,0.00583333333333037));
#4841=CARTESIAN_POINT('',(0.000385097654354557,6.75339380801237E-5,0.00663513706186225));
#4842=CARTESIAN_POINT('',(0.000236850065560585,9.9936446938147E-5,0.00663513706186225));
#4843=CARTESIAN_POINT('',(0.000205203746886479,-4.4851429154975E-5,0.00666666666666963));
#4844=CARTESIAN_POINT('',(0.000352578055648442,0.000168966715234558,0.007051803728523));
#4845=CARTESIAN_POINT('',(0.000201086771536127,0.000160154167275947,0.007051803728523));
#4846=CARTESIAN_POINT('',(0.00020969365757236,1.21982952669601E-5,0.00708333333333037));
#4847=CARTESIAN_POINT('',(0.000224551457236453,0.000320058868389828,0.00788513706186225));
#4848=CARTESIAN_POINT('',(9.68125481647146E-5,0.000238144026800021,0.00788513706186225));
#4849=CARTESIAN_POINT('',(0.000176815710649708,0.000113386211246927,0.00791666666666963));
#4850=CARTESIAN_POINT('',(0.000129832823909409,0.000368787844183753,0.008301803728523));
#4851=CARTESIAN_POINT('',(2.89437220439989E-5,0.000255435917476212,0.008301803728523));
#4852=CARTESIAN_POINT('',(0.000139650309939042,0.000156901304543409,0.00833333333333038));
#4853=CARTESIAN_POINT('',(-6.75339380801234E-5,0.000385097654354557,0.00913513706186225));
#4854=CARTESIAN_POINT('',(-9.99364469381469E-5,0.000236850065560585,0.00913513706186225));
#4855=CARTESIAN_POINT('',(4.48514291549752E-5,0.000205203746886479,0.00916666666666963));
#4856=CARTESIAN_POINT('',(-0.000168966715234557,0.000352578055648442,0.009551803728523));
#4857=CARTESIAN_POINT('',(-0.000160154167275947,0.000201086771536127,0.009551803728523));
#4858=CARTESIAN_POINT('',(-1.219829526696E-5,0.00020969365757236,0.00958333333333037));
#4859=CARTESIAN_POINT('',(-0.000250055987141408,0.000283867778952138,0.00999904332267151));
#4860=CARTESIAN_POINT('',(-0.000202010351021145,0.000145124097927586,0.00999904332267151));
#4861=CARTESIAN_POINT('',(-6.65045862373114E-5,0.000192048474006738,0.0100305729274789));
#4862=CARTESIAN_POINT('',(-0.000255454802031004,0.000279005487184392,0.0100296162501504));
#4863=CARTESIAN_POINT('',(-0.000204754758132994,0.000141213838114983,0.0100296162501504));
#4864=CARTESIAN_POINT('',(-7.01788073574642E-5,0.000190730675006157,0.0100611458549577));
#4865=CARTESIAN_POINT('',(-0.000260703801880896,0.000273988444831231,0.0100601891776292));
#4866=CARTESIAN_POINT('',(-0.000207380389859559,0.000137226449624201,0.0100601891776292));
#4867=CARTESIAN_POINT('',(-7.38100635063742E-5,0.000189305432057687,0.0100917187824365));
#4868=CARTESIAN_POINT('',(-0.000250178036219985,0.000283662624563133,0.));
#4869=CARTESIAN_POINT('',(-0.000224994081339091,0.000211078981968256,0.));
#4870=CARTESIAN_POINT('',(-0.000135860570516465,0.000169513410507463,0.));
#4871=CARTESIAN_POINT('',(-6.27922532569435E-5,0.000193254684111034,0.));
#4872=CARTESIAN_POINT('',(-0.000250178036219985,0.000283662624563133,0.01));
#4873=CARTESIAN_POINT('',(-0.000224994081339039,0.000211078981968277,0.01));
#4874=CARTESIAN_POINT('',(-0.000135860570516467,0.000169513410507468,0.01));
#4875=CARTESIAN_POINT('',(-6.27922532569432E-5,0.000193254684111034,0.01));
#4876=CARTESIAN_POINT('',(-0.0005325,-0.0005325,0.));
#4877=CARTESIAN_POINT('',(-0.0005325,-0.0005325,0.01));
#4878=CARTESIAN_POINT('',(0.,0.,0.));
#4879=CARTESIAN_POINT('',(0.00036376315338724,-0.000103554109077748,-9.17187824365877E-5));
#4880=CARTESIAN_POINT('',(0.000248349604091532,-1.28425275423337E-5,-9.17187824365874E-5));
#4881=CARTESIAN_POINT('',(0.000159754994665448,-0.00012556262512259,-6.01891776292111E-5));
#4882=CARTESIAN_POINT('',(0.000365075293853613,-9.89726001552685E-5,-7.16557232268699E-5));
#4883=CARTESIAN_POINT('',(0.000248516416226539,-9.7134618346446E-6,-7.16557232268696E-5));
#4884=CARTESIAN_POINT('',(0.000161340353772626,-0.000123552158765332,-4.01261184194932E-5));
#4885=CARTESIAN_POINT('',(0.000366297941403594,-9.43645873205904E-5,-5.15926640171334E-5));
#4886=CARTESIAN_POINT('',(0.000248621978275878,-6.58057811163497E-6,-5.15926640171331E-5));
#4887=CARTESIAN_POINT('',(0.000162886619261253,-0.000121510290676156,-2.00630592097567E-5));
#4888=CARTESIAN_POINT('',(0.000390921098672157,6.45993768900923E-6,0.00038513706186225));
#4889=CARTESIAN_POINT('',(0.000249567552838174,6.16545501405988E-5,0.000385137061862251));
#4890=CARTESIAN_POINT('',(0.000195661038920063,-7.6400172003835E-5,0.000416666666669627));
#4891=CARTESIAN_POINT('',(0.000374669452420993,0.000111731095065543,0.000801803728522997));
#4892=CARTESIAN_POINT('',(0.000223664691175927,0.000126725502184255,0.000801803728522996));
#4893=CARTESIAN_POINT('',(0.000209020214475459,-2.0755201134348E-5,0.000833333333330373));
#4894=CARTESIAN_POINT('',(0.000271855094034036,0.000280990825525918,0.00163513706186225));
#4895=CARTESIAN_POINT('',(0.000132874558480581,0.000220067259471428,0.00163513706186225));
#4896=CARTESIAN_POINT('',(0.000192376327142112,8.43301677266513E-5,0.00166666666666963));
#4897=CARTESIAN_POINT('',(0.00018592549552009,0.000343937125500578,0.002051803728523));
#4898=CARTESIAN_POINT('',(6.85463578987357E-5,0.00024776328178625,0.002051803728523));
#4899=CARTESIAN_POINT('',(0.000162475754527652,0.000133123467593675,0.00208333333333037));
#4900=CARTESIAN_POINT('',(-6.45993768900934E-6,0.000390921098672156,0.00288513706186225));
#4901=CARTESIAN_POINT('',(-6.16545501405989E-5,0.000249567552838174,0.00288513706186225));
#4902=CARTESIAN_POINT('',(7.6400172003835E-5,0.000195661038920063,0.00291666666666963));
#4903=CARTESIAN_POINT('',(-0.000111731095065543,0.000374669452420993,0.003301803728523));
#4904=CARTESIAN_POINT('',(-0.000126725502184255,0.000223664691175927,0.003301803728523));
#4905=CARTESIAN_POINT('',(2.0755201134348E-5,0.000209020214475459,0.00333333333333037));
#4906=CARTESIAN_POINT('',(-0.000280990825525918,0.000271855094034036,0.00413513706186225));
#4907=CARTESIAN_POINT('',(-0.000220067259471428,0.000132874558480581,0.00413513706186225));
#4908=CARTESIAN_POINT('',(-8.43301677266513E-5,0.000192376327142112,0.00416666666666963));
#4909=CARTESIAN_POINT('',(-0.000343937125500578,0.000185925495520091,0.004551803728523));
#4910=CARTESIAN_POINT('',(-0.00024776328178625,6.85463578987358E-5,0.004551803728523));
#4911=CARTESIAN_POINT('',(-0.000133123467593675,0.000162475754527652,0.00458333333333037));
#4912=CARTESIAN_POINT('',(-0.000390921098672156,-6.45993768900934E-6,0.00538513706186225));
#4913=CARTESIAN_POINT('',(-0.000249567552838174,-6.16545501405989E-5,0.00538513706186225));
#4914=CARTESIAN_POINT('',(-0.000195661038920063,7.6400172003835E-5,0.00541666666666963));
#4915=CARTESIAN_POINT('',(-0.000374669452420993,-0.000111731095065543,0.005801803728523));
#4916=CARTESIAN_POINT('',(-0.000223664691175927,-0.000126725502184255,0.005801803728523));
#4917=CARTESIAN_POINT('',(-0.000209020214475459,2.07552011343481E-5,0.00583333333333037));
#4918=CARTESIAN_POINT('',(-0.000271855094034036,-0.000280990825525918,0.00663513706186225));
#4919=CARTESIAN_POINT('',(-0.000132874558480581,-0.000220067259471428,0.00663513706186225));
#4920=CARTESIAN_POINT('',(-0.000192376327142112,-8.43301677266513E-5,0.00666666666666963));
#4921=CARTESIAN_POINT('',(-0.000185925495520091,-0.000343937125500578,0.007051803728523));
#4922=CARTESIAN_POINT('',(-6.85463578987358E-5,-0.00024776328178625,0.007051803728523));
#4923=CARTESIAN_POINT('',(-0.000162475754527652,-0.000133123467593675,0.00708333333333037));
#4924=CARTESIAN_POINT('',(6.45993768900918E-6,-0.000390921098672157,0.00788513706186225));
#4925=CARTESIAN_POINT('',(6.16545501405987E-5,-0.000249567552838174,0.00788513706186225));
#4926=CARTESIAN_POINT('',(-7.6400172003835E-5,-0.000195661038920063,0.00791666666666963));
#4927=CARTESIAN_POINT('',(0.000111731095065542,-0.000374669452420993,0.008301803728523));
#4928=CARTESIAN_POINT('',(0.000126725502184255,-0.000223664691175927,0.008301803728523));
#4929=CARTESIAN_POINT('',(-2.07552011343482E-5,-0.000209020214475459,0.00833333333333038));
#4930=CARTESIAN_POINT('',(0.000280990825525918,-0.000271855094034036,0.00913513706186225));
#4931=CARTESIAN_POINT('',(0.000220067259471428,-0.000132874558480582,0.00913513706186225));
#4932=CARTESIAN_POINT('',(8.43301677266512E-5,-0.000192376327142112,0.00916666666666963));
#4933=CARTESIAN_POINT('',(0.000343937125500578,-0.000185925495520091,0.009551803728523));
#4934=CARTESIAN_POINT('',(0.00024776328178625,-6.85463578987359E-5,0.009551803728523));
#4935=CARTESIAN_POINT('',(0.000133123467593675,-0.000162475754527652,0.00958333333333037));
#4936=CARTESIAN_POINT('',(0.000369152837211689,-8.26746358385952E-5,0.00999904332267151));
#4937=CARTESIAN_POINT('',(0.000248731611529839,1.33084362390394E-6,0.00999904332267151));
#4938=CARTESIAN_POINT('',(0.000166686601216294,-0.000116280064215121,0.0100305729274789));
#4939=CARTESIAN_POINT('',(0.000370662586813433,-7.55676153949172E-5,0.0100296162501504));
#4940=CARTESIAN_POINT('',(0.000248653490472328,6.10743229135198E-6,0.0100296162501504));
#4941=CARTESIAN_POINT('',(0.000168884525725562,-0.000113054289440394,0.0100611458549577));
#4942=CARTESIAN_POINT('',(0.000371960173390152,-6.84234581686595E-5,0.0100601891776292));
#4943=CARTESIAN_POINT('',(0.000248433943010047,1.08766049503956E-5,0.0100601891776292));
#4944=CARTESIAN_POINT('',(0.000170984536874914,-0.000109766844862343,0.0100917187824365));
#4945=CARTESIAN_POINT('',(-0.000164392253256989,0.000119437963265831,-0.005));
#4946=CARTESIAN_POINT('',(-0.000195661038919961,7.6400172004228E-5,-0.00458333333333333));
#4947=CARTESIAN_POINT('',(-0.000209020214475459,2.0755201134348E-5,-0.00416666666666963));
#4948=CARTESIAN_POINT('',(-0.000192376327142112,-8.43301677266513E-5,-0.00333333333333037));
#4949=CARTESIAN_POINT('',(-0.000162475754527652,-0.000133123467593675,-0.00291666666666963));
#4950=CARTESIAN_POINT('',(-7.6400172003835E-5,-0.000195661038920063,-0.00208333333333037));
#4951=CARTESIAN_POINT('',(-2.0755201134348E-5,-0.000209020214475459,-0.00166666666666963));
#4952=CARTESIAN_POINT('',(8.43301677266513E-5,-0.000192376327142112,-0.000833333333330373));
#4953=CARTESIAN_POINT('',(0.000133123467593675,-0.000162475754527652,-0.000416666666669626));
#4954=CARTESIAN_POINT('',(0.000195661038920063,-7.6400172003835E-5,0.000416666666669627));
#4955=CARTESIAN_POINT('',(0.000209020214475459,-2.0755201134348E-5,0.000833333333330373));
#4956=CARTESIAN_POINT('',(0.000192376327142112,8.43301677266513E-5,0.00166666666666963));
#4957=CARTESIAN_POINT('',(0.000162475754527652,0.000133123467593675,0.00208333333333037));
#4958=CARTESIAN_POINT('',(7.6400172003835E-5,0.000195661038920063,0.00291666666666963));
#4959=CARTESIAN_POINT('',(2.0755201134348E-5,0.000209020214475459,0.00333333333333037));
#4960=CARTESIAN_POINT('',(-8.43301677266513E-5,0.000192376327142112,0.00416666666666963));
#4961=CARTESIAN_POINT('',(-0.000133123467593675,0.000162475754527652,0.00458333333333037));
#4962=CARTESIAN_POINT('',(-0.000195661038920063,7.6400172003835E-5,0.00541666666666963));
#4963=CARTESIAN_POINT('',(-0.000209020214475459,2.07552011343481E-5,0.00583333333333037));
#4964=CARTESIAN_POINT('',(-0.000192376327142112,-8.43301677266513E-5,0.00666666666666963));
#4965=CARTESIAN_POINT('',(-0.000162475754527652,-0.000133123467593675,0.00708333333333037));
#4966=CARTESIAN_POINT('',(-7.6400172003835E-5,-0.000195661038920063,0.00791666666666963));
#4967=CARTESIAN_POINT('',(-2.07552011343482E-5,-0.000209020214475459,0.00833333333333038));
#4968=CARTESIAN_POINT('',(8.43301677266512E-5,-0.000192376327142112,0.00916666666666963));
#4969=CARTESIAN_POINT('',(0.000133123467593675,-0.000162475754527652,0.00958333333333037));
#4970=CARTESIAN_POINT('',(0.000195661038920063,-7.6400172003835E-5,0.0104166666666696));
#4971=CARTESIAN_POINT('',(0.000209020214475459,-2.0755201134348E-5,0.0108333333333304));
#4972=CARTESIAN_POINT('',(0.000192376327142112,8.43301677266514E-5,0.0116666666666696));
#4973=CARTESIAN_POINT('',(0.000162475754527652,0.000133123467593675,0.0120833333333304));
#4974=CARTESIAN_POINT('',(7.64001720038351E-5,0.000195661038920063,0.0129166666666696));
#4975=CARTESIAN_POINT('',(2.07552011343482E-5,0.000209020214475459,0.0133333333333304));
#4976=CARTESIAN_POINT('',(-8.43301677266512E-5,0.000192376327142112,0.0141666666666696));
#4977=CARTESIAN_POINT('',(-0.000133123467594017,0.000162475754527433,0.0145833333333333));
#4978=CARTESIAN_POINT('',(-0.000164392253256989,0.000119437963265831,0.015));
#4979=CARTESIAN_POINT('',(0.000164392253256869,-0.000119437963265743,4.17208756564796E-19));
#4980=CARTESIAN_POINT('',(0.000164392253256869,-0.000119437963265743,0.01));
#4981=CARTESIAN_POINT('',(0.000369130990266104,-8.24369238029742E-5,0.01));
#4982=CARTESIAN_POINT('',(0.000306098411254135,-3.85219475530869E-5,0.01));
#4983=CARTESIAN_POINT('',(0.00020954718337636,-5.72876338874368E-5,0.01));
#4984=CARTESIAN_POINT('',(0.000164392253256868,-0.000119437963265745,0.01));
#4985=CARTESIAN_POINT('',(0.000369130990266105,-8.24369238029756E-5,0.01));
#4986=CARTESIAN_POINT('',(-0.000367429112086636,8.9732778915606E-5,-0.00503152960480738));
#4987=CARTESIAN_POINT('',(-0.000390921098672258,-6.45993768826032E-6,-0.00461486293814071));
#4988=CARTESIAN_POINT('',(-0.000374669452420993,-0.000111731095065543,-0.004198196271477));
#4989=CARTESIAN_POINT('',(-0.000271855094034036,-0.000280990825525918,-0.00336486293813775));
#4990=CARTESIAN_POINT('',(-0.00018592549552009,-0.000343937125500579,-0.002948196271477));
#4991=CARTESIAN_POINT('',(6.45993768900929E-6,-0.000390921098672157,-0.00211486293813775));
#4992=CARTESIAN_POINT('',(0.000111731095065543,-0.000374669452420993,-0.001698196271477));
#4993=CARTESIAN_POINT('',(0.000280990825525918,-0.000271855094034036,-0.000864862938137749));
#4994=CARTESIAN_POINT('',(0.000343937125500579,-0.00018592549552009,-0.000448196271477003));
#4995=CARTESIAN_POINT('',(0.000390921098672157,6.45993768900923E-6,0.00038513706186225));
#4996=CARTESIAN_POINT('',(0.000374669452420993,0.000111731095065543,0.000801803728522997));
#4997=CARTESIAN_POINT('',(0.000271855094034036,0.000280990825525918,0.00163513706186225));
#4998=CARTESIAN_POINT('',(0.00018592549552009,0.000343937125500578,0.002051803728523));
#4999=CARTESIAN_POINT('',(-6.45993768900934E-6,0.000390921098672156,0.00288513706186225));
#5000=CARTESIAN_POINT('',(-0.000111731095065543,0.000374669452420993,0.003301803728523));
#5001=CARTESIAN_POINT('',(-0.000280990825525918,0.000271855094034036,0.00413513706186225));
#5002=CARTESIAN_POINT('',(-0.000343937125500578,0.000185925495520091,0.004551803728523));
#5003=CARTESIAN_POINT('',(-0.000390921098672156,-6.45993768900934E-6,0.00538513706186225));
#5004=CARTESIAN_POINT('',(-0.000374669452420993,-0.000111731095065543,0.005801803728523));
#5005=CARTESIAN_POINT('',(-0.000271855094034036,-0.000280990825525918,0.00663513706186225));
#5006=CARTESIAN_POINT('',(-0.000185925495520091,-0.000343937125500578,0.007051803728523));
#5007=CARTESIAN_POINT('',(6.45993768900918E-6,-0.000390921098672157,0.00788513706186225));
#5008=CARTESIAN_POINT('',(0.000111731095065542,-0.000374669452420993,0.008301803728523));
#5009=CARTESIAN_POINT('',(0.000280990825525918,-0.000271855094034036,0.00913513706186225));
#5010=CARTESIAN_POINT('',(0.000343937125500578,-0.000185925495520091,0.009551803728523));
#5011=CARTESIAN_POINT('',(0.000390921098672157,6.45993768900937E-6,0.0103851370618623));
#5012=CARTESIAN_POINT('',(0.000374669452420993,0.000111731095065543,0.010801803728523));
#5013=CARTESIAN_POINT('',(0.000271855094034036,0.000280990825525919,0.0116351370618623));
#5014=CARTESIAN_POINT('',(0.00018592549552009,0.000343937125500578,0.012051803728523));
#5015=CARTESIAN_POINT('',(-6.45993768900912E-6,0.000390921098672157,0.0128851370618623));
#5016=CARTESIAN_POINT('',(-0.000111731095065542,0.000374669452420993,0.013301803728523));
#5017=CARTESIAN_POINT('',(-0.000280990825525918,0.000271855094034036,0.0141351370618623));
#5018=CARTESIAN_POINT('',(-0.000343937125501014,0.000185925495519473,0.014551803728526));
#5019=CARTESIAN_POINT('',(-0.000367429112086636,8.97327789156062E-5,0.0149684703951926));
#5020=CARTESIAN_POINT('',(0.000369130990266105,-8.24369238029755E-5,-2.31694224474728E-20));
#5021=CARTESIAN_POINT('',(0.000369130990266105,-8.24369238029751E-5,0.));
#5022=CARTESIAN_POINT('',(0.000306098411254172,-3.85219475530342E-5,0.));
#5023=CARTESIAN_POINT('',(0.000209547183376354,-5.72876338874314E-5,0.));
#5024=CARTESIAN_POINT('',(0.000164392253256868,-0.000119437963265745,0.));
#5025=CARTESIAN_POINT('',(0.000390582093256863,-0.00030698578819342,-6.01891776292106E-5));
#5026=CARTESIAN_POINT('',(0.000479176702682947,-0.000194265690613163,-9.1718782436587E-5));
#5027=CARTESIAN_POINT('',(0.00036376315338724,-0.000103554109077748,-9.17187824365873E-5));
#5028=CARTESIAN_POINT('',(0.000394458109026775,-0.00030207043540658,-4.01261184194929E-5));
#5029=CARTESIAN_POINT('',(0.000481634171480688,-0.000188231738475892,-7.16557232268692E-5));
#5030=CARTESIAN_POINT('',(0.000365075293853613,-9.89726001552684E-5,-7.16557232268696E-5));
#5031=CARTESIAN_POINT('',(0.000398238545516686,-0.000297078309094067,-2.00630592097565E-5));
#5032=CARTESIAN_POINT('',(0.000483973904531311,-0.000182148596529546,-5.15926640171329E-5));
#5033=CARTESIAN_POINT('',(0.000366297941403594,-9.43645873205903E-5,-5.15926640171332E-5));
#5034=CARTESIAN_POINT('',(0.000478368130588028,-0.000186789396907014,0.000416666666669627));
#5035=CARTESIAN_POINT('',(0.000532274644506139,-4.87346747625801E-5,0.000385137061862251));
#5036=CARTESIAN_POINT('',(0.000390921098672157,6.45993768900923E-6,0.00038513706186225));
#5037=CARTESIAN_POINT('',(0.00051102973696559,-5.07440153717721E-5,0.000833333333330373));
#5038=CARTESIAN_POINT('',(0.000525674213666058,9.67366879468306E-5,0.000801803728522996));
#5039=CARTESIAN_POINT('',(0.000374669452420993,0.000111731095065543,0.000801803728522997));
#5040=CARTESIAN_POINT('',(0.000470337398249022,0.000206177299835632,0.00166666666666963));
#5041=CARTESIAN_POINT('',(0.000410835629587491,0.000341914391580409,0.00163513706186225));
#5042=CARTESIAN_POINT('',(0.000271855094034036,0.000280990825525918,0.00163513706186225));
#5043=CARTESIAN_POINT('',(0.000397234029770361,0.000325471155022332,0.00208333333333037));
#5044=CARTESIAN_POINT('',(0.000303304633141445,0.000440110969214907,0.002051803728523));
#5045=CARTESIAN_POINT('',(0.00018592549552009,0.000343937125500578,0.002051803728523));
#5046=CARTESIAN_POINT('',(0.000186789396907014,0.000478368130588028,0.00291666666666963));
#5047=CARTESIAN_POINT('',(4.873467476258E-5,0.000532274644506139,0.00288513706186225));
#5048=CARTESIAN_POINT('',(-6.45993768900934E-6,0.000390921098672156,0.00288513706186225));
#5049=CARTESIAN_POINT('',(5.07440153717722E-5,0.00051102973696559,0.00333333333333037));
#5050=CARTESIAN_POINT('',(-9.67366879468306E-5,0.000525674213666058,0.003301803728523));
#5051=CARTESIAN_POINT('',(-0.000111731095065543,0.000374669452420993,0.003301803728523));
#5052=CARTESIAN_POINT('',(-0.000206177299835632,0.000470337398249022,0.00416666666666963));
#5053=CARTESIAN_POINT('',(-0.000341914391580409,0.000410835629587491,0.00413513706186225));
#5054=CARTESIAN_POINT('',(-0.000280990825525918,0.000271855094034036,0.00413513706186225));
#5055=CARTESIAN_POINT('',(-0.000325471155022332,0.000397234029770361,0.00458333333333037));
#5056=CARTESIAN_POINT('',(-0.000440110969214907,0.000303304633141445,0.004551803728523));
#5057=CARTESIAN_POINT('',(-0.000343937125500578,0.000185925495520091,0.004551803728523));
#5058=CARTESIAN_POINT('',(-0.000478368130588028,0.000186789396907014,0.00541666666666963));
#5059=CARTESIAN_POINT('',(-0.000532274644506139,4.87346747625801E-5,0.00538513706186225));
#5060=CARTESIAN_POINT('',(-0.000390921098672156,-6.45993768900934E-6,0.00538513706186225));
#5061=CARTESIAN_POINT('',(-0.00051102973696559,5.07440153717723E-5,0.00583333333333037));
#5062=CARTESIAN_POINT('',(-0.000525674213666058,-9.67366879468305E-5,0.005801803728523));
#5063=CARTESIAN_POINT('',(-0.000374669452420993,-0.000111731095065543,0.005801803728523));
#5064=CARTESIAN_POINT('',(-0.000470337398249022,-0.000206177299835632,0.00666666666666963));
#5065=CARTESIAN_POINT('',(-0.000410835629587491,-0.000341914391580409,0.00663513706186225));
#5066=CARTESIAN_POINT('',(-0.000271855094034036,-0.000280990825525918,0.00663513706186225));
#5067=CARTESIAN_POINT('',(-0.000397234029770361,-0.000325471155022332,0.00708333333333037));
#5068=CARTESIAN_POINT('',(-0.000303304633141445,-0.000440110969214907,0.007051803728523));
#5069=CARTESIAN_POINT('',(-0.000185925495520091,-0.000343937125500578,0.007051803728523));
#5070=CARTESIAN_POINT('',(-0.000186789396907014,-0.000478368130588028,0.00791666666666963));
#5071=CARTESIAN_POINT('',(-4.87346747625802E-5,-0.000532274644506139,0.00788513706186225));
#5072=CARTESIAN_POINT('',(6.45993768900918E-6,-0.000390921098672157,0.00788513706186225));
#5073=CARTESIAN_POINT('',(-5.07440153717727E-5,-0.00051102973696559,0.00833333333333038));
#5074=CARTESIAN_POINT('',(9.67366879468302E-5,-0.000525674213666058,0.008301803728523));
#5075=CARTESIAN_POINT('',(0.000111731095065542,-0.000374669452420993,0.008301803728523));
#5076=CARTESIAN_POINT('',(0.000206177299835631,-0.000470337398249022,0.00916666666666963));
#5077=CARTESIAN_POINT('',(0.000341914391580408,-0.000410835629587491,0.00913513706186225));
#5078=CARTESIAN_POINT('',(0.000280990825525918,-0.000271855094034036,0.00913513706186225));
#5079=CARTESIAN_POINT('',(0.000325471155022332,-0.000397234029770361,0.00958333333333037));
#5080=CARTESIAN_POINT('',(0.000440110969214907,-0.000303304633141445,0.009551803728523));
#5081=CARTESIAN_POINT('',(0.000343937125500578,-0.000185925495520091,0.009551803728523));
#5082=CARTESIAN_POINT('',(0.000407529052579994,-0.00028429102314012,0.0100305729274789));
#5083=CARTESIAN_POINT('',(0.000489574062893539,-0.000166680115301094,0.00999904332267151));
#5084=CARTESIAN_POINT('',(0.000369152837211689,-8.26746358385952E-5,0.00999904332267151));
#5085=CARTESIAN_POINT('',(0.000412902718407772,-0.000276404384812933,0.0100611458549577));
#5086=CARTESIAN_POINT('',(0.000492671683154537,-0.000157242663081186,0.0100296162501504));
#5087=CARTESIAN_POINT('',(0.000370662586813433,-7.55676153949172E-5,0.0100296162501504));
#5088=CARTESIAN_POINT('',(0.000418036997635125,-0.000268366971100453,0.0100917187824365));
#5089=CARTESIAN_POINT('',(0.000495486403770257,-0.000147723521287714,0.0100601891776292));
#5090=CARTESIAN_POINT('',(0.000371960173390152,-6.84234581686594E-5,0.0100601891776292));
#5091=CARTESIAN_POINT('',(0.00040191964280518,-0.000292011713338688,0.01));
#5092=CARTESIAN_POINT('',(0.000448205891871954,-0.000228304067368637,0.01));
#5093=CARTESIAN_POINT('',(0.000433742841146242,-0.000127452362638547,0.01));
#5094=CARTESIAN_POINT('',(0.000369130990266104,-8.24369238029742E-5,0.01));
#5095=CARTESIAN_POINT('',(0.00040191964280518,-0.000292011713338687,0.01));
#5096=CARTESIAN_POINT('',(-0.000401919642805474,0.000292011713338901,-0.005));
#5097=CARTESIAN_POINT('',(-0.000478368130587779,0.000186789396907975,-0.00458333333333333));
#5098=CARTESIAN_POINT('',(-0.00051102973696559,5.07440153717721E-5,-0.00416666666666963));
#5099=CARTESIAN_POINT('',(-0.000470337398249022,-0.000206177299835632,-0.00333333333333037));
#5100=CARTESIAN_POINT('',(-0.000397234029770361,-0.000325471155022332,-0.00291666666666963));
#5101=CARTESIAN_POINT('',(-0.000186789396907014,-0.000478368130588028,-0.00208333333333037));
#5102=CARTESIAN_POINT('',(-5.0744015371772E-5,-0.00051102973696559,-0.00166666666666963));
#5103=CARTESIAN_POINT('',(0.000206177299835632,-0.000470337398249022,-0.000833333333330373));
#5104=CARTESIAN_POINT('',(0.000325471155022332,-0.000397234029770361,-0.000416666666669626));
#5105=CARTESIAN_POINT('',(0.000478368130588028,-0.000186789396907014,0.000416666666669627));
#5106=CARTESIAN_POINT('',(0.00051102973696559,-5.07440153717721E-5,0.000833333333330373));
#5107=CARTESIAN_POINT('',(0.000470337398249022,0.000206177299835632,0.00166666666666963));
#5108=CARTESIAN_POINT('',(0.000397234029770361,0.000325471155022332,0.00208333333333037));
#5109=CARTESIAN_POINT('',(0.000186789396907014,0.000478368130588028,0.00291666666666963));
#5110=CARTESIAN_POINT('',(5.07440153717722E-5,0.00051102973696559,0.00333333333333037));
#5111=CARTESIAN_POINT('',(-0.000206177299835632,0.000470337398249022,0.00416666666666963));
#5112=CARTESIAN_POINT('',(-0.000325471155022332,0.000397234029770361,0.00458333333333037));
#5113=CARTESIAN_POINT('',(-0.000478368130588028,0.000186789396907014,0.00541666666666963));
#5114=CARTESIAN_POINT('',(-0.00051102973696559,5.07440153717723E-5,0.00583333333333037));
#5115=CARTESIAN_POINT('',(-0.000470337398249022,-0.000206177299835632,0.00666666666666963));
#5116=CARTESIAN_POINT('',(-0.000397234029770361,-0.000325471155022332,0.00708333333333037));
#5117=CARTESIAN_POINT('',(-0.000186789396907014,-0.000478368130588028,0.00791666666666963));
#5118=CARTESIAN_POINT('',(-5.07440153717727E-5,-0.00051102973696559,0.00833333333333038));
#5119=CARTESIAN_POINT('',(0.000206177299835631,-0.000470337398249022,0.00916666666666963));
#5120=CARTESIAN_POINT('',(0.000325471155022332,-0.000397234029770361,0.00958333333333037));
#5121=CARTESIAN_POINT('',(0.000478368130588028,-0.000186789396907014,0.0104166666666696));
#5122=CARTESIAN_POINT('',(0.00051102973696559,-5.0744015371772E-5,0.0108333333333304));
#5123=CARTESIAN_POINT('',(0.000470337398249022,0.000206177299835632,0.0116666666666696));
#5124=CARTESIAN_POINT('',(0.000397234029770361,0.000325471155022332,0.0120833333333304));
#5125=CARTESIAN_POINT('',(0.000186789396907014,0.000478368130588028,0.0129166666666696));
#5126=CARTESIAN_POINT('',(5.07440153717728E-5,0.00051102973696559,0.0133333333333304));
#5127=CARTESIAN_POINT('',(-0.000206177299835631,0.000470337398249022,0.0141666666666696));
#5128=CARTESIAN_POINT('',(-0.000325471155023169,0.000397234029769827,0.0145833333333333));
#5129=CARTESIAN_POINT('',(-0.000401919642805474,0.000292011713338901,0.015));
#5130=CARTESIAN_POINT('',(0.00040191964280518,-0.000292011713338687,4.17208756564796E-19));
#5131=CARTESIAN_POINT('',(0.00040191964280518,-0.000292011713338688,0.));
#5132=CARTESIAN_POINT('',(0.000448205891871948,-0.000228304067368634,0.));
#5133=CARTESIAN_POINT('',(0.000433742841146227,-0.000127452362638569,0.));
#5134=CARTESIAN_POINT('',(0.000369130990266105,-8.24369238029751E-5,0.));
#5135=CARTESIAN_POINT('',(0.000180016590566961,-0.00033261113531696,-6.01891776291524E-5));
#5136=CARTESIAN_POINT('',(0.000293607136777483,-0.000425586494494542,-6.01891776291518E-5));
#5137=CARTESIAN_POINT('',(0.000384412693170212,-0.000314646855854377,-9.17187824365291E-5));
#5138=CARTESIAN_POINT('',(0.000186410111546552,-0.000329169391154314,-2.96162501503524E-5));
#5139=CARTESIAN_POINT('',(0.000301790582105027,-0.000419967959525364,-2.96162501503517E-5));
#5140=CARTESIAN_POINT('',(0.000390470148320507,-0.000307280168710746,-6.11458549577291E-5));
#5141=CARTESIAN_POINT('',(0.000192702751366765,-0.000325537343861135,9.56677328488472E-7));
#5142=CARTESIAN_POINT('',(0.000309808915233226,-0.00041410561447158,9.56677328489149E-7));
#5143=CARTESIAN_POINT('',(0.000396310233030366,-0.000299732403537256,-3.05729274788883E-5));
#5144=CARTESIAN_POINT('',(0.000283108070835935,-0.000269649506599858,0.000448196271477004));
#5145=CARTESIAN_POINT('',(0.000424461616669918,-0.000324844119051448,0.000448196271477004));
#5146=CARTESIAN_POINT('',(0.000478368130588028,-0.000186789396907014,0.000416666666669627));
#5147=CARTESIAN_POINT('',(0.000345380499020056,-0.000183230311571663,0.00086486293813775));
#5148=CARTESIAN_POINT('',(0.000496385260265122,-0.000198224718690375,0.00086486293813775));
#5149=CARTESIAN_POINT('',(0.00051102973696559,-5.07440153717721E-5,0.000833333333330373));
#5150=CARTESIAN_POINT('',(0.000390858631357098,9.51664203636463E-6,0.001698196271477));
#5151=CARTESIAN_POINT('',(0.000529839166910553,7.04402080908549E-5,0.001698196271477));
#5152=CARTESIAN_POINT('',(0.000470337398249022,0.000206177299835632,0.00166666666666963));
#5153=CARTESIAN_POINT('',(0.000373784288777922,0.000114657497115429,0.00211486293813775));
#5154=CARTESIAN_POINT('',(0.000491163426399277,0.000210831340829757,0.00211486293813775));
#5155=CARTESIAN_POINT('',(0.000397234029770361,0.000325471155022332,0.00208333333333037));
#5156=CARTESIAN_POINT('',(0.000269649506599858,0.000283108070835935,0.00294819627147701));
#5157=CARTESIAN_POINT('',(0.000324844119051448,0.000424461616669918,0.00294819627147701));
#5158=CARTESIAN_POINT('',(0.000186789396907014,0.000478368130588028,0.00291666666666963));
#5159=CARTESIAN_POINT('',(0.000183230311571663,0.000345380499020056,0.00336486293813775));
#5160=CARTESIAN_POINT('',(0.000198224718690375,0.000496385260265122,0.00336486293813775));
#5161=CARTESIAN_POINT('',(5.07440153717722E-5,0.00051102973696559,0.00333333333333037));
#5162=CARTESIAN_POINT('',(-9.51664203636461E-6,0.000390858631357098,0.004198196271477));
#5163=CARTESIAN_POINT('',(-7.04402080908549E-5,0.000529839166910552,0.004198196271477));
#5164=CARTESIAN_POINT('',(-0.000206177299835632,0.000470337398249022,0.00416666666666963));
#5165=CARTESIAN_POINT('',(-0.000114657497115429,0.000373784288777922,0.00461486293813775));
#5166=CARTESIAN_POINT('',(-0.000210831340829757,0.000491163426399277,0.00461486293813775));
#5167=CARTESIAN_POINT('',(-0.000325471155022332,0.000397234029770361,0.00458333333333037));
#5168=CARTESIAN_POINT('',(-0.000283108070835935,0.000269649506599858,0.00544819627147701));
#5169=CARTESIAN_POINT('',(-0.000424461616669918,0.000324844119051448,0.00544819627147701));
#5170=CARTESIAN_POINT('',(-0.000478368130588028,0.000186789396907014,0.00541666666666963));
#5171=CARTESIAN_POINT('',(-0.000345380499020056,0.000183230311571663,0.00586486293813775));
#5172=CARTESIAN_POINT('',(-0.000496385260265122,0.000198224718690375,0.00586486293813775));
#5173=CARTESIAN_POINT('',(-0.00051102973696559,5.07440153717723E-5,0.00583333333333037));
#5174=CARTESIAN_POINT('',(-0.000390858631357098,-9.51664203636461E-6,0.006698196271477));
#5175=CARTESIAN_POINT('',(-0.000529839166910552,-7.04402080908549E-5,0.00669819627147701));
#5176=CARTESIAN_POINT('',(-0.000470337398249022,-0.000206177299835632,0.00666666666666963));
#5177=CARTESIAN_POINT('',(-0.000373784288777922,-0.000114657497115429,0.00711486293813775));
#5178=CARTESIAN_POINT('',(-0.000491163426399277,-0.000210831340829757,0.00711486293813775));
#5179=CARTESIAN_POINT('',(-0.000397234029770361,-0.000325471155022332,0.00708333333333037));
#5180=CARTESIAN_POINT('',(-0.000269649506599858,-0.000283108070835935,0.00794819627147701));
#5181=CARTESIAN_POINT('',(-0.000324844119051448,-0.000424461616669918,0.00794819627147701));
#5182=CARTESIAN_POINT('',(-0.000186789396907014,-0.000478368130588028,0.00791666666666963));
#5183=CARTESIAN_POINT('',(-0.000183230311571663,-0.000345380499020056,0.00836486293813775));
#5184=CARTESIAN_POINT('',(-0.000198224718690375,-0.000496385260265122,0.00836486293813775));
#5185=CARTESIAN_POINT('',(-5.07440153717727E-5,-0.00051102973696559,0.00833333333333038));
#5186=CARTESIAN_POINT('',(9.51664203636434E-6,-0.000390858631357098,0.009198196271477));
#5187=CARTESIAN_POINT('',(7.04402080908545E-5,-0.000529839166910553,0.009198196271477));
#5188=CARTESIAN_POINT('',(0.000206177299835631,-0.000470337398249022,0.00916666666666963));
#5189=CARTESIAN_POINT('',(0.000114657497115429,-0.000373784288777922,0.00961486293813775));
#5190=CARTESIAN_POINT('',(0.000210831340829757,-0.000491163426399277,0.00961486293813775));
#5191=CARTESIAN_POINT('',(0.000325471155022332,-0.000397234029770361,0.00958333333333037));
#5192=CARTESIAN_POINT('',(0.00020293834457702,-0.000319209782928148,0.0100515926640171));
#5193=CARTESIAN_POINT('',(0.000322789770997614,-0.000403999523792137,0.0100515926640171));
#5194=CARTESIAN_POINT('',(0.000405600740093675,-0.000286945117583308,0.0100200630592098));
#5195=CARTESIAN_POINT('',(0.000206943006339537,-0.000316623021732393,0.0100716557232269));
#5196=CARTESIAN_POINT('',(0.000327852165510292,-0.000399894511187334,0.0100716557232269));
#5197=CARTESIAN_POINT('',(0.000409180315231821,-0.000281807056956505,0.0100401261184195));
#5198=CARTESIAN_POINT('',(0.000210894806551609,-0.000313959337874627,0.0100917187824366));
#5199=CARTESIAN_POINT('',(0.000332831395387809,-0.000395692725719989,0.0100917187824366));
#5200=CARTESIAN_POINT('',(0.000412657338786266,-0.000276601819356786,0.0100601891776292));
#5201=CARTESIAN_POINT('',(-0.000198882783975827,0.000321716897689125,-0.00496847039519263));
#5202=CARTESIAN_POINT('',(-0.000283108070835482,0.000269649506600463,-0.00455180372852596));
#5203=CARTESIAN_POINT('',(-0.000345380499020056,0.000183230311571663,-0.00413513706186225));
#5204=CARTESIAN_POINT('',(-0.000390858631357098,-9.51664203636461E-6,-0.003301803728523));
#5205=CARTESIAN_POINT('',(-0.000373784288777922,-0.000114657497115429,-0.00288513706186225));
#5206=CARTESIAN_POINT('',(-0.000269649506599858,-0.000283108070835935,-0.002051803728523));
#5207=CARTESIAN_POINT('',(-0.000183230311571663,-0.000345380499020056,-0.00163513706186225));
#5208=CARTESIAN_POINT('',(9.51664203636463E-6,-0.000390858631357098,-0.000801803728522996));
#5209=CARTESIAN_POINT('',(0.000114657497115429,-0.000373784288777922,-0.00038513706186225));
#5210=CARTESIAN_POINT('',(0.000283108070835935,-0.000269649506599858,0.000448196271477004));
#5211=CARTESIAN_POINT('',(0.000345380499020056,-0.000183230311571663,0.00086486293813775));
#5212=CARTESIAN_POINT('',(0.000390858631357098,9.51664203636463E-6,0.001698196271477));
#5213=CARTESIAN_POINT('',(0.000373784288777922,0.000114657497115429,0.00211486293813775));
#5214=CARTESIAN_POINT('',(0.000269649506599858,0.000283108070835935,0.00294819627147701));
#5215=CARTESIAN_POINT('',(0.000183230311571663,0.000345380499020056,0.00336486293813775));
#5216=CARTESIAN_POINT('',(-9.51664203636461E-6,0.000390858631357098,0.004198196271477));
#5217=CARTESIAN_POINT('',(-0.000114657497115429,0.000373784288777922,0.00461486293813775));
#5218=CARTESIAN_POINT('',(-0.000283108070835935,0.000269649506599858,0.00544819627147701));
#5219=CARTESIAN_POINT('',(-0.000345380499020056,0.000183230311571663,0.00586486293813775));
#5220=CARTESIAN_POINT('',(-0.000390858631357098,-9.51664203636461E-6,0.006698196271477));
#5221=CARTESIAN_POINT('',(-0.000373784288777922,-0.000114657497115429,0.00711486293813775));
#5222=CARTESIAN_POINT('',(-0.000269649506599858,-0.000283108070835935,0.00794819627147701));
#5223=CARTESIAN_POINT('',(-0.000183230311571663,-0.000345380499020056,0.00836486293813775));
#5224=CARTESIAN_POINT('',(9.51664203636434E-6,-0.000390858631357098,0.009198196271477));
#5225=CARTESIAN_POINT('',(0.000114657497115429,-0.000373784288777922,0.00961486293813775));
#5226=CARTESIAN_POINT('',(0.000283108070835935,-0.000269649506599858,0.010448196271477));
#5227=CARTESIAN_POINT('',(0.000345380499020056,-0.000183230311571663,0.0108648629381377));
#5228=CARTESIAN_POINT('',(0.000390858631357098,9.5166420363648E-6,0.011698196271477));
#5229=CARTESIAN_POINT('',(0.000373784288777922,0.000114657497115429,0.0121148629381378));
#5230=CARTESIAN_POINT('',(0.000269649506599858,0.000283108070835935,0.012948196271477));
#5231=CARTESIAN_POINT('',(0.000183230311571663,0.000345380499020056,0.0133648629381377));
#5232=CARTESIAN_POINT('',(-9.51664203636434E-6,0.000390858631357098,0.014198196271477));
#5233=CARTESIAN_POINT('',(-0.000114657497116172,0.000373784288777787,0.0146148629381407));
#5234=CARTESIAN_POINT('',(-0.000198882783975827,0.000321716897689125,0.0150315296048074));
#5235=CARTESIAN_POINT('',(0.000192469922708826,-0.00032559002323995,-1.19947517512379E-18));
#5236=CARTESIAN_POINT('',(0.000192469922708826,-0.00032559002323995,0.01));
#5237=CARTESIAN_POINT('',(0.00040191964280518,-0.000292011713338688,0.));
#5238=CARTESIAN_POINT('',(0.000355633308535035,-0.000355719297404864,0.));
#5239=CARTESIAN_POINT('',(0.000255248309107276,-0.000373129009439941,0.));
#5240=CARTESIAN_POINT('',(0.000192469922708827,-0.00032559002323995,0.));
#5241=CARTESIAN_POINT('',(0.00040191964280518,-0.000292011713338688,0.01));
#5242=CARTESIAN_POINT('',(0.000355633308535036,-0.000355719297404864,0.01));
#5243=CARTESIAN_POINT('',(0.000255248309107299,-0.000373129009439914,0.01));
#5244=CARTESIAN_POINT('',(0.000192469922708827,-0.00032559002323995,0.01));
#5245=CARTESIAN_POINT('',(0.000157231600749169,-0.000128696137499214,-9.17187824365283E-5));
#5246=CARTESIAN_POINT('',(6.64260443564396E-5,-0.000239635776139379,-6.01891776291509E-5));
#5247=CARTESIAN_POINT('',(0.000180016590566961,-0.00033261113531696,-6.01891776291516E-5));
#5248=CARTESIAN_POINT('',(0.000159709207203557,-0.000125683031968646,-6.11458549577285E-5));
#5249=CARTESIAN_POINT('',(7.10296409880764E-5,-0.000238370822783264,-2.96162501503511E-5));
#5250=CARTESIAN_POINT('',(0.000186410111546552,-0.000329169391154314,-2.96162501503518E-5));
#5251=CARTESIAN_POINT('',(0.000162097905297445,-0.000122595862316365,-3.05729274788879E-5));
#5252=CARTESIAN_POINT('',(7.55965875003039E-5,-0.00023696907325069,9.56677328489417E-7));
#5253=CARTESIAN_POINT('',(0.000192702751366765,-0.000325537343861135,9.56677328488743E-7));
#5254=CARTESIAN_POINT('',(0.000195661038920063,-7.6400172003835E-5,0.000416666666669627));
#5255=CARTESIAN_POINT('',(0.000141754525001952,-0.000214454894148269,0.000448196271477004));
#5256=CARTESIAN_POINT('',(0.000283108070835935,-0.000269649506599858,0.000448196271477004));
#5257=CARTESIAN_POINT('',(0.000209020214475459,-2.0755201134348E-5,0.000833333333330373));
#5258=CARTESIAN_POINT('',(0.000194375737774991,-0.000168235904452951,0.00086486293813775));
#5259=CARTESIAN_POINT('',(0.000345380499020056,-0.000183230311571663,0.00086486293813775));
#5260=CARTESIAN_POINT('',(0.000192376327142112,8.43301677266513E-5,0.00166666666666963));
#5261=CARTESIAN_POINT('',(0.000251878095803643,-5.14069240181255E-5,0.001698196271477));
#5262=CARTESIAN_POINT('',(0.000390858631357098,9.51664203636463E-6,0.001698196271477));
#5263=CARTESIAN_POINT('',(0.000162475754527652,0.000133123467593675,0.00208333333333037));
#5264=CARTESIAN_POINT('',(0.000256405151156568,1.84836534011004E-5,0.00211486293813775));
#5265=CARTESIAN_POINT('',(0.000373784288777922,0.000114657497115429,0.00211486293813775));
#5266=CARTESIAN_POINT('',(7.6400172003835E-5,0.000195661038920063,0.00291666666666963));
#5267=CARTESIAN_POINT('',(0.000214454894148269,0.000141754525001952,0.00294819627147701));
#5268=CARTESIAN_POINT('',(0.000269649506599858,0.000283108070835935,0.00294819627147701));
#5269=CARTESIAN_POINT('',(2.0755201134348E-5,0.000209020214475459,0.00333333333333037));
#5270=CARTESIAN_POINT('',(0.000168235904452951,0.000194375737774991,0.00336486293813775));
#5271=CARTESIAN_POINT('',(0.000183230311571663,0.000345380499020056,0.00336486293813775));
#5272=CARTESIAN_POINT('',(-8.43301677266513E-5,0.000192376327142112,0.00416666666666963));
#5273=CARTESIAN_POINT('',(5.14069240181256E-5,0.000251878095803643,0.004198196271477));
#5274=CARTESIAN_POINT('',(-9.51664203636461E-6,0.000390858631357098,0.004198196271477));
#5275=CARTESIAN_POINT('',(-0.000133123467593675,0.000162475754527652,0.00458333333333037));
#5276=CARTESIAN_POINT('',(-1.84836534011004E-5,0.000256405151156568,0.00461486293813775));
#5277=CARTESIAN_POINT('',(-0.000114657497115429,0.000373784288777922,0.00461486293813775));
#5278=CARTESIAN_POINT('',(-0.000195661038920063,7.6400172003835E-5,0.00541666666666963));
#5279=CARTESIAN_POINT('',(-0.000141754525001952,0.000214454894148269,0.00544819627147701));
#5280=CARTESIAN_POINT('',(-0.000283108070835935,0.000269649506599858,0.00544819627147701));
#5281=CARTESIAN_POINT('',(-0.000209020214475459,2.07552011343481E-5,0.00583333333333037));
#5282=CARTESIAN_POINT('',(-0.000194375737774991,0.000168235904452951,0.00586486293813775));
#5283=CARTESIAN_POINT('',(-0.000345380499020056,0.000183230311571663,0.00586486293813775));
#5284=CARTESIAN_POINT('',(-0.000192376327142112,-8.43301677266513E-5,0.00666666666666963));
#5285=CARTESIAN_POINT('',(-0.000251878095803643,5.14069240181256E-5,0.00669819627147701));
#5286=CARTESIAN_POINT('',(-0.000390858631357098,-9.51664203636461E-6,0.006698196271477));
#5287=CARTESIAN_POINT('',(-0.000162475754527652,-0.000133123467593675,0.00708333333333037));
#5288=CARTESIAN_POINT('',(-0.000256405151156568,-1.84836534011004E-5,0.00711486293813775));
#5289=CARTESIAN_POINT('',(-0.000373784288777922,-0.000114657497115429,0.00711486293813775));
#5290=CARTESIAN_POINT('',(-7.6400172003835E-5,-0.000195661038920063,0.00791666666666963));
#5291=CARTESIAN_POINT('',(-0.000214454894148269,-0.000141754525001952,0.00794819627147701));
#5292=CARTESIAN_POINT('',(-0.000269649506599858,-0.000283108070835935,0.00794819627147701));
#5293=CARTESIAN_POINT('',(-2.07552011343482E-5,-0.000209020214475459,0.00833333333333038));
#5294=CARTESIAN_POINT('',(-0.000168235904452951,-0.00019437573777499,0.00836486293813775));
#5295=CARTESIAN_POINT('',(-0.000183230311571663,-0.000345380499020056,0.00836486293813775));
#5296=CARTESIAN_POINT('',(8.43301677266512E-5,-0.000192376327142112,0.00916666666666963));
#5297=CARTESIAN_POINT('',(-5.14069240181257E-5,-0.000251878095803643,0.009198196271477));
#5298=CARTESIAN_POINT('',(9.51664203636434E-6,-0.000390858631357098,0.009198196271477));
#5299=CARTESIAN_POINT('',(0.000133123467593675,-0.000162475754527652,0.00958333333333037));
#5300=CARTESIAN_POINT('',(1.84836534011002E-5,-0.000256405151156568,0.00961486293813775));
#5301=CARTESIAN_POINT('',(0.000114657497115429,-0.000373784288777922,0.00961486293813775));
#5302=CARTESIAN_POINT('',(0.000165897887252485,-0.000117365635855331,0.0100200630592098));
#5303=CARTESIAN_POINT('',(8.30869181564247E-5,-0.000234420042064159,0.0100515926640171));
#5304=CARTESIAN_POINT('',(0.000202938344577019,-0.000319209782928148,0.0100515926640171));
#5305=CARTESIAN_POINT('',(0.00016736199689031,-0.000115264078046622,0.0100401261184195));
#5306=CARTESIAN_POINT('',(8.60338471687811E-5,-0.000233351532277451,0.0100716557232269));
#5307=CARTESIAN_POINT('',(0.000206943006339537,-0.000316623021732393,0.0100716557232269));
#5308=CARTESIAN_POINT('',(0.000168784161113867,-0.000113135043666061,0.0100601891776292));
#5309=CARTESIAN_POINT('',(8.89582177154095E-5,-0.000232225950029264,0.0100917187824366));
#5310=CARTESIAN_POINT('',(0.000210894806551609,-0.000313959337874627,0.0100917187824366));
#5311=CARTESIAN_POINT('',(0.000192469922708827,-0.00032559002323995,0.));
#5312=CARTESIAN_POINT('',(0.000131226160269412,-0.000279212952200559,0.));
#5313=CARTESIAN_POINT('',(0.000119237418298465,-0.000181588361782633,0.));
#5314=CARTESIAN_POINT('',(0.000164392253256868,-0.000119437963265745,0.));
#5315=CARTESIAN_POINT('',(0.000192469922708827,-0.00032559002323995,0.01));
#5316=CARTESIAN_POINT('',(0.000131226160269399,-0.000279212952200573,0.01));
#5317=CARTESIAN_POINT('',(0.000119237418298478,-0.000181588361782638,0.01));
#5318=CARTESIAN_POINT('',(0.000164392253256868,-0.000119437963265745,0.01));
#5319=CARTESIAN_POINT('',(0.000743797196350402,0.000117805902658918,0.));
#5320=CARTESIAN_POINT('',(0.000743797196350402,0.000117805902658918,0.01));
#5321=CARTESIAN_POINT('',(0.,0.,0.));
#5322=CARTESIAN_POINT('',(0.000210894806551609,0.000313959337874626,-9.17187824365877E-5));
#5323=CARTESIAN_POINT('',(8.89582177154099E-5,0.000232225950029264,-9.17187824365874E-5));
#5324=CARTESIAN_POINT('',(0.000168784161113868,0.000113135043666061,-6.01891776292111E-5));
#5325=CARTESIAN_POINT('',(0.000206943006339537,0.000316623021732392,-7.16557232268699E-5));
#5326=CARTESIAN_POINT('',(8.60338471687815E-5,0.000233351532277451,-7.16557232268696E-5));
#5327=CARTESIAN_POINT('',(0.00016736199689031,0.000115264078046622,-4.01261184194932E-5));
#5328=CARTESIAN_POINT('',(0.00020293834457702,0.000319209782928148,-5.15926640171334E-5));
#5329=CARTESIAN_POINT('',(8.3086918156425E-5,0.000234420042064159,-5.15926640171331E-5));
#5330=CARTESIAN_POINT('',(0.000165897887252485,0.00011736563585533,-2.00630592097567E-5));
#5331=CARTESIAN_POINT('',(0.000114657497115429,0.000373784288777922,0.00038513706186225));
#5332=CARTESIAN_POINT('',(1.84836534011006E-5,0.000256405151156568,0.000385137061862251));
#5333=CARTESIAN_POINT('',(0.000133123467593675,0.000162475754527652,0.000416666666669627));
#5334=CARTESIAN_POINT('',(9.51664203636477E-6,0.000390858631357098,0.000801803728522997));
#5335=CARTESIAN_POINT('',(-5.14069240181255E-5,0.000251878095803643,0.000801803728522996));
#5336=CARTESIAN_POINT('',(8.43301677266513E-5,0.000192376327142112,0.000833333333330373));
#5337=CARTESIAN_POINT('',(-0.000183230311571663,0.000345380499020056,0.00163513706186225));
#5338=CARTESIAN_POINT('',(-0.000168235904452951,0.000194375737774991,0.00163513706186225));
#5339=CARTESIAN_POINT('',(-2.07552011343479E-5,0.000209020214475459,0.00166666666666963));
#5340=CARTESIAN_POINT('',(-0.000269649506599858,0.000283108070835935,0.002051803728523));
#5341=CARTESIAN_POINT('',(-0.000214454894148269,0.000141754525001953,0.002051803728523));
#5342=CARTESIAN_POINT('',(-7.64001720038349E-5,0.000195661038920063,0.00208333333333037));
#5343=CARTESIAN_POINT('',(-0.000373784288777922,0.000114657497115429,0.00288513706186225));
#5344=CARTESIAN_POINT('',(-0.000256405151156568,1.84836534011005E-5,0.00288513706186225));
#5345=CARTESIAN_POINT('',(-0.000162475754527652,0.000133123467593675,0.00291666666666963));
#5346=CARTESIAN_POINT('',(-0.000390858631357098,9.51664203636488E-6,0.003301803728523));
#5347=CARTESIAN_POINT('',(-0.000251878095803643,-5.14069240181254E-5,0.003301803728523));
#5348=CARTESIAN_POINT('',(-0.000192376327142112,8.43301677266514E-5,0.00333333333333037));
#5349=CARTESIAN_POINT('',(-0.000345380499020056,-0.000183230311571663,0.00413513706186225));
#5350=CARTESIAN_POINT('',(-0.000194375737774991,-0.000168235904452951,0.00413513706186225));
#5351=CARTESIAN_POINT('',(-0.000209020214475459,-2.07552011343479E-5,0.00416666666666963));
#5352=CARTESIAN_POINT('',(-0.000283108070835935,-0.000269649506599858,0.004551803728523));
#5353=CARTESIAN_POINT('',(-0.000141754525001953,-0.000214454894148269,0.004551803728523));
#5354=CARTESIAN_POINT('',(-0.000195661038920063,-7.64001720038349E-5,0.00458333333333037));
#5355=CARTESIAN_POINT('',(-0.000114657497115429,-0.000373784288777922,0.00538513706186225));
#5356=CARTESIAN_POINT('',(-1.84836534011006E-5,-0.000256405151156568,0.00538513706186225));
#5357=CARTESIAN_POINT('',(-0.000133123467593675,-0.000162475754527652,0.00541666666666963));
#5358=CARTESIAN_POINT('',(-9.5166420363649E-6,-0.000390858631357098,0.005801803728523));
#5359=CARTESIAN_POINT('',(5.14069240181254E-5,-0.000251878095803643,0.005801803728523));
#5360=CARTESIAN_POINT('',(-8.43301677266514E-5,-0.000192376327142112,0.00583333333333037));
#5361=CARTESIAN_POINT('',(0.000183230311571663,-0.000345380499020056,0.00663513706186225));
#5362=CARTESIAN_POINT('',(0.000168235904452951,-0.000194375737774991,0.00663513706186225));
#5363=CARTESIAN_POINT('',(2.07552011343479E-5,-0.000209020214475459,0.00666666666666963));
#5364=CARTESIAN_POINT('',(0.000269649506599858,-0.000283108070835935,0.007051803728523));
#5365=CARTESIAN_POINT('',(0.000214454894148269,-0.000141754525001953,0.007051803728523));
#5366=CARTESIAN_POINT('',(7.64001720038349E-5,-0.000195661038920063,0.00708333333333037));
#5367=CARTESIAN_POINT('',(0.000373784288777922,-0.000114657497115429,0.00788513706186225));
#5368=CARTESIAN_POINT('',(0.000256405151156568,-1.84836534011007E-5,0.00788513706186225));
#5369=CARTESIAN_POINT('',(0.000162475754527652,-0.000133123467593675,0.00791666666666963));
#5370=CARTESIAN_POINT('',(0.000390858631357097,-9.51664203636515E-6,0.008301803728523));
#5371=CARTESIAN_POINT('',(0.000251878095803643,5.14069240181252E-5,0.008301803728523));
#5372=CARTESIAN_POINT('',(0.000192376327142112,-8.43301677266515E-5,0.00833333333333038));
#5373=CARTESIAN_POINT('',(0.000345380499020057,0.000183230311571662,0.00913513706186225));
#5374=CARTESIAN_POINT('',(0.000194375737774991,0.000168235904452951,0.00913513706186225));
#5375=CARTESIAN_POINT('',(0.000209020214475459,2.07552011343478E-5,0.00916666666666963));
#5376=CARTESIAN_POINT('',(0.000283108070835935,0.000269649506599858,0.009551803728523));
#5377=CARTESIAN_POINT('',(0.000141754525001953,0.000214454894148269,0.009551803728523));
#5378=CARTESIAN_POINT('',(0.000195661038920063,7.64001720038348E-5,0.00958333333333037));
#5379=CARTESIAN_POINT('',(0.000192702751366765,0.000325537343861135,0.00999904332267151));
#5380=CARTESIAN_POINT('',(7.55965875003041E-5,0.00023696907325069,0.00999904332267151));
#5381=CARTESIAN_POINT('',(0.000162097905297445,0.000122595862316365,0.0100305729274789));
#5382=CARTESIAN_POINT('',(0.000186410111546552,0.000329169391154314,0.0100296162501504));
#5383=CARTESIAN_POINT('',(7.10296409880766E-5,0.000238370822783264,0.0100296162501504));
#5384=CARTESIAN_POINT('',(0.000159709207203557,0.000125683031968646,0.0100611458549577));
#5385=CARTESIAN_POINT('',(0.000180016590566961,0.00033261113531696,0.0100601891776292));
#5386=CARTESIAN_POINT('',(6.64260443564397E-5,0.000239635776139379,0.0100601891776292));
#5387=CARTESIAN_POINT('',(0.000157231600749169,0.000128696137499214,0.0100917187824365));
#5388=CARTESIAN_POINT('',(-0.000164392253256989,-0.000119437963265831,-0.005));
#5389=CARTESIAN_POINT('',(-0.000133123467594018,-0.000162475754527433,-0.00458333333333333));
#5390=CARTESIAN_POINT('',(-8.43301677266513E-5,-0.000192376327142112,-0.00416666666666963));
#5391=CARTESIAN_POINT('',(2.07552011343479E-5,-0.000209020214475459,-0.00333333333333037));
#5392=CARTESIAN_POINT('',(7.64001720038349E-5,-0.000195661038920063,-0.00291666666666963));
#5393=CARTESIAN_POINT('',(0.000162475754527652,-0.000133123467593675,-0.00208333333333037));
#5394=CARTESIAN_POINT('',(0.000192376327142112,-8.43301677266513E-5,-0.00166666666666963));
#5395=CARTESIAN_POINT('',(0.000209020214475459,2.07552011343479E-5,-0.000833333333330373));
#5396=CARTESIAN_POINT('',(0.000195661038920063,7.64001720038349E-5,-0.000416666666669626));
#5397=CARTESIAN_POINT('',(0.000133123467593675,0.000162475754527652,0.000416666666669627));
#5398=CARTESIAN_POINT('',(8.43301677266513E-5,0.000192376327142112,0.000833333333330373));
#5399=CARTESIAN_POINT('',(-2.07552011343479E-5,0.000209020214475459,0.00166666666666963));
#5400=CARTESIAN_POINT('',(-7.64001720038349E-5,0.000195661038920063,0.00208333333333037));
#5401=CARTESIAN_POINT('',(-0.000162475754527652,0.000133123467593675,0.00291666666666963));
#5402=CARTESIAN_POINT('',(-0.000192376327142112,8.43301677266514E-5,0.00333333333333037));
#5403=CARTESIAN_POINT('',(-0.000209020214475459,-2.07552011343479E-5,0.00416666666666963));
#5404=CARTESIAN_POINT('',(-0.000195661038920063,-7.64001720038349E-5,0.00458333333333037));
#5405=CARTESIAN_POINT('',(-0.000133123467593675,-0.000162475754527652,0.00541666666666963));
#5406=CARTESIAN_POINT('',(-8.43301677266514E-5,-0.000192376327142112,0.00583333333333037));
#5407=CARTESIAN_POINT('',(2.07552011343479E-5,-0.000209020214475459,0.00666666666666963));
#5408=CARTESIAN_POINT('',(7.64001720038349E-5,-0.000195661038920063,0.00708333333333037));
#5409=CARTESIAN_POINT('',(0.000162475754527652,-0.000133123467593675,0.00791666666666963));
#5410=CARTESIAN_POINT('',(0.000192376327142112,-8.43301677266515E-5,0.00833333333333038));
#5411=CARTESIAN_POINT('',(0.000209020214475459,2.07552011343478E-5,0.00916666666666963));
#5412=CARTESIAN_POINT('',(0.000195661038920063,7.64001720038348E-5,0.00958333333333037));
#5413=CARTESIAN_POINT('',(0.000133123467593675,0.000162475754527652,0.0104166666666696));
#5414=CARTESIAN_POINT('',(8.43301677266513E-5,0.000192376327142112,0.0108333333333304));
#5415=CARTESIAN_POINT('',(-2.0755201134348E-5,0.000209020214475459,0.0116666666666696));
#5416=CARTESIAN_POINT('',(-7.64001720038349E-5,0.000195661038920063,0.0120833333333304));
#5417=CARTESIAN_POINT('',(-0.000162475754527652,0.000133123467593675,0.0129166666666696));
#5418=CARTESIAN_POINT('',(-0.000192376327142112,8.43301677266516E-5,0.0133333333333304));
#5419=CARTESIAN_POINT('',(-0.000209020214475459,-2.07552011343478E-5,0.0141666666666696));
#5420=CARTESIAN_POINT('',(-0.000195661038919961,-7.64001720042278E-5,0.0145833333333333));
#5421=CARTESIAN_POINT('',(-0.000164392253256989,-0.00011943796326583,0.015));
#5422=CARTESIAN_POINT('',(0.000164392253256869,0.000119437963265743,4.17208756564796E-19));
#5423=CARTESIAN_POINT('',(0.000164392253256869,0.000119437963265743,0.01));
#5424=CARTESIAN_POINT('',(0.000192469922708827,0.00032559002323995,0.01));
#5425=CARTESIAN_POINT('',(0.000131221046486334,0.000279209079768895,0.01));
#5426=CARTESIAN_POINT('',(0.000119233608507478,0.000181593605518528,0.01));
#5427=CARTESIAN_POINT('',(0.000164392253256869,0.000119437963265743,0.01));
#5428=CARTESIAN_POINT('',(0.000192469922708827,0.00032559002323995,0.01));
#5429=CARTESIAN_POINT('',(-0.000198882783975827,-0.000321716897689125,-0.00503152960480738));
#5430=CARTESIAN_POINT('',(-0.000114657497116173,-0.000373784288777787,-0.00461486293814071));
#5431=CARTESIAN_POINT('',(-9.51664203636477E-6,-0.000390858631357098,-0.004198196271477));
#5432=CARTESIAN_POINT('',(0.000183230311571663,-0.000345380499020056,-0.00336486293813775));
#5433=CARTESIAN_POINT('',(0.000269649506599858,-0.000283108070835935,-0.002948196271477));
#5434=CARTESIAN_POINT('',(0.000373784288777922,-0.000114657497115429,-0.00211486293813775));
#5435=CARTESIAN_POINT('',(0.000390858631357098,-9.51664203636471E-6,-0.001698196271477));
#5436=CARTESIAN_POINT('',(0.000345380499020056,0.000183230311571663,-0.000864862938137749));
#5437=CARTESIAN_POINT('',(0.000283108070835935,0.000269649506599858,-0.000448196271477003));
#5438=CARTESIAN_POINT('',(0.000114657497115429,0.000373784288777922,0.00038513706186225));
#5439=CARTESIAN_POINT('',(9.51664203636477E-6,0.000390858631357098,0.000801803728522997));
#5440=CARTESIAN_POINT('',(-0.000183230311571663,0.000345380499020056,0.00163513706186225));
#5441=CARTESIAN_POINT('',(-0.000269649506599858,0.000283108070835935,0.002051803728523));
#5442=CARTESIAN_POINT('',(-0.000373784288777922,0.000114657497115429,0.00288513706186225));
#5443=CARTESIAN_POINT('',(-0.000390858631357098,9.51664203636488E-6,0.003301803728523));
#5444=CARTESIAN_POINT('',(-0.000345380499020056,-0.000183230311571663,0.00413513706186225));
#5445=CARTESIAN_POINT('',(-0.000283108070835935,-0.000269649506599858,0.004551803728523));
#5446=CARTESIAN_POINT('',(-0.000114657497115429,-0.000373784288777922,0.00538513706186225));
#5447=CARTESIAN_POINT('',(-9.5166420363649E-6,-0.000390858631357098,0.005801803728523));
#5448=CARTESIAN_POINT('',(0.000183230311571663,-0.000345380499020056,0.00663513706186225));
#5449=CARTESIAN_POINT('',(0.000269649506599858,-0.000283108070835935,0.007051803728523));
#5450=CARTESIAN_POINT('',(0.000373784288777922,-0.000114657497115429,0.00788513706186225));
#5451=CARTESIAN_POINT('',(0.000390858631357097,-9.51664203636515E-6,0.008301803728523));
#5452=CARTESIAN_POINT('',(0.000345380499020057,0.000183230311571662,0.00913513706186225));
#5453=CARTESIAN_POINT('',(0.000283108070835935,0.000269649506599858,0.009551803728523));
#5454=CARTESIAN_POINT('',(0.000114657497115429,0.000373784288777922,0.0103851370618623));
#5455=CARTESIAN_POINT('',(9.51664203636477E-6,0.000390858631357098,0.010801803728523));
#5456=CARTESIAN_POINT('',(-0.000183230311571663,0.000345380499020056,0.0116351370618623));
#5457=CARTESIAN_POINT('',(-0.000269649506599858,0.000283108070835935,0.012051803728523));
#5458=CARTESIAN_POINT('',(-0.000373784288777922,0.000114657497115429,0.0128851370618623));
#5459=CARTESIAN_POINT('',(-0.000390858631357097,9.51664203636526E-6,0.013301803728523));
#5460=CARTESIAN_POINT('',(-0.000345380499020057,-0.000183230311571662,0.0141351370618623));
#5461=CARTESIAN_POINT('',(-0.000283108070835482,-0.000269649506600463,0.014551803728526));
#5462=CARTESIAN_POINT('',(-0.000198882783975827,-0.000321716897689125,0.0149684703951926));
#5463=CARTESIAN_POINT('',(0.000192469922708827,0.00032559002323995,-2.31694224474728E-20));
#5464=CARTESIAN_POINT('',(0.000192469922708827,0.00032559002323995,0.));
#5465=CARTESIAN_POINT('',(0.000131221046486298,0.000279209079768939,0.));
#5466=CARTESIAN_POINT('',(0.000119233608507474,0.000181593605518524,0.));
#5467=CARTESIAN_POINT('',(0.000164392253256869,0.000119437963265743,0.));
#5468=CARTESIAN_POINT('',(0.000412657338786267,0.000276601819356786,-6.01891776292106E-5));
#5469=CARTESIAN_POINT('',(0.000332831395387809,0.000395692725719989,-9.1718782436587E-5));
#5470=CARTESIAN_POINT('',(0.000210894806551609,0.000313959337874627,-9.17187824365873E-5));
#5471=CARTESIAN_POINT('',(0.000409180315231821,0.000281807056956505,-4.01261184194929E-5));
#5472=CARTESIAN_POINT('',(0.000327852165510292,0.000399894511187334,-7.16557232268692E-5));
#5473=CARTESIAN_POINT('',(0.000206943006339537,0.000316623021732392,-7.16557232268696E-5));
#5474=CARTESIAN_POINT('',(0.000405600740093675,0.000286945117583308,-2.00630592097565E-5));
#5475=CARTESIAN_POINT('',(0.000322789770997614,0.000403999523792136,-5.15926640171329E-5));
#5476=CARTESIAN_POINT('',(0.00020293834457702,0.000319209782928148,-5.15926640171332E-5));
#5477=CARTESIAN_POINT('',(0.000325471155022332,0.000397234029770361,0.000416666666669627));
#5478=CARTESIAN_POINT('',(0.000210831340829758,0.000491163426399277,0.000385137061862251));
#5479=CARTESIAN_POINT('',(0.000114657497115429,0.000373784288777922,0.00038513706186225));
#5480=CARTESIAN_POINT('',(0.000206177299835632,0.000470337398249022,0.000833333333330373));
#5481=CARTESIAN_POINT('',(7.04402080908551E-5,0.000529839166910552,0.000801803728522996));
#5482=CARTESIAN_POINT('',(9.51664203636477E-6,0.000390858631357098,0.000801803728522997));
#5483=CARTESIAN_POINT('',(-5.07440153717718E-5,0.00051102973696559,0.00166666666666963));
#5484=CARTESIAN_POINT('',(-0.000198224718690375,0.000496385260265122,0.00163513706186225));
#5485=CARTESIAN_POINT('',(-0.000183230311571663,0.000345380499020056,0.00163513706186225));
#5486=CARTESIAN_POINT('',(-0.000186789396907014,0.000478368130588029,0.00208333333333037));
#5487=CARTESIAN_POINT('',(-0.000324844119051447,0.000424461616669918,0.002051803728523));
#5488=CARTESIAN_POINT('',(-0.000269649506599858,0.000283108070835935,0.002051803728523));
#5489=CARTESIAN_POINT('',(-0.000397234029770361,0.000325471155022332,0.00291666666666963));
#5490=CARTESIAN_POINT('',(-0.000491163426399277,0.000210831340829757,0.00288513706186225));
#5491=CARTESIAN_POINT('',(-0.000373784288777922,0.000114657497115429,0.00288513706186225));
#5492=CARTESIAN_POINT('',(-0.000470337398249022,0.000206177299835632,0.00333333333333037));
#5493=CARTESIAN_POINT('',(-0.000529839166910552,7.04402080908552E-5,0.003301803728523));
#5494=CARTESIAN_POINT('',(-0.000390858631357098,9.51664203636488E-6,0.003301803728523));
#5495=CARTESIAN_POINT('',(-0.00051102973696559,-5.0744015371772E-5,0.00416666666666963));
#5496=CARTESIAN_POINT('',(-0.000496385260265122,-0.000198224718690375,0.00413513706186225));
#5497=CARTESIAN_POINT('',(-0.000345380499020056,-0.000183230311571663,0.00413513706186225));
#5498=CARTESIAN_POINT('',(-0.000478368130588029,-0.000186789396907014,0.00458333333333037));
#5499=CARTESIAN_POINT('',(-0.000424461616669918,-0.000324844119051447,0.004551803728523));
#5500=CARTESIAN_POINT('',(-0.000283108070835935,-0.000269649506599858,0.004551803728523));
#5501=CARTESIAN_POINT('',(-0.000325471155022332,-0.000397234029770361,0.00541666666666963));
#5502=CARTESIAN_POINT('',(-0.000210831340829757,-0.000491163426399277,0.00538513706186225));
#5503=CARTESIAN_POINT('',(-0.000114657497115429,-0.000373784288777922,0.00538513706186225));
#5504=CARTESIAN_POINT('',(-0.000206177299835632,-0.000470337398249022,0.00583333333333037));
#5505=CARTESIAN_POINT('',(-7.04402080908552E-5,-0.000529839166910552,0.005801803728523));
#5506=CARTESIAN_POINT('',(-9.5166420363649E-6,-0.000390858631357098,0.005801803728523));
#5507=CARTESIAN_POINT('',(5.0744015371772E-5,-0.00051102973696559,0.00666666666666963));
#5508=CARTESIAN_POINT('',(0.000198224718690375,-0.000496385260265122,0.00663513706186225));
#5509=CARTESIAN_POINT('',(0.000183230311571663,-0.000345380499020056,0.00663513706186225));
#5510=CARTESIAN_POINT('',(0.000186789396907014,-0.000478368130588029,0.00708333333333037));
#5511=CARTESIAN_POINT('',(0.000324844119051447,-0.000424461616669918,0.007051803728523));
#5512=CARTESIAN_POINT('',(0.000269649506599858,-0.000283108070835935,0.007051803728523));
#5513=CARTESIAN_POINT('',(0.000397234029770361,-0.000325471155022332,0.00791666666666963));
#5514=CARTESIAN_POINT('',(0.000491163426399277,-0.000210831340829758,0.00788513706186225));
#5515=CARTESIAN_POINT('',(0.000373784288777922,-0.000114657497115429,0.00788513706186225));
#5516=CARTESIAN_POINT('',(0.000470337398249021,-0.000206177299835632,0.00833333333333038));
#5517=CARTESIAN_POINT('',(0.000529839166910552,-7.04402080908556E-5,0.008301803728523));
#5518=CARTESIAN_POINT('',(0.000390858631357097,-9.51664203636515E-6,0.008301803728523));
#5519=CARTESIAN_POINT('',(0.00051102973696559,5.07440153717714E-5,0.00916666666666963));
#5520=CARTESIAN_POINT('',(0.000496385260265122,0.000198224718690374,0.00913513706186225));
#5521=CARTESIAN_POINT('',(0.000345380499020057,0.000183230311571662,0.00913513706186225));
#5522=CARTESIAN_POINT('',(0.000478368130588029,0.000186789396907013,0.00958333333333037));
#5523=CARTESIAN_POINT('',(0.000424461616669918,0.000324844119051447,0.009551803728523));
#5524=CARTESIAN_POINT('',(0.000283108070835935,0.000269649506599858,0.009551803728523));
#5525=CARTESIAN_POINT('',(0.000396310233030366,0.000299732403537256,0.0100305729274789));
#5526=CARTESIAN_POINT('',(0.000309808915233226,0.00041410561447158,0.00999904332267152));
#5527=CARTESIAN_POINT('',(0.000192702751366765,0.000325537343861135,0.00999904332267152));
#5528=CARTESIAN_POINT('',(0.000390470148320507,0.000307280168710747,0.0100611458549577));
#5529=CARTESIAN_POINT('',(0.000301790582105026,0.000419967959525364,0.0100296162501504));
#5530=CARTESIAN_POINT('',(0.000186410111546551,0.000329169391154314,0.0100296162501504));
#5531=CARTESIAN_POINT('',(0.000384412693170211,0.000314646855854378,0.0100917187824365));
#5532=CARTESIAN_POINT('',(0.000293607136777481,0.000425586494494543,0.0100601891776292));
#5533=CARTESIAN_POINT('',(0.00018001659056696,0.000332611135316961,0.0100601891776292));
#5534=CARTESIAN_POINT('',(0.00040191964280518,0.000292011713338687,0.01));
#5535=CARTESIAN_POINT('',(0.00035562979696023,0.000355724130666159,0.01));
#5536=CARTESIAN_POINT('',(0.000255252947887653,0.000373132522160336,0.01));
#5537=CARTESIAN_POINT('',(0.000192469922708827,0.00032559002323995,0.01));
#5538=CARTESIAN_POINT('',(0.00040191964280518,0.000292011713338687,0.01));
#5539=CARTESIAN_POINT('',(-0.000401919642805474,-0.000292011713338901,-0.005));
#5540=CARTESIAN_POINT('',(-0.000325471155023169,-0.000397234029769826,-0.00458333333333333));
#5541=CARTESIAN_POINT('',(-0.000206177299835632,-0.000470337398249022,-0.00416666666666963));
#5542=CARTESIAN_POINT('',(5.07440153717719E-5,-0.00051102973696559,-0.00333333333333037));
#5543=CARTESIAN_POINT('',(0.000186789396907014,-0.000478368130588028,-0.00291666666666963));
#5544=CARTESIAN_POINT('',(0.000397234029770361,-0.000325471155022332,-0.00208333333333037));
#5545=CARTESIAN_POINT('',(0.000470337398249022,-0.000206177299835632,-0.00166666666666963));
#5546=CARTESIAN_POINT('',(0.00051102973696559,5.07440153717718E-5,-0.000833333333330373));
#5547=CARTESIAN_POINT('',(0.000478368130588028,0.000186789396907014,-0.000416666666669626));
#5548=CARTESIAN_POINT('',(0.000325471155022332,0.000397234029770361,0.000416666666669627));
#5549=CARTESIAN_POINT('',(0.000206177299835632,0.000470337398249022,0.000833333333330373));
#5550=CARTESIAN_POINT('',(-5.07440153717718E-5,0.00051102973696559,0.00166666666666963));
#5551=CARTESIAN_POINT('',(-0.000186789396907014,0.000478368130588029,0.00208333333333037));
#5552=CARTESIAN_POINT('',(-0.000397234029770361,0.000325471155022332,0.00291666666666963));
#5553=CARTESIAN_POINT('',(-0.000470337398249022,0.000206177299835632,0.00333333333333037));
#5554=CARTESIAN_POINT('',(-0.00051102973696559,-5.0744015371772E-5,0.00416666666666963));
#5555=CARTESIAN_POINT('',(-0.000478368130588029,-0.000186789396907014,0.00458333333333037));
#5556=CARTESIAN_POINT('',(-0.000325471155022332,-0.000397234029770361,0.00541666666666963));
#5557=CARTESIAN_POINT('',(-0.000206177299835632,-0.000470337398249022,0.00583333333333037));
#5558=CARTESIAN_POINT('',(5.0744015371772E-5,-0.00051102973696559,0.00666666666666963));
#5559=CARTESIAN_POINT('',(0.000186789396907014,-0.000478368130588029,0.00708333333333037));
#5560=CARTESIAN_POINT('',(0.000397234029770361,-0.000325471155022332,0.00791666666666963));
#5561=CARTESIAN_POINT('',(0.000470337398249021,-0.000206177299835632,0.00833333333333038));
#5562=CARTESIAN_POINT('',(0.00051102973696559,5.07440153717714E-5,0.00916666666666963));
#5563=CARTESIAN_POINT('',(0.000478368130588029,0.000186789396907013,0.00958333333333037));
#5564=CARTESIAN_POINT('',(0.000325471155022332,0.000397234029770361,0.0104166666666696));
#5565=CARTESIAN_POINT('',(0.000206177299835632,0.000470337398249022,0.0108333333333304));
#5566=CARTESIAN_POINT('',(-5.07440153717723E-5,0.00051102973696559,0.0116666666666696));
#5567=CARTESIAN_POINT('',(-0.000186789396907014,0.000478368130588029,0.0120833333333304));
#5568=CARTESIAN_POINT('',(-0.000397234029770361,0.000325471155022332,0.0129166666666696));
#5569=CARTESIAN_POINT('',(-0.000470337398249021,0.000206177299835633,0.0133333333333304));
#5570=CARTESIAN_POINT('',(-0.00051102973696559,-5.07440153717714E-5,0.0141666666666696));
#5571=CARTESIAN_POINT('',(-0.000478368130587779,-0.000186789396907974,0.0145833333333333));
#5572=CARTESIAN_POINT('',(-0.000401919642805474,-0.0002920117133389,0.015));
#5573=CARTESIAN_POINT('',(0.00040191964280518,0.000292011713338687,4.17208756564796E-19));
#5574=CARTESIAN_POINT('',(0.00040191964280518,0.000292011713338687,0.));
#5575=CARTESIAN_POINT('',(0.000355629796960224,0.000355724130666159,0.));
#5576=CARTESIAN_POINT('',(0.000255252947887669,0.000373132522160314,0.));
#5577=CARTESIAN_POINT('',(0.000192469922708827,0.00032559002323995,0.));
#5578=CARTESIAN_POINT('',(0.000371960173390152,6.8423458168659E-5,-6.01891776291524E-5));
#5579=CARTESIAN_POINT('',(0.000495486403770257,0.000147723521287714,-6.01891776291518E-5));
#5580=CARTESIAN_POINT('',(0.000418036997635125,0.000268366971100453,-9.17187824365291E-5));
#5581=CARTESIAN_POINT('',(0.000370662586813433,7.55676153949168E-5,-2.96162501503524E-5));
#5582=CARTESIAN_POINT('',(0.000492671683154538,0.000157242663081186,-2.96162501503517E-5));
#5583=CARTESIAN_POINT('',(0.000412902718407772,0.000276404384812932,-6.11458549577291E-5));
#5584=CARTESIAN_POINT('',(0.000369152837211689,8.26746358385949E-5,9.56677328488472E-7));
#5585=CARTESIAN_POINT('',(0.000489574062893539,0.000166680115301094,9.56677328489149E-7));
#5586=CARTESIAN_POINT('',(0.000407529052579994,0.000284291023140119,-3.05729274788883E-5));
#5587=CARTESIAN_POINT('',(0.000343937125500579,0.00018592549552009,0.000448196271477004));
#5588=CARTESIAN_POINT('',(0.000440110969214907,0.000303304633141445,0.000448196271477004));
#5589=CARTESIAN_POINT('',(0.000325471155022332,0.000397234029770361,0.000416666666669627));
#5590=CARTESIAN_POINT('',(0.000280990825525918,0.000271855094034036,0.00086486293813775));
#5591=CARTESIAN_POINT('',(0.000341914391580409,0.000410835629587491,0.00086486293813775));
#5592=CARTESIAN_POINT('',(0.000206177299835632,0.000470337398249022,0.000833333333330373));
#5593=CARTESIAN_POINT('',(0.000111731095065543,0.000374669452420993,0.001698196271477));
#5594=CARTESIAN_POINT('',(9.67366879468309E-5,0.000525674213666058,0.001698196271477));
#5595=CARTESIAN_POINT('',(-5.07440153717718E-5,0.00051102973696559,0.00166666666666963));
#5596=CARTESIAN_POINT('',(6.45993768900964E-6,0.000390921098672157,0.00211486293813775));
#5597=CARTESIAN_POINT('',(-4.87346747625798E-5,0.000532274644506139,0.00211486293813775));
#5598=CARTESIAN_POINT('',(-0.000186789396907014,0.000478368130588029,0.00208333333333037));
#5599=CARTESIAN_POINT('',(-0.00018592549552009,0.000343937125500579,0.00294819627147701));
#5600=CARTESIAN_POINT('',(-0.000303304633141445,0.000440110969214907,0.00294819627147701));
#5601=CARTESIAN_POINT('',(-0.000397234029770361,0.000325471155022332,0.00291666666666963));
#5602=CARTESIAN_POINT('',(-0.000271855094034036,0.000280990825525919,0.00336486293813775));
#5603=CARTESIAN_POINT('',(-0.000410835629587491,0.000341914391580409,0.00336486293813775));
#5604=CARTESIAN_POINT('',(-0.000470337398249022,0.000206177299835632,0.00333333333333037));
#5605=CARTESIAN_POINT('',(-0.000374669452420993,0.000111731095065543,0.004198196271477));
#5606=CARTESIAN_POINT('',(-0.000525674213666058,9.67366879468308E-5,0.004198196271477));
#5607=CARTESIAN_POINT('',(-0.00051102973696559,-5.0744015371772E-5,0.00416666666666963));
#5608=CARTESIAN_POINT('',(-0.000390921098672157,6.45993768900964E-6,0.00461486293813775));
#5609=CARTESIAN_POINT('',(-0.000532274644506139,-4.87346747625798E-5,0.00461486293813775));
#5610=CARTESIAN_POINT('',(-0.000478368130588029,-0.000186789396907014,0.00458333333333037));
#5611=CARTESIAN_POINT('',(-0.000343937125500579,-0.00018592549552009,0.00544819627147701));
#5612=CARTESIAN_POINT('',(-0.000440110969214907,-0.000303304633141445,0.00544819627147701));
#5613=CARTESIAN_POINT('',(-0.000325471155022332,-0.000397234029770361,0.00541666666666963));
#5614=CARTESIAN_POINT('',(-0.000280990825525919,-0.000271855094034036,0.00586486293813775));
#5615=CARTESIAN_POINT('',(-0.000341914391580409,-0.000410835629587491,0.00586486293813775));
#5616=CARTESIAN_POINT('',(-0.000206177299835632,-0.000470337398249022,0.00583333333333037));
#5617=CARTESIAN_POINT('',(-0.000111731095065543,-0.000374669452420993,0.006698196271477));
#5618=CARTESIAN_POINT('',(-9.67366879468308E-5,-0.000525674213666058,0.00669819627147701));
#5619=CARTESIAN_POINT('',(5.0744015371772E-5,-0.00051102973696559,0.00666666666666963));
#5620=CARTESIAN_POINT('',(-6.45993768900964E-6,-0.000390921098672157,0.00711486293813775));
#5621=CARTESIAN_POINT('',(4.87346747625798E-5,-0.000532274644506139,0.00711486293813775));
#5622=CARTESIAN_POINT('',(0.000186789396907014,-0.000478368130588029,0.00708333333333037));
#5623=CARTESIAN_POINT('',(0.00018592549552009,-0.000343937125500579,0.00794819627147701));
#5624=CARTESIAN_POINT('',(0.000303304633141445,-0.000440110969214907,0.00794819627147701));
#5625=CARTESIAN_POINT('',(0.000397234029770361,-0.000325471155022332,0.00791666666666963));
#5626=CARTESIAN_POINT('',(0.000271855094034036,-0.000280990825525919,0.00836486293813775));
#5627=CARTESIAN_POINT('',(0.000410835629587491,-0.000341914391580409,0.00836486293813775));
#5628=CARTESIAN_POINT('',(0.000470337398249021,-0.000206177299835632,0.00833333333333038));
#5629=CARTESIAN_POINT('',(0.000374669452420993,-0.000111731095065543,0.009198196271477));
#5630=CARTESIAN_POINT('',(0.000525674213666058,-9.67366879468313E-5,0.009198196271477));
#5631=CARTESIAN_POINT('',(0.00051102973696559,5.07440153717714E-5,0.00916666666666963));
#5632=CARTESIAN_POINT('',(0.000390921098672157,-6.4599376890098E-6,0.00961486293813775));
#5633=CARTESIAN_POINT('',(0.000532274644506139,4.87346747625795E-5,0.00961486293813775));
#5634=CARTESIAN_POINT('',(0.000478368130588029,0.000186789396907013,0.00958333333333037));
#5635=CARTESIAN_POINT('',(0.000366297941403594,9.436458732059E-5,0.0100515926640171));
#5636=CARTESIAN_POINT('',(0.000483973904531311,0.000182148596529545,0.0100515926640171));
#5637=CARTESIAN_POINT('',(0.000398238545516686,0.000297078309094067,0.0100200630592098));
#5638=CARTESIAN_POINT('',(0.000365075293853613,9.89726001552682E-5,0.0100716557232269));
#5639=CARTESIAN_POINT('',(0.000481634171480688,0.000188231738475892,0.0100716557232269));
#5640=CARTESIAN_POINT('',(0.000394458109026775,0.00030207043540658,0.0100401261184195));
#5641=CARTESIAN_POINT('',(0.00036376315338724,0.000103554109077748,0.0100917187824366));
#5642=CARTESIAN_POINT('',(0.000479176702682947,0.000194265690613163,0.0100917187824366));
#5643=CARTESIAN_POINT('',(0.000390582093256863,0.00030698578819342,0.0100601891776292));
#5644=CARTESIAN_POINT('',(-0.000367429112086636,-8.97327789156059E-5,-0.00496847039519263));
#5645=CARTESIAN_POINT('',(-0.000343937125501014,-0.000185925495519472,-0.00455180372852596));
#5646=CARTESIAN_POINT('',(-0.000280990825525918,-0.000271855094034036,-0.00413513706186225));
#5647=CARTESIAN_POINT('',(-0.000111731095065543,-0.000374669452420993,-0.003301803728523));
#5648=CARTESIAN_POINT('',(-6.45993768900939E-6,-0.000390921098672157,-0.00288513706186225));
#5649=CARTESIAN_POINT('',(0.00018592549552009,-0.000343937125500579,-0.002051803728523));
#5650=CARTESIAN_POINT('',(0.000271855094034036,-0.000280990825525918,-0.00163513706186225));
#5651=CARTESIAN_POINT('',(0.000374669452420993,-0.000111731095065543,-0.000801803728522996));
#5652=CARTESIAN_POINT('',(0.000390921098672157,-6.45993768900945E-6,-0.00038513706186225));
#5653=CARTESIAN_POINT('',(0.000343937125500579,0.00018592549552009,0.000448196271477004));
#5654=CARTESIAN_POINT('',(0.000280990825525918,0.000271855094034036,0.00086486293813775));
#5655=CARTESIAN_POINT('',(0.000111731095065543,0.000374669452420993,0.001698196271477));
#5656=CARTESIAN_POINT('',(6.45993768900964E-6,0.000390921098672157,0.00211486293813775));
#5657=CARTESIAN_POINT('',(-0.00018592549552009,0.000343937125500579,0.00294819627147701));
#5658=CARTESIAN_POINT('',(-0.000271855094034036,0.000280990825525919,0.00336486293813775));
#5659=CARTESIAN_POINT('',(-0.000374669452420993,0.000111731095065543,0.004198196271477));
#5660=CARTESIAN_POINT('',(-0.000390921098672157,6.45993768900964E-6,0.00461486293813775));
#5661=CARTESIAN_POINT('',(-0.000343937125500579,-0.00018592549552009,0.00544819627147701));
#5662=CARTESIAN_POINT('',(-0.000280990825525919,-0.000271855094034036,0.00586486293813775));
#5663=CARTESIAN_POINT('',(-0.000111731095065543,-0.000374669452420993,0.006698196271477));
#5664=CARTESIAN_POINT('',(-6.45993768900964E-6,-0.000390921098672157,0.00711486293813775));
#5665=CARTESIAN_POINT('',(0.00018592549552009,-0.000343937125500579,0.00794819627147701));
#5666=CARTESIAN_POINT('',(0.000271855094034036,-0.000280990825525919,0.00836486293813775));
#5667=CARTESIAN_POINT('',(0.000374669452420993,-0.000111731095065543,0.009198196271477));
#5668=CARTESIAN_POINT('',(0.000390921098672157,-6.4599376890098E-6,0.00961486293813775));
#5669=CARTESIAN_POINT('',(0.000343937125500579,0.00018592549552009,0.010448196271477));
#5670=CARTESIAN_POINT('',(0.000280990825525918,0.000271855094034036,0.0108648629381377));
#5671=CARTESIAN_POINT('',(0.000111731095065543,0.000374669452420993,0.011698196271477));
#5672=CARTESIAN_POINT('',(6.45993768900966E-6,0.000390921098672156,0.0121148629381378));
#5673=CARTESIAN_POINT('',(-0.00018592549552009,0.000343937125500579,0.012948196271477));
#5674=CARTESIAN_POINT('',(-0.000271855094034036,0.000280990825525919,0.0133648629381377));
#5675=CARTESIAN_POINT('',(-0.000374669452420993,0.000111731095065543,0.014198196271477));
#5676=CARTESIAN_POINT('',(-0.000390921098672258,6.45993768826072E-6,0.0146148629381407));
#5677=CARTESIAN_POINT('',(-0.000367429112086636,-8.97327789156058E-5,0.0150315296048074));
#5678=CARTESIAN_POINT('',(0.000369130990266105,8.24369238029748E-5,-1.19947517512379E-18));
#5679=CARTESIAN_POINT('',(0.000369130990266105,8.24369238029751E-5,0.01));
#5680=CARTESIAN_POINT('',(0.00040191964280518,0.000292011713338687,0.));
#5681=CARTESIAN_POINT('',(0.000448209403440298,0.000228299234102644,0.));
#5682=CARTESIAN_POINT('',(0.000433747615403802,0.000127455688890591,0.));
#5683=CARTESIAN_POINT('',(0.000369130990266105,8.24369238029749E-5,0.));
#5684=CARTESIAN_POINT('',(0.00040191964280518,0.000292011713338687,0.01));
#5685=CARTESIAN_POINT('',(0.000448209403440298,0.000228299234102643,0.01));
#5686=CARTESIAN_POINT('',(0.000433747615403779,0.000127455688890627,0.01));
#5687=CARTESIAN_POINT('',(0.000369130990266105,8.24369238029753E-5,0.01));
#5688=CARTESIAN_POINT('',(0.000170984536874914,0.000109766844862343,-9.17187824365283E-5));
#5689=CARTESIAN_POINT('',(0.000248433943010047,-1.08766049503957E-5,-6.01891776291509E-5));
#5690=CARTESIAN_POINT('',(0.000371960173390152,6.84234581686592E-5,-6.01891776291516E-5));
#5691=CARTESIAN_POINT('',(0.000168884525725562,0.000113054289440394,-6.11458549577285E-5));
#5692=CARTESIAN_POINT('',(0.000248653490472328,-6.10743229135215E-6,-2.96162501503511E-5));
#5693=CARTESIAN_POINT('',(0.000370662586813433,7.5567615394917E-5,-2.96162501503518E-5));
#5694=CARTESIAN_POINT('',(0.000166686601216294,0.000116280064215121,-3.05729274788879E-5));
#5695=CARTESIAN_POINT('',(0.000248731611529839,-1.33084362390411E-6,9.56677328489417E-7));
#5696=CARTESIAN_POINT('',(0.000369152837211689,8.26746358385949E-5,9.56677328488743E-7));
#5697=CARTESIAN_POINT('',(0.000133123467593675,0.000162475754527652,0.000416666666669627));
#5698=CARTESIAN_POINT('',(0.00024776328178625,6.85463578987356E-5,0.000448196271477004));
#5699=CARTESIAN_POINT('',(0.000343937125500579,0.00018592549552009,0.000448196271477004));
#5700=CARTESIAN_POINT('',(8.43301677266513E-5,0.000192376327142112,0.000833333333330373));
#5701=CARTESIAN_POINT('',(0.000220067259471428,0.000132874558480581,0.00086486293813775));
#5702=CARTESIAN_POINT('',(0.000280990825525918,0.000271855094034036,0.00086486293813775));
#5703=CARTESIAN_POINT('',(-2.07552011343479E-5,0.000209020214475459,0.00166666666666963));
#5704=CARTESIAN_POINT('',(0.000126725502184255,0.000223664691175927,0.001698196271477));
#5705=CARTESIAN_POINT('',(0.000111731095065543,0.000374669452420993,0.001698196271477));
#5706=CARTESIAN_POINT('',(-7.64001720038349E-5,0.000195661038920063,0.00208333333333037));
#5707=CARTESIAN_POINT('',(6.1654550140599E-5,0.000249567552838174,0.00211486293813775));
#5708=CARTESIAN_POINT('',(6.45993768900964E-6,0.000390921098672157,0.00211486293813775));
#5709=CARTESIAN_POINT('',(-0.000162475754527652,0.000133123467593675,0.00291666666666963));
#5710=CARTESIAN_POINT('',(-6.85463578987356E-5,0.00024776328178625,0.00294819627147701));
#5711=CARTESIAN_POINT('',(-0.00018592549552009,0.000343937125500579,0.00294819627147701));
#5712=CARTESIAN_POINT('',(-0.000192376327142112,8.43301677266514E-5,0.00333333333333037));
#5713=CARTESIAN_POINT('',(-0.000132874558480581,0.000220067259471428,0.00336486293813775));
#5714=CARTESIAN_POINT('',(-0.000271855094034036,0.000280990825525919,0.00336486293813775));
#5715=CARTESIAN_POINT('',(-0.000209020214475459,-2.07552011343479E-5,0.00416666666666963));
#5716=CARTESIAN_POINT('',(-0.000223664691175927,0.000126725502184255,0.004198196271477));
#5717=CARTESIAN_POINT('',(-0.000374669452420993,0.000111731095065543,0.004198196271477));
#5718=CARTESIAN_POINT('',(-0.000195661038920063,-7.64001720038349E-5,0.00458333333333037));
#5719=CARTESIAN_POINT('',(-0.000249567552838174,6.1654550140599E-5,0.00461486293813775));
#5720=CARTESIAN_POINT('',(-0.000390921098672157,6.45993768900964E-6,0.00461486293813775));
#5721=CARTESIAN_POINT('',(-0.000133123467593675,-0.000162475754527652,0.00541666666666963));
#5722=CARTESIAN_POINT('',(-0.00024776328178625,-6.85463578987355E-5,0.00544819627147701));
#5723=CARTESIAN_POINT('',(-0.000343937125500579,-0.00018592549552009,0.00544819627147701));
#5724=CARTESIAN_POINT('',(-8.43301677266514E-5,-0.000192376327142112,0.00583333333333037));
#5725=CARTESIAN_POINT('',(-0.000220067259471428,-0.000132874558480581,0.00586486293813775));
#5726=CARTESIAN_POINT('',(-0.000280990825525919,-0.000271855094034036,0.00586486293813775));
#5727=CARTESIAN_POINT('',(2.07552011343479E-5,-0.000209020214475459,0.00666666666666963));
#5728=CARTESIAN_POINT('',(-0.000126725502184255,-0.000223664691175927,0.00669819627147701));
#5729=CARTESIAN_POINT('',(-0.000111731095065543,-0.000374669452420993,0.006698196271477));
#5730=CARTESIAN_POINT('',(7.64001720038349E-5,-0.000195661038920063,0.00708333333333037));
#5731=CARTESIAN_POINT('',(-6.1654550140599E-5,-0.000249567552838174,0.00711486293813775));
#5732=CARTESIAN_POINT('',(-6.45993768900964E-6,-0.000390921098672157,0.00711486293813775));
#5733=CARTESIAN_POINT('',(0.000162475754527652,-0.000133123467593675,0.00791666666666963));
#5734=CARTESIAN_POINT('',(6.85463578987355E-5,-0.00024776328178625,0.00794819627147701));
#5735=CARTESIAN_POINT('',(0.00018592549552009,-0.000343937125500579,0.00794819627147701));
#5736=CARTESIAN_POINT('',(0.000192376327142112,-8.43301677266515E-5,0.00833333333333038));
#5737=CARTESIAN_POINT('',(0.000132874558480581,-0.000220067259471428,0.00836486293813775));
#5738=CARTESIAN_POINT('',(0.000271855094034036,-0.000280990825525919,0.00836486293813775));
#5739=CARTESIAN_POINT('',(0.000209020214475459,2.07552011343478E-5,0.00916666666666963));
#5740=CARTESIAN_POINT('',(0.000223664691175927,-0.000126725502184255,0.009198196271477));
#5741=CARTESIAN_POINT('',(0.000374669452420993,-0.000111731095065543,0.009198196271477));
#5742=CARTESIAN_POINT('',(0.000195661038920063,7.64001720038348E-5,0.00958333333333037));
#5743=CARTESIAN_POINT('',(0.000249567552838174,-6.16545501405992E-5,0.00961486293813775));
#5744=CARTESIAN_POINT('',(0.000390921098672157,-6.4599376890098E-6,0.00961486293813775));
#5745=CARTESIAN_POINT('',(0.000162886619261253,0.000121510290676156,0.0100200630592098));
#5746=CARTESIAN_POINT('',(0.000248621978275878,6.58057811163465E-6,0.0100515926640171));
#5747=CARTESIAN_POINT('',(0.000366297941403594,9.43645873205899E-5,0.0100515926640171));
#5748=CARTESIAN_POINT('',(0.000161340353772626,0.000123552158765332,0.0100401261184195));
#5749=CARTESIAN_POINT('',(0.000248516416226539,9.7134618346442E-6,0.0100716557232269));
#5750=CARTESIAN_POINT('',(0.000365075293853613,9.89726001552679E-5,0.0100716557232269));
#5751=CARTESIAN_POINT('',(0.000159754994665448,0.00012556262512259,0.0100601891776292));
#5752=CARTESIAN_POINT('',(0.000248349604091532,1.28425275423332E-5,0.0100917187824366));
#5753=CARTESIAN_POINT('',(0.00036376315338724,0.000103554109077748,0.0100917187824366));
#5754=CARTESIAN_POINT('',(0.000369130990266105,8.24369238029748E-5,0.));
#5755=CARTESIAN_POINT('',(0.000306093148106948,3.85182807034818E-5,0.));
#5756=CARTESIAN_POINT('',(0.000209550993175382,5.72823901573761E-5,0.));
#5757=CARTESIAN_POINT('',(0.000164392253256869,0.000119437963265743,0.));
#5758=CARTESIAN_POINT('',(0.000369130990266105,8.24369238029753E-5,0.01));
#5759=CARTESIAN_POINT('',(0.000306093148106961,3.85182807034613E-5,0.01));
#5760=CARTESIAN_POINT('',(0.000209550993175386,5.72823901573793E-5,0.01));
#5761=CARTESIAN_POINT('',(0.000164392253256869,0.000119437963265743,0.01));
#5762=CARTESIAN_POINT('',(-0.0005325,-0.0005325,0.));
#5763=CARTESIAN_POINT('',(-0.0005325,-0.0005325,0.01));
#5764=MECHANICAL_DESIGN_GEOMETRIC_PRESENTATION_REPRESENTATION('',(),#5770);
#5765=MECHANICAL_DESIGN_GEOMETRIC_PRESENTATION_REPRESENTATION('',(),#5771);
#5766=MECHANICAL_DESIGN_GEOMETRIC_PRESENTATION_REPRESENTATION('',(),#5772);
#5767=MECHANICAL_DESIGN_GEOMETRIC_PRESENTATION_REPRESENTATION('',(),#5773);
#5768=MECHANICAL_DESIGN_GEOMETRIC_PRESENTATION_REPRESENTATION('',(),#5774);
#5769=MECHANICAL_DESIGN_GEOMETRIC_PRESENTATION_REPRESENTATION('',(),#5775);
#5770=(
GEOMETRIC_REPRESENTATION_CONTEXT(3)
GLOBAL_UNCERTAINTY_ASSIGNED_CONTEXT((#5777))
GLOBAL_UNIT_ASSIGNED_CONTEXT((#5798,#5791,#5784))
REPRESENTATION_CONTEXT('id2','TOP_LEVEL_ASSEMBLY_PART')
);
#5771=(
GEOMETRIC_REPRESENTATION_CONTEXT(3)
GLOBAL_UNCERTAINTY_ASSIGNED_CONTEXT((#5778))
GLOBAL_UNIT_ASSIGNED_CONTEXT((#5799,#5792,#5785))
REPRESENTATION_CONTEXT('id5','TOP_LEVEL_ASSEMBLY_PART')
);
#5772=(
GEOMETRIC_REPRESENTATION_CONTEXT(3)
GLOBAL_UNCERTAINTY_ASSIGNED_CONTEXT((#5779))
GLOBAL_UNIT_ASSIGNED_CONTEXT((#5800,#5793,#5786))
REPRESENTATION_CONTEXT('id8','TOP_LEVEL_ASSEMBLY_PART')
);
#5773=(
GEOMETRIC_REPRESENTATION_CONTEXT(3)
GLOBAL_UNCERTAINTY_ASSIGNED_CONTEXT((#5780))
GLOBAL_UNIT_ASSIGNED_CONTEXT((#5801,#5794,#5787))
REPRESENTATION_CONTEXT('id11','TOP_LEVEL_ASSEMBLY_PART')
);
#5774=(
GEOMETRIC_REPRESENTATION_CONTEXT(3)
GLOBAL_UNCERTAINTY_ASSIGNED_CONTEXT((#5781))
GLOBAL_UNIT_ASSIGNED_CONTEXT((#5802,#5795,#5788))
REPRESENTATION_CONTEXT('id14','TOP_LEVEL_ASSEMBLY_PART')
);
#5775=(
GEOMETRIC_REPRESENTATION_CONTEXT(3)
GLOBAL_UNCERTAINTY_ASSIGNED_CONTEXT((#5782))
GLOBAL_UNIT_ASSIGNED_CONTEXT((#5803,#5796,#5789))
REPRESENTATION_CONTEXT('id17','TOP_LEVEL_ASSEMBLY_PART')
);
#5776=(
GEOMETRIC_REPRESENTATION_CONTEXT(3)
GLOBAL_UNCERTAINTY_ASSIGNED_CONTEXT((#5783))
GLOBAL_UNIT_ASSIGNED_CONTEXT((#5804,#5797,#5790))
REPRESENTATION_CONTEXT('id20','TOP_LEVEL_ASSEMBLY_PART')
);
#5777=UNCERTAINTY_MEASURE_WITH_UNIT(LENGTH_MEASURE(5.E-6),#5798,
'DISTANCE_ACCURACY_VALUE','Maximum Tolerance applied to model');
#5778=UNCERTAINTY_MEASURE_WITH_UNIT(LENGTH_MEASURE(5.E-6),#5799,
'DISTANCE_ACCURACY_VALUE','Maximum Tolerance applied to model');
#5779=UNCERTAINTY_MEASURE_WITH_UNIT(LENGTH_MEASURE(5.E-6),#5800,
'DISTANCE_ACCURACY_VALUE','Maximum Tolerance applied to model');
#5780=UNCERTAINTY_MEASURE_WITH_UNIT(LENGTH_MEASURE(5.E-6),#5801,
'DISTANCE_ACCURACY_VALUE','Maximum Tolerance applied to model');
#5781=UNCERTAINTY_MEASURE_WITH_UNIT(LENGTH_MEASURE(5.E-6),#5802,
'DISTANCE_ACCURACY_VALUE','Maximum Tolerance applied to model');
#5782=UNCERTAINTY_MEASURE_WITH_UNIT(LENGTH_MEASURE(5.E-6),#5803,
'DISTANCE_ACCURACY_VALUE','Maximum Tolerance applied to model');
#5783=UNCERTAINTY_MEASURE_WITH_UNIT(LENGTH_MEASURE(5.E-6),#5804,
'DISTANCE_ACCURACY_VALUE','Maximum Tolerance applied to model');
#5784=(
NAMED_UNIT(*)
SI_UNIT($,.STERADIAN.)
SOLID_ANGLE_UNIT()
);
#5785=(
NAMED_UNIT(*)
SI_UNIT($,.STERADIAN.)
SOLID_ANGLE_UNIT()
);
#5786=(
NAMED_UNIT(*)
SI_UNIT($,.STERADIAN.)
SOLID_ANGLE_UNIT()
);
#5787=(
NAMED_UNIT(*)
SI_UNIT($,.STERADIAN.)
SOLID_ANGLE_UNIT()
);
#5788=(
NAMED_UNIT(*)
SI_UNIT($,.STERADIAN.)
SOLID_ANGLE_UNIT()
);
#5789=(
NAMED_UNIT(*)
SI_UNIT($,.STERADIAN.)
SOLID_ANGLE_UNIT()
);
#5790=(
NAMED_UNIT(*)
SI_UNIT($,.STERADIAN.)
SOLID_ANGLE_UNIT()
);
#5791=(
NAMED_UNIT(*)
PLANE_ANGLE_UNIT()
SI_UNIT($,.RADIAN.)
);
#5792=(
NAMED_UNIT(*)
PLANE_ANGLE_UNIT()
SI_UNIT($,.RADIAN.)
);
#5793=(
NAMED_UNIT(*)
PLANE_ANGLE_UNIT()
SI_UNIT($,.RADIAN.)
);
#5794=(
NAMED_UNIT(*)
PLANE_ANGLE_UNIT()
SI_UNIT($,.RADIAN.)
);
#5795=(
NAMED_UNIT(*)
PLANE_ANGLE_UNIT()
SI_UNIT($,.RADIAN.)
);
#5796=(
NAMED_UNIT(*)
PLANE_ANGLE_UNIT()
SI_UNIT($,.RADIAN.)
);
#5797=(
NAMED_UNIT(*)
PLANE_ANGLE_UNIT()
SI_UNIT($,.RADIAN.)
);
#5798=(
LENGTH_UNIT()
NAMED_UNIT(*)
SI_UNIT($,.METRE.)
);
#5799=(
LENGTH_UNIT()
NAMED_UNIT(*)
SI_UNIT($,.METRE.)
);
#5800=(
LENGTH_UNIT()
NAMED_UNIT(*)
SI_UNIT($,.METRE.)
);
#5801=(
LENGTH_UNIT()
NAMED_UNIT(*)
SI_UNIT($,.METRE.)
);
#5802=(
LENGTH_UNIT()
NAMED_UNIT(*)
SI_UNIT($,.METRE.)
);
#5803=(
LENGTH_UNIT()
NAMED_UNIT(*)
SI_UNIT($,.METRE.)
);
#5804=(
LENGTH_UNIT()
NAMED_UNIT(*)
SI_UNIT($,.METRE.)
);
#5805=PRODUCT_DEFINITION_SHAPE('','',#5812);
#5806=PRODUCT_DEFINITION_SHAPE('','',#5813);
#5807=PRODUCT_DEFINITION_SHAPE('','',#5814);
#5808=PRODUCT_DEFINITION_SHAPE('','',#5815);
#5809=PRODUCT_DEFINITION_SHAPE('','',#5816);
#5810=PRODUCT_DEFINITION_SHAPE('','',#5817);
#5811=PRODUCT_DEFINITION_SHAPE('','',#5818);
#5812=PRODUCT_DEFINITION('','',#5826,#5819);
#5813=PRODUCT_DEFINITION('','',#5827,#5820);
#5814=PRODUCT_DEFINITION('','',#5828,#5821);
#5815=PRODUCT_DEFINITION('','',#5829,#5822);
#5816=PRODUCT_DEFINITION('','',#5830,#5823);
#5817=PRODUCT_DEFINITION('','',#5831,#5824);
#5818=PRODUCT_DEFINITION('','',#5832,#5825);
#5819=DESIGN_CONTEXT('',#5868,'design');
#5820=DESIGN_CONTEXT('',#5869,'design');
#5821=DESIGN_CONTEXT('',#5870,'design');
#5822=DESIGN_CONTEXT('',#5871,'design');
#5823=DESIGN_CONTEXT('',#5872,'design');
#5824=DESIGN_CONTEXT('',#5873,'design');
#5825=DESIGN_CONTEXT('',#5874,'design');
#5826=PRODUCT_DEFINITION_FORMATION_WITH_SPECIFIED_SOURCE('','',#5840,
 .NOT_KNOWN.);
#5827=PRODUCT_DEFINITION_FORMATION_WITH_SPECIFIED_SOURCE('','',#5841,
 .NOT_KNOWN.);
#5828=PRODUCT_DEFINITION_FORMATION_WITH_SPECIFIED_SOURCE('','',#5842,
 .NOT_KNOWN.);
#5829=PRODUCT_DEFINITION_FORMATION_WITH_SPECIFIED_SOURCE('','',#5843,
 .NOT_KNOWN.);
#5830=PRODUCT_DEFINITION_FORMATION_WITH_SPECIFIED_SOURCE('','',#5844,
 .NOT_KNOWN.);
#5831=PRODUCT_DEFINITION_FORMATION_WITH_SPECIFIED_SOURCE('','',#5845,
 .NOT_KNOWN.);
#5832=PRODUCT_DEFINITION_FORMATION_WITH_SPECIFIED_SOURCE('','',#5846,
 .NOT_KNOWN.);
#5833=PRODUCT_RELATED_PRODUCT_CATEGORY('','',(#5840));
#5834=PRODUCT_RELATED_PRODUCT_CATEGORY('','',(#5841));
#5835=PRODUCT_RELATED_PRODUCT_CATEGORY('','',(#5842));
#5836=PRODUCT_RELATED_PRODUCT_CATEGORY('','',(#5843));
#5837=PRODUCT_RELATED_PRODUCT_CATEGORY('','',(#5844));
#5838=PRODUCT_RELATED_PRODUCT_CATEGORY('','',(#5845));
#5839=PRODUCT_RELATED_PRODUCT_CATEGORY('','',(#5846));
#5840=PRODUCT('id2','id2','id2',(#5854));
#5841=PRODUCT('id5','id5','id5',(#5855));
#5842=PRODUCT('id8','id8','id8',(#5856));
#5843=PRODUCT('id11','id11','id11',(#5857));
#5844=PRODUCT('id14','id14','id14',(#5858));
#5845=PRODUCT('id17','id17','id17',(#5859));
#5846=PRODUCT('id20','id20','id20',(#5860));
#5847=PRODUCT_CATEGORY('','');
#5848=PRODUCT_CATEGORY('','');
#5849=PRODUCT_CATEGORY('','');
#5850=PRODUCT_CATEGORY('','');
#5851=PRODUCT_CATEGORY('','');
#5852=PRODUCT_CATEGORY('','');
#5853=PRODUCT_CATEGORY('','');
#5854=MECHANICAL_CONTEXT('',#5868,'mechanical');
#5855=MECHANICAL_CONTEXT('',#5869,'mechanical');
#5856=MECHANICAL_CONTEXT('',#5870,'mechanical');
#5857=MECHANICAL_CONTEXT('',#5871,'mechanical');
#5858=MECHANICAL_CONTEXT('',#5872,'mechanical');
#5859=MECHANICAL_CONTEXT('',#5873,'mechanical');
#5860=MECHANICAL_CONTEXT('',#5874,'mechanical');
#5861=APPLICATION_PROTOCOL_DEFINITION('international standard',
'config_control_design',2010,#5868);
#5862=APPLICATION_PROTOCOL_DEFINITION('international standard',
'config_control_design',2010,#5869);
#5863=APPLICATION_PROTOCOL_DEFINITION('international standard',
'config_control_design',2010,#5870);
#5864=APPLICATION_PROTOCOL_DEFINITION('international standard',
'config_control_design',2010,#5871);
#5865=APPLICATION_PROTOCOL_DEFINITION('international standard',
'config_control_design',2010,#5872);
#5866=APPLICATION_PROTOCOL_DEFINITION('international standard',
'config_control_design',2010,#5873);
#5867=APPLICATION_PROTOCOL_DEFINITION('international standard',
'config_control_design',2010,#5874);
#5868=APPLICATION_CONTEXT(
'configuration controlled 3D designs of mechanical parts and assemblie
s');
#5869=APPLICATION_CONTEXT(
'configuration controlled 3D designs of mechanical parts and assemblie
s');
#5870=APPLICATION_CONTEXT(
'configuration controlled 3D designs of mechanical parts and assemblie
s');
#5871=APPLICATION_CONTEXT(
'configuration controlled 3D designs of mechanical parts and assemblie
s');
#5872=APPLICATION_CONTEXT(
'configuration controlled 3D designs of mechanical parts and assemblie
s');
#5873=APPLICATION_CONTEXT(
'configuration controlled 3D designs of mechanical parts and assemblie
s');
#5874=APPLICATION_CONTEXT(
'configuration controlled 3D designs of mechanical parts and assemblie
s');
ENDSEC;
END-ISO-10303-21;
